term,category,hot_technology
Microsoft Excel,Spreadsheet software,TRUE
Go,Development environment software,TRUE
Tax,Accounting software,FALSE
R,Object or component oriented development software,TRUE
C,Development environment software,TRUE
Git,File versioning software,TRUE
ADP,Enterprise resource planning ERP software,FALSE
AWK,Development environment software,FALSE
Ada,Development environment software,FALSE
BWA,Analytical or scientific software,FALSE
C#,Object or component oriented development software,TRUE
C++,Object or component oriented development software,TRUE
ERP,Enterprise resource planning ERP software,FALSE
Eko,Desktop communications software,FALSE
HMS,Medical software,FALSE
KMR,Analytical or scientific software,FALSE
Lua,Object or component oriented development software,FALSE
Nvu,Web page creation and editing software,FALSE
PHP,Web platform development software,TRUE
QNX,Operating system software,FALSE
RSS,Web platform development software,FALSE
SAP,Enterprise resource planning ERP software,TRUE
SAS,Analytical or scientific software,TRUE
WAM,Compliance software,FALSE
eXe,Web page creation and editing software,FALSE
sK1,Graphics or photo imaging software,FALSE
xv,Graphics or photo imaging software,FALSE
Analytical,Analytical or scientific software,FALSE
Google Analytics,Data mining software,TRUE
Epic,Medical software,TRUE
Dental,Medical software,FALSE
Social media,Web page creation and editing software,FALSE
TikTok,Video creation and editing software,TRUE
Adobe Analytics,Analytical or scientific software,FALSE
Legal,Expert system software,FALSE
Modeling,Analytical or scientific software,FALSE
Python,Object or component oriented development software,TRUE
Data analysis,Analytical or scientific software,FALSE
Database,Data base user interface and query software,FALSE
LinkedIn,Web page creation and editing software,FALSE
Pinterest,Information retrieval or search software,FALSE
PayPal,Point of sale POS software,FALSE
Data visualization,Analytical or scientific software,FALSE
Google Ads,Sales and marketing software,FALSE
Pricing,Financial analysis software,FALSE
Sales,Point of sale POS software,FALSE
Shipping,Materials requirements planning logistics and supply chain software,FALSE
Auditing,Financial analysis software,FALSE
Automated,Industrial control software,FALSE
Budgeting,Accounting software,FALSE
Deployment,Configuration management software,FALSE
Figma,Graphical user interface development software,TRUE
Google Slides,Presentation software,FALSE
LangChain,Object or component oriented development software,FALSE
Node.js,Web platform development software,TRUE
Troubleshooting,Analytical or scientific software,FALSE
Workflow,Content workflow software,FALSE
Zoom,Video conferencing software,TRUE
Addressing,Word processing software,FALSE
Ansible,Expert system software,TRUE
Conversion,Analytical or scientific software,FALSE
Docker,Application server software,TRUE
Google Sheets,Spreadsheet software,TRUE
Inventory,Inventory management software,FALSE
JavaScript,Web platform development software,TRUE
Kubernetes,Application server software,TRUE
Programming languages,Development environment software,FALSE
React,Web platform development software,TRUE
Scheduling,Calendar and scheduling software,FALSE
Tableau,Business intelligence and data analysis software,TRUE
YouTube,Video creation and editing software,FALSE
BigQuery,Data base user interface and query software,FALSE
Chat,Network conferencing software,FALSE
Debugging,Program testing software,FALSE
Kotlin,Development environment software,FALSE
Microsoft PowerPoint,Presentation software,TRUE
MongoDB,Data base management system software,TRUE
MySQL,Data base user interface and query software,TRUE
Redis,Data base management system software,TRUE
Semrush,Web platform development software,FALSE
Software development,Development environment software,FALSE
Statistical,Analytical or scientific software,FALSE
Statistics,Analytical or scientific software,FALSE
Survey,Analytical or scientific software,FALSE
Verification,Analytical or scientific software,FALSE
Version control,File versioning software,FALSE
Adobe After Effects,Video creation and editing software,TRUE
Adobe Creative Cloud,Graphics or photo imaging software,TRUE
Adobe XD,Graphics or photo imaging software,FALSE
Airtable,Data base user interface and query software,FALSE
Algorithmic,Analytical or scientific software,FALSE
Amazon Redshift,Data base user interface and query software,TRUE
Animation,Video creation and editing software,FALSE
Apache Spark,Business intelligence and data analysis software,TRUE
Application management,Configuration management software,FALSE
Asana,Cloud-based data access and sharing software,TRUE
Billing,Billing and invoicing software,FALSE
Business intelligence,Business intelligence and data analysis software,FALSE
Calendar,Calendar and scheduling software,FALSE
Calibration,Analytical or scientific software,FALSE
Capacity planning,Requirements analysis and system architecture software,FALSE
Chef,Configuration management software,TRUE
Data warehousing,Document management software,FALSE
Django,Web platform development software,TRUE
Drafting,Map creation software,FALSE
Editing,Word processing software,FALSE
Email,Electronic mail software,FALSE
Flask,Development environment software,FALSE
GitHub,Application server software,TRUE
Google Workspace,Office suite software,TRUE
Graphics,Graphics or photo imaging software,FALSE
Instagram,Instant messaging software,FALSE
Microsoft Office,Office suite software,TRUE
Mobile application,Mobile operator specific application software,FALSE
Motion graphics,Graphics or photo imaging software,FALSE
Podcasting,Web page creation and editing software,FALSE
PostgreSQL,Object oriented data base management software,TRUE
Productivity,Project management software,FALSE
Prometheus,Data base user interface and query software,TRUE
Puppet,Configuration management software,TRUE
Quantitative analysis,Analytical or scientific software,FALSE
RESTful API,Web platform development software,FALSE
Resource management,Mobile location based services software,FALSE
Resource planning,Enterprise resource planning ERP software,FALSE
Snapchat,Instant messaging software,FALSE
Snowflake,Data mining software,TRUE
Statistical analysis,Analytical or scientific software,FALSE
Supply,Inventory management software,FALSE
Swift,Object or component oriented development software,TRUE
!Trak-it Solutions !Trak-it HR,Human resources software,FALSE
100 Plus Hatch Pattern Library,Pattern design software,FALSE
1003 Uniform Residential Loan Application,Financial analysis software,FALSE
1099 ProsSoftware,Tax preparation software,FALSE
1CadCam Unigraphics,Computer aided manufacturing CAM software,FALSE
1ST Pricing Window & Door Toolkit,Procurement software,FALSE
20-20 Technologies 20-20 Design,Computer aided design CAD software,FALSE
24SevenOffice Project,Project management software,FALSE
2AB iLock Security Services,Access software,FALSE
360 Analytics eQUEST,Analytical or scientific software,FALSE
3D Nature LLC Visual Nature Studio,Computer aided design CAD software,FALSE
3D Nature LLC World Construction Set,Computer aided design CAD software,FALSE
3D Printing,Computer aided design CAD software,FALSE
3D Static Strength Prediction Program 3DSSPP,Analytical or scientific software,FALSE
3D Systems Geomagic Design X,Computer aided design CAD software,FALSE
3D Systems GibbsCAM,Computer aided manufacturing CAM software,FALSE
3D graphic design,Graphics or photo imaging software,FALSE
3D graphics,Graphics or photo imaging software,FALSE
3D motion analysis,Analytical or scientific software,FALSE
3D urban simulation modeling,Computer aided design CAD software,FALSE
3DGrid HIPAA Checkup,Compliance software,FALSE
3M Electronic Monitoring,Data base user interface and query software,FALSE
3M Encoder,Categorization or classification software,FALSE
3M Post-it App,Word processing software,FALSE
3PL Central,Materials requirements planning logistics and supply chain software,FALSE
3dMapper,Analytical or scientific software,FALSE
4n6xprt Systems StiffCalcs,Computer aided design CAD software,FALSE
5AM Glassbox Translational Research,Data base user interface and query software,FALSE
80-20 Software Leaders4,Compliance software,FALSE
911 system information databases,Data base user interface and query software,FALSE
@Road GeoManager,Materials requirements planning logistics and supply chain software,FALSE
A Large Outdoor Fire plume Trajectory model Flat Terrain ALOFT-FT,Analytical or scientific software,FALSE
A mathematical programming language AMPL,Analytical or scientific software,FALSE
A programming language APL,Development environment software,FALSE
A&D Technology iTest,Analytical or scientific software,FALSE
A-Systems JobView,Accounting software,FALSE
A-T Solutions Easy Street Draw,Graphics or photo imaging software,FALSE
A1-Law,Data base user interface and query software,FALSE
AABACH Graphic Systems DIGRA,Industrial control software,FALSE
AASoftTech Web Organization Chart,Charting software,FALSE
ABB CPM4Metals,Materials requirements planning logistics and supply chain software,FALSE
ABB MicroSCADA Pro DMS,Industrial control software,FALSE
ABB MicroSCADA Pro SYS,Industrial control software,FALSE
ABB Optimize IT Predict & Control,Facilities management software,FALSE
ABB PSGuard,Industrial control software,FALSE
ABB Production Planning,Materials requirements planning logistics and supply chain software,FALSE
ABB RobotStudio,Development environment software,FALSE
ABC Compiler,Development environment software,FALSE
ABC programming language,Development environment software,FALSE
ABC: the AspectBench Compiler for AspectJ,Object or component oriented development software,FALSE
ABELSoft ABELDent,Medical software,FALSE
ABOL Manifest,Label making software,FALSE
ACCA Manual J,Analytical or scientific software,FALSE
ACCUCert,Compliance software,FALSE
ACD Systems Canvas,Graphics or photo imaging software,FALSE
ACE Dental,Medical software,FALSE
ACI Appraiser's Choice,Desktop publishing software,FALSE
ACI TaskTracker,Project management software,FALSE
ACL Analytics,Financial analysis software,FALSE
ACL Audit Exchange,Analytical or scientific software,FALSE
ACL Business Assurance Analytics,Financial analysis software,FALSE
ACMS Casewatch Millenium,Medical software,FALSE
ACOM Solutions RAPID EMR,Medical software,FALSE
ACS Technologies ACS Financial Suite,Accounting software,FALSE
ACS Technologies HeadMaster,Enterprise resource planning ERP software,FALSE
ACT Contractors Forms,Information retrieval or search software,FALSE
ACT Discover,Data base user interface and query software,FALSE
ACT WorkKeys,Analytical or scientific software,FALSE
ACT! ACT4Advisors,Customer relationship management CRM software,FALSE
ACT! Premium,Customer relationship management CRM software,FALSE
AD OPT Altitude,Calendar and scheduling software,FALSE
ADAPT-Modeler,Analytical or scientific software,FALSE
ADC Legal Systems Perfect Practice,Data base user interface and query software,FALSE
"ADERANT Expert Back Office, Powered by Keystone",Enterprise resource planning ERP software,FALSE
ADERANT Expert Matter Center,Data base user interface and query software,FALSE
ADInstruments LabChart,Medical software,FALSE
ADL Data Systems OptimumClinicals Electronic Health Record,Medical software,FALSE
ADMS pollution modeling,Analytical or scientific software,FALSE
ADO.NET,Data base user interface and query software,FALSE
ADP Drive DMS for Accounting,Accounting software,FALSE
ADP Employease,Human resources software,FALSE
ADP Enterprise HR,Human resources software,FALSE
ADP Enterprise eTIME,Time accounting software,FALSE
ADP HR/Benefits Solution,Human resources software,FALSE
ADP HR/Profile,Human resources software,FALSE
ADP PC/Payroll,Time accounting software,FALSE
ADP Pay eXpert,Time accounting software,FALSE
ADP Super Report Writer,Data base reporting software,FALSE
ADP Workforce Now,Human resources software,FALSE
ADP eTIME,Time accounting software,FALSE
ADP ezLaborManager,Time accounting software,FALSE
ADP/Vantra VOLTS,Desktop communications software,FALSE
ADS Advantage,Customer relationship management CRM software,FALSE
ADi SmartBOL,Materials requirements planning logistics and supply chain software,FALSE
AEC Design Group CADPIPE,Computer aided design CAD software,FALSE
AEC Software FastTrack Schedule,Project management software,FALSE
AEMC DataView,Analytical or scientific software,FALSE
AERONET calculator,Analytical or scientific software,FALSE
AES MailSTAR,Materials requirements planning logistics and supply chain software,FALSE
AESDirect,Data base user interface and query software,FALSE
AFEXDirect,Point of sale POS software,FALSE
AGCO Advanced Technology Solutions Fieldstar,Industrial control software,FALSE
AGCO GTA Software Suite,Analytical or scientific software,FALSE
AIGHD OASIS,Medical software,FALSE
AIQ Systems TradingExpert Pro,Financial analysis software,FALSE
AIRMaster+,Analytical or scientific software,FALSE
AJAX,Web platform development software,TRUE
ALK Technologies FleetSuite,Route navigation software,FALSE
ALK Technologies PC*Miler,Route navigation software,FALSE
AMCS Platform,Analytical or scientific software,FALSE
AMG Teleran SalesInSync,Customer relationship management CRM software,FALSE
AMPL,Analytical or scientific software,FALSE
AMS REALTIME Projects,Project management software,FALSE
AMS Services AMS 360,Enterprise resource planning ERP software,FALSE
AMS Services AMS Sagitta,Enterprise resource planning ERP software,FALSE
AMTdirect,Data base user interface and query software,FALSE
ANCA ToolRoom,Computer aided manufacturing CAM software,FALSE
ANISN dose assessment computer code,Analytical or scientific software,FALSE
ANSYS AQWA,Analytical or scientific software,FALSE
ANSYS ASAS,Analytical or scientific software,FALSE
ANSYS LS-DYNA,Analytical or scientific software,FALSE
ANSYS Mechanical,Analytical or scientific software,FALSE
ANSYS Multiphysics,Analytical or scientific software,FALSE
ANSYS simulation,Analytical or scientific software,FALSE
AOL MapQuest,Map creation software,FALSE
AP ENPS,Video creation and editing software,FALSE
API Healthcare ActiveStaffer,Calendar and scheduling software,FALSE
API Navigator,Human resources software,FALSE
APLAC,Analytical or scientific software,FALSE
APPCA Personal Chef Office,Data base user interface and query software,FALSE
ARC Logics Sword,Compliance software,FALSE
ARCOM Masterspec,Data base user interface and query software,FALSE
ARES Corporation PRISM Project Estimator,Financial analysis software,FALSE
ARK Software Ark Shelter,Data base user interface and query software,FALSE
ARMON Technologies XLActuary,Financial analysis software,FALSE
ARSoftware WinSMAC,Computer aided design CAD software,FALSE
ARfit,Analytical or scientific software,FALSE
AS Software AS-OBGYN,Medical software,FALSE
AS/400 Database,Data base user interface and query software,FALSE
ASG Technologies ASG-Zeke,Data base reporting software,FALSE
ASI Client Acquisition Solution,Financial analysis software,FALSE
ASI DATAMYTE GageMetrics,Industrial control software,FALSE
ASI DATAMYTE QDA,Industrial control software,FALSE
ASI FrontDesk,Facilities management software,FALSE
ASI Point of Sale,Point of sale POS software,FALSE
ASIDATAMYTE DataMetrics,Industrial control software,FALSE
ASL HR Director,Human resources software,FALSE
ASPEN,Data base user interface and query software,FALSE
ASPEN PLUS,Analytical or scientific software,FALSE
ASR Software LWC-Plus,Computer aided design CAD software,FALSE
ASR Software Taper-Plus,Computer aided design CAD software,FALSE
ASR Software TopView LE,Computer aided design CAD software,FALSE
ASR Software TopView ME,Computer aided design CAD software,FALSE
ASSET JTAG ScanWorks,Analytical or scientific software,FALSE
AST Staff Matrix,Human resources software,FALSE
AT&T Troff,Desktop publishing software,FALSE
ATD protocol,WAN switching software and firmware,FALSE
ATLAS.ti,Analytical or scientific software,FALSE
ATMS StockTrack PLUS,Inventory management software,FALSE
ATX Total Accounting Office,Accounting software,FALSE
ATX Total Engagement Office,Accounting software,FALSE
ATX Total Tax Office,Tax preparation software,FALSE
AUDIT-C,Medical software,FALSE
AVEVA InTouch HMI,Industrial control software,FALSE
AVL AVL CRUISE,Analytical or scientific software,FALSE
AWS Elastic MapReduce (EMR),Business intelligence and data analysis software,FALSE
AZZ CardFile,Data base user interface and query software,FALSE
Ab Initio,Enterprise resource planning ERP software,FALSE
Abacus Data Solutions HearWare,Medical software,FALSE
Abacus Data Systems AbacusLaw,Data base user interface and query software,FALSE
Abacus Tax,Tax preparation software,FALSE
AbacusNext HotDocs,Document management software,FALSE
Abbott,Program testing software,FALSE
Abbott Informatics STARLIMS:LIMS,Analytical or scientific software,FALSE
AbbottSoft QuickFix,Data base user interface and query software,FALSE
Abilis CORIS Offender Management,Data base user interface and query software,FALSE
Ability Photopaint,Graphics or photo imaging software,FALSE
Abraxas Energy Consulting Metrix,Data base user interface and query software,FALSE
Absorption process simulation,Analytical or scientific software,FALSE
Abstraction plus reference plus synthesis A++,Development environment software,FALSE
AcaClone pDRAW32,Analytical or scientific software,FALSE
AcaStat,Analytical or scientific software,FALSE
Academic educational,Computer based training software,FALSE
Acarda CallAssist,Expert system software,FALSE
Acarda ForbiddenCalls,Data base user interface and query software,FALSE
Acarda Sales Technologies Acarda Outbound,Helpdesk or call center software,FALSE
Accela KIVA DMS,Enterprise resource planning ERP software,FALSE
Accela PERMITS Plus,Compliance software,FALSE
Accela Tidemark Advantage,Compliance software,FALSE
Accelerated life testing,Analytical or scientific software,FALSE
Accellos Real Dispatch,Mobile location based services software,FALSE
Accelrys Cerius2,Analytical or scientific software,FALSE
Accelrys DeCipher,Analytical or scientific software,FALSE
Accelrys FELIX,Analytical or scientific software,FALSE
Accelrys Insight II,Computer aided design CAD software,FALSE
Accelrys Materials Studio,Analytical or scientific software,FALSE
Accelrys Pipeline Pilot,Analytical or scientific software,FALSE
Accelrys QAUNTA,Analytical or scientific software,FALSE
Access Software AIRPAX,Facilities management software,FALSE
Access management,Access software,FALSE
AccessData FTK,Network monitoring software,FALSE
Acclaim Legal Acclaim DepoManage,Data base user interface and query software,FALSE
Account management,Accounting software,FALSE
AccountMate Software AccountMate,Accounting software,FALSE
Accountants Templates JAZZ-It!,Enterprise resource planning ERP software,FALSE
AccountantsWorld Payroll Relief,Accounting software,FALSE
Accounting compliance,Compliance software,FALSE
Accounting fraud detection,Financial analysis software,FALSE
Accounts payable,Accounting software,FALSE
Accounts receivable,Accounting software,FALSE
Accounts receivables,Accounting software,FALSE
Accra Med Software Filopto,Medical software,FALSE
AccuWeather Galileo,Graphics or photo imaging software,FALSE
Accuity EPICWare,Financial analysis software,FALSE
Acculaw Court Reporters Billing Scheduling Job Management System ABSMS,Enterprise resource planning ERP software,FALSE
Accurate NXG,Accounting software,FALSE
Accuship Star,Materials requirements planning logistics and supply chain software,FALSE
Accutech Systems Corporation AccuFarm-MGR,Enterprise resource planning ERP software,FALSE
Accvision ABMIS,Inventory management software,FALSE
AceTools.biz Ace Translator,Foreign language software,FALSE
AcmeStudio,Requirements analysis and system architecture software,FALSE
AcornSystems Corporate Performance Management,Enterprise resource planning ERP software,FALSE
AcorynSystems Activity Based Costing/Management ABC/M,Accounting software,FALSE
Acoustica Mixcraft,Music or sound editing software,FALSE
Acrendo A.I.med,Medical software,FALSE
Acrendo Medical Software Family Practice EMR,Medical software,FALSE
Acrendo Medical Software Ob/Gyn EMR,Medical software,FALSE
Acresso InstallAnywhere,Object or component oriented development software,FALSE
Acronis Recovery Expert,Backup or archival software,FALSE
Act!,Customer relationship management CRM software,FALSE
Act-3D Quest3D,Video creation and editing software,FALSE
Actano Rplan,Project management software,FALSE
Actimize Brokerage Compliance Solutions,Compliance software,FALSE
ActionWare,Customer relationship management CRM software,FALSE
Activant Solutions Activant Prophet 21,Accounting software,FALSE
Active Data Online WebChat,Network conferencing software,FALSE
Active Network EventRegister,Project management software,FALSE
Active directory,Internet directory services software,FALSE
Actsoft Comet Tracker,Data base user interface and query software,FALSE
Actuarial Systems Corporation AIM,Human resources software,FALSE
Actuarial Systems Corporation Compliance Testing,Human resources software,FALSE
Actuarial Systems Corporation DV Direct,Human resources software,FALSE
Actuarial Systems Corporation Defined Benefit,Human resources software,FALSE
Actuarial Systems Corporation Document Generation and Management,Document management software,FALSE
Actuate BIRT,Business intelligence and data analysis software,FALSE
Actuate DocBook,Web page creation and editing software,FALSE
Actuate Eclipse BIRT,Data base reporting software,FALSE
AcuPartner Professional,Medical software,FALSE
AcuStaf,Calendar and scheduling software,FALSE
AcuityPro,Medical software,FALSE
AdRelevance,Data base reporting software,FALSE
AdSense Tracker,Data base user interface and query software,FALSE
AdTrack Customer Acquisition Management CAM,Customer relationship management CRM software,FALSE
Adapt It,Foreign language software,FALSE
AdaptaSoft CyberPay,Accounting software,FALSE
Adaptive Metadata Manager,Metadata management software,FALSE
Adaptive Planning,Enterprise resource planning ERP software,FALSE
Adaptive conjoint analysis ACA,Analytical or scientific software,FALSE
Adaptive optics AO simulation,Analytical or scientific software,FALSE
Addison Health Systems WritePad EHR,Medical software,FALSE
Address Management System AMS,Data base user interface and query software,FALSE
Ademero Content Central,Document management software,FALSE
Adept Scientific GRAMS,Analytical or scientific software,FALSE
Adeptia ETL Suite,Development environment software,FALSE
Aderant CompuLaw,Calendar and scheduling software,FALSE
Aderant legal,Expert system software,FALSE
Adexa Supply Chain Planning,Materials requirements planning logistics and supply chain software,FALSE
Adexa eGPS Suite,Enterprise resource planning ERP software,FALSE
Adlib Express,Document management software,FALSE
Adlib Information Systems Adlib Archive,Data base user interface and query software,FALSE
"Admissions, discharge, and transfer ADT",Medical software,FALSE
Adobe AIR,Development environment software,FALSE
Adobe Acrobat,Document management software,TRUE
Adobe Acrobat Pro Extended,Document management software,FALSE
Adobe Acrobat Reader,Document management software,FALSE
Adobe Acrobat Writer,Word processing software,FALSE
Adobe ActionScript,Object or component oriented development software,FALSE
Adobe Audition,Music or sound editing software,FALSE
Adobe Authorware,Computer based training software,FALSE
Adobe Captivate,Computer based training software,FALSE
Adobe ColdFusion,Web platform development software,FALSE
Adobe Connect,Network conferencing software,FALSE
Adobe Contribute,Web page creation and editing software,FALSE
Adobe Director,Video creation and editing software,FALSE
Adobe Distiller,Desktop publishing software,FALSE
Adobe Dreamweaver,Web page creation and editing software,FALSE
Adobe Experience Manager (AEM),Web page creation and editing software,FALSE
Adobe Flex,Web platform development software,FALSE
Adobe FrameMaker,Desktop publishing software,FALSE
Adobe FreeHand MX,Graphics or photo imaging software,FALSE
Adobe Human Capital Application Solution Accelerator,Human resources software,FALSE
Adobe Illustrator,Graphics or photo imaging software,TRUE
Adobe ImageReady,Graphics or photo imaging software,FALSE
Adobe InCopy,Word processing software,FALSE
Adobe InDesign,Desktop publishing software,TRUE
Adobe LifeCycle ES,Document management software,FALSE
Adobe LifeCycle Enterprise Suite,Document management software,FALSE
Adobe LifeCycle Production Print ES3,Document management software,FALSE
Adobe LiveMotion,Graphics or photo imaging software,FALSE
Adobe Macromedia HomeSite,Web page creation and editing software,FALSE
Adobe PageMaker,Desktop publishing software,FALSE
Adobe Persuasion,Presentation software,FALSE
Adobe Photoshop,Graphics or photo imaging software,TRUE
Adobe Photoshop Lightroom,Graphics or photo imaging software,FALSE
Adobe PostScript,Development environment software,FALSE
Adobe Premiere Pro,Video creation and editing software,FALSE
Adobe Presenter,Presentation software,FALSE
Adobe RoboHelp,Graphical user interface development software,FALSE
Adobe eLearning Suite,Computer based training software,FALSE
Adstra Systems ADSTRA Management,Medical software,FALSE
Adtec Agency Manager,Customer relationship management CRM software,FALSE
Advance Ortho Systems Program Director,Medical software,FALSE
Advanced Chemistry Development ACD/1D nuclear magnetic resonance NMR processor,Analytical or scientific software,FALSE
Advanced Chemistry Development Analytical Laboratory,Analytical or scientific software,FALSE
Advanced Data Systems MedicsDocAssistant for Pediatrics,Medical software,FALSE
Advanced Data Systems MedicsRis,Medical software,FALSE
Advanced Dimensional Management 3D-GD&T,Analytical or scientific software,FALSE
Advanced Graphics Technology ProCogo,Map creation software,FALSE
Advanced Logic Technology WellCAD,Computer aided design CAD software,FALSE
Advanced Management Systems Software for Wineries,Enterprise resource planning ERP software,FALSE
Advanced Micro Systems 1099-Etc,Tax preparation software,FALSE
Advanced Portfolio Technologies Report Builder,Financial analysis software,FALSE
Advanced Portfolio Technologies Simulator,Financial analysis software,FALSE
Advanced Processing and Imaging OptiView ECM,Document management software,FALSE
Advanced Retail Management Systems Retail Pro,Point of sale POS software,FALSE
Advanced Technologies Class Act,Project management software,FALSE
Advanced Veterinary Services Ranch Vision,Enterprise resource planning ERP software,FALSE
Advanced Visual Systems AVS/Express,Graphics or photo imaging software,FALSE
Advanced boolean expression language ABEL,Development environment software,FALSE
Advanced business application programming ABAP,Object or component oriented development software,FALSE
Advanced computer simulation language ACSL,Development environment software,FALSE
Advanced numerical,Analytical or scientific software,FALSE
Advanced technologies and oceanic procedures ATOP,Expert system software,FALSE
Advantage Information Systems The Agency Advantage,Enterprise resource planning ERP software,FALSE
Advantage Signature Marketing Group Web Master,Customer relationship management CRM software,FALSE
Advantage Software Chiropractic Advantage,Medical software,FALSE
Advantage Software Physical Therapy Advantage,Medical software,FALSE
Advantage Software Podiatry Advantage,Medical software,FALSE
Advantage Software Psych Advantage,Medical software,FALSE
Advantage Software Total Eclipse,Word processing software,FALSE
AdvantageLaw WinVantage,Data base user interface and query software,FALSE
Advantos Systems DataTrust Enterprise,Data base user interface and query software,FALSE
Advent Axys,Financial analysis software,FALSE
AdviceAmerica AdvisorVision,Financial analysis software,FALSE
Advisory World ICE,Financial analysis software,FALSE
"Adxstudio, for Microsoft",Content workflow software,FALSE
AeroHydro MultiSurf,Computer aided design CAD software,FALSE
AeroPlanner,Information retrieval or search software,FALSE
Aeronautical charts,Charting software,FALSE
Aerotriangulation adjustment,Map creation software,FALSE
Aestiva Employee Time Clock,Time accounting software,FALSE
Aestiva Purchase Order,Procurement software,FALSE
AetherPalm InfusiCalc,Medical software,FALSE
Afcom Datasafe Computer Services FlexiBake,Enterprise resource planning ERP software,FALSE
Affiliated Computer Services ACS FIREHOUSE,Data base user interface and query software,FALSE
After the Deadline,Word processing software,FALSE
Ag Connections Land.db,Data base user interface and query software,FALSE
Ag Leader Technology SMS Advanced,Data base user interface and query software,FALSE
AgData Blue Skies Accounting,Accounting software,FALSE
AgInfoLink Meat Inventory Tracking System MITS,Inventory management software,FALSE
AgTerra Technologies AgTrac,Data base user interface and query software,FALSE
Age progression,Analytical or scientific software,FALSE
Agency Management Systems AMS 360,Document management software,FALSE
Agency Master,Enterprise resource planning ERP software,FALSE
Agency Software AgencyPro,Enterprise resource planning ERP software,FALSE
Agency management,Enterprise resource planning ERP software,FALSE
AgencyPro,Data base user interface and query software,FALSE
Agent Business Builder,Customer relationship management CRM software,FALSE
Agevo Farm Manager,Enterprise resource planning ERP software,FALSE
Agile Product Lifecyle Management PLM,Enterprise resource planning ERP software,FALSE
AgileView Software SmartView,Computer based training software,FALSE
Agilent Advanced Design System ADS,Computer aided design CAD software,FALSE
Agilent CGH Analytics,Analytical or scientific software,FALSE
Agilent ChemStation,Analytical or scientific software,FALSE
Agilent Technologies GeneSpring GX,Analytical or scientific software,FALSE
Agiliance Compliance Manager,Compliance software,FALSE
Agisoft Metashape,Analytical or scientific software,FALSE
AgriSoft/CMC AgriSoft/ERP,Enterprise resource planning ERP software,FALSE
Agronomic modeling,Analytical or scientific software,FALSE
Ahrefs Site Explorer,Web platform development software,FALSE
Ai Squared ZoomText,Device drivers or system software,FALSE
Aipotu,Analytical or scientific software,FALSE
Air dispersion modeling,Analytical or scientific software,FALSE
Air quality modeling,Analytical or scientific software,FALSE
Air-Trak Cloudberry,Mobile location based services software,FALSE
AirMagnet Enterprise,Network monitoring software,FALSE
AirSmith FlightPrompt,Data base user interface and query software,FALSE
Aircraft noise monitoring,Data base user interface and query software,FALSE
Aircraft regulation databases,Data base user interface and query software,FALSE
Airdata,Project management software,FALSE
Airline Pilots Daily Aviation Log PPC,Data base user interface and query software,FALSE
Airline global distribution systems GDS,Data base user interface and query software,FALSE
Aknaf ADVANTAGE Salon Software and Spa,Data base user interface and query software,FALSE
Alara CRystalView,Analytical or scientific software,FALSE
Alarm management,Industrial control software,FALSE
Alarm,Facilities management software,FALSE
Alcestis,Data base user interface and query software,FALSE
Alchemy Systems SISTEM,Computer based training software,FALSE
Aldata Warehouse Management,Materials requirements planning logistics and supply chain software,FALSE
Aldelo Systems Aldelo for Restaurants Pro,Point of sale POS software,FALSE
Aldus FreeHand,Graphics or photo imaging software,FALSE
Alert Technologies OpsCenter,Project management software,FALSE
Alerton Ascent Compass,Industrial control software,FALSE
Alfresco Software Alfresco,Document management software,FALSE
Algae,Analytical or scientific software,FALSE
AlgoLab Raster to Vector Conversion Toolkit,Data conversion software,FALSE
Algorithm Compu-Ceph,Medical software,FALSE
Algorithmic language ALGOL,Development environment software,FALSE
Alias Wavefront Design Studio,Computer aided design CAD software,FALSE
Alibre Design,Computer aided design CAD software,FALSE
Aline GRC,Compliance software,FALSE
Aljex Inventory,Inventory management software,FALSE
AllNetic Working Time Tracker,Human resources software,FALSE
Allaire ColdFusion,Web platform development software,FALSE
Allegro Landmark,Map creation software,FALSE
Allen Bradley PanelView,Industrial control software,FALSE
Allergenic diet,Analytical or scientific software,FALSE
Alliance Automotive Shop Controller,Facilities management software,FALSE
Allied Financial Software Act4Advisors,Customer relationship management CRM software,FALSE
Allscripts Canopy,Medical software,FALSE
Allscripts EHR,Medical software,FALSE
Allscripts PM,Medical software,FALSE
Allscripts Payerpath,Medical software,FALSE
Allscripts Professional EHR,Medical software,FALSE
Allscripts Professional PM,Accounting software,FALSE
Allscripts Sunrise,Medical software,FALSE
Allscripts healthcare automation,Medical software,FALSE
Allstar Software Systems Kofax,Document management software,FALSE
Almaris E-Learning Systems Financial Accounting Tutor,Computer based training software,FALSE
Alpha Four,Data base management system software,FALSE
Alpha Software Alpha Five,Data base user interface and query software,FALSE
AlphaDent,Medical software,FALSE
Alstom ESARAD,Analytical or scientific software,FALSE
Alstom ESATAN,Analytical or scientific software,FALSE
AltaPoint Data Systems AltaPoint Dental,Medical software,FALSE
AltaPoint Data Systems AltaPoint Vision,Medical software,FALSE
Altair Engineering MotionSolve,Analytical or scientific software,FALSE
Alteer Office,Medical software,FALSE
Alteer Premiere,Medical software,FALSE
Altera MAX,Analytical or scientific software,FALSE
Altera Quartus II,Analytical or scientific software,FALSE
Altera hardware description language AHDL,Development environment software,FALSE
Alteryx,Business intelligence and data analysis software,TRUE
Altia Design,Graphical user interface development software,FALSE
Altium Designer,Computer aided design CAD software,FALSE
Altova MapForce,Metadata management software,FALSE
Alua Software Paddock Pro,Data base user interface and query software,FALSE
Amadeus Altea Reservation,Data base user interface and query software,FALSE
Amadeus CRS,Data base user interface and query software,FALSE
Amazing Charts,Medical software,FALSE
Amazon Data Pipeline,Data base management system software,FALSE
Amazon DynamoDB,Data base management system software,TRUE
Amazon Elastic Compute Cloud EC2,Data base user interface and query software,TRUE
Amazon Elastic Container Service ECS,Application server software,FALSE
Amazon Kinesis,Data base management system software,FALSE
Amazon Simple Storage Service S3,Storage networking software,FALSE
Amazon Web Services AWS CloudFormation,Cloud-based management software,TRUE
Amazon Web Services AWS SageMaker,Cloud-based management software,FALSE
Amazon Web Services AWS,Data base user interface and query software,TRUE
Amber Road,Materials requirements planning logistics and supply chain software,FALSE
Ambient Design ArtRage,Graphics or photo imaging software,FALSE
Amcom AUTOS2000,Facilities management software,FALSE
American Association of Critical Care Nurses AACN Medicopeia,Information retrieval or search software,FALSE
American Data Systems PAWS Veterinary Practice Management,Medical software,FALSE
American Glazing Software AGS WindowPricer,Project management software,FALSE
American HealthTech Financial,Accounting software,FALSE
American LegalNet USCourtForms,Information retrieval or search software,FALSE
American Legalnet Smart Dockets,Calendar and scheduling software,FALSE
American Legalnet eDockets,Calendar and scheduling software,FALSE
American Medical Association CodeManager,Categorization or classification software,FALSE
American Medical Billing Software PMA,Billing and invoicing software,FALSE
American National Standards Institute ANSI C,Development environment software,FALSE
American Orthodontics Compu-Ceph,Graphics or photo imaging software,FALSE
American Orthodontics Photo-Eze,Graphics or photo imaging software,FALSE
American Orthotic and Prosthetic Association CodingPro,Medical software,FALSE
American Precision Instruments Regit,Point of sale POS software,FALSE
American Printing House for the Blind Learn Keys,Device drivers or system software,FALSE
American Printing House for the Blind Talking Typer,Computer based training software,FALSE
American Riviera Magtax,Tax preparation software,FALSE
American Sign Language ASL browser,Dictionary software,FALSE
American Sign Language Browser,Data base user interface and query software,FALSE
Amkai AmkaiCharts,Medical software,FALSE
AmoK Translator,Foreign language software,FALSE
Amortization calculation,Accounting software,FALSE
Amortization loan,Financial analysis software,FALSE
Amtec Engineering Tecplot,Graphics or photo imaging software,FALSE
Anacomp CaseLogistix,Document management software,FALSE
Anadigm Designer2 EDA,Analytical or scientific software,FALSE
Analog Devices VisualDSP++,Development environment software,FALSE
Analyse-it,Analytical or scientific software,FALSE
Analysis and Visualization of Time Sequences AVTS,Analytical or scientific software,FALSE
Analysis and building,Analytical or scientific software,FALSE
Analysis of Smoke Control Systems ASCOS,Analytical or scientific software,FALSE
Analytical Graphics STK Expert Edition,Analytical or scientific software,FALSE
AnalyzerXL,Financial analysis software,FALSE
Anand Systems ASI FrontDesk,Facilities management software,FALSE
Anasazi Software Assessment and Treatment Plan,Medical software,FALSE
Anasazi Software Client Data,Medical software,FALSE
Anatomic pathology,Medical software,FALSE
AndersonBell Abstat,Analytical or scientific software,FALSE
Anesthesia machine,Medical software,FALSE
Angoss KnowledgeSEEKER,Data mining software,FALSE
Animal Intelligence Software Animal Intelligence,Medical software,FALSE
Animal Shelter Manager,Data base user interface and query software,FALSE
Aninoquisi MesoTRAC,Analytical or scientific software,FALSE
Anisotropic Crystalline Etch Simulation ACES,Analytical or scientific software,FALSE
Annuities analysis,Financial analysis software,FALSE
Anodas Software Limited Phoenix,Enterprise resource planning ERP software,FALSE
Ansoft HFSS,Analytical or scientific software,FALSE
Ansoft Simplorer,Analytical or scientific software,FALSE
Ansys Fluent,Analytical or scientific software,FALSE
Antek HealthWare LabDAQ,Medical software,FALSE
Antenna House,Desktop publishing software,FALSE
AnthillPro,Development environment software,FALSE
Anthropometric databases,Data base user interface and query software,FALSE
Anti-Trojan,Transaction security and virus protection software,FALSE
Anti-phishing,Transaction security and virus protection software,FALSE
Anti-spyware,Transaction security and virus protection software,FALSE
Antivirus,Transaction security and virus protection software,FALSE
Anvil Studio,Music or sound editing software,FALSE
Aonix Software Through Pictures,Development environment software,FALSE
ApE A Plasmid Editor,Analytical or scientific software,FALSE
Apache Accumulo,Data base user interface and query software,FALSE
Apache Airflow,Procedure management software,TRUE
Apache Ant,Development environment software,FALSE
Apache Avro,Information retrieval or search software,FALSE
Apache Cassandra,Data base management system software,TRUE
Apache Continuum,Development environment software,FALSE
Apache Flex,Web platform development software,FALSE
Apache Flume,Data base management system software,FALSE
Apache Groovy,Object or component oriented development software,FALSE
Apache Gump,Development environment software,FALSE
Apache HBase,Data base management system software,FALSE
Apache HTTP Server,Application server software,FALSE
Apache Hadoop,Data base management system software,TRUE
Apache Hadoop YARN,Data base management system software,FALSE
Apache Hive,Data base management system software,TRUE
Apache JMeter,Object or component oriented development software,FALSE
Apache Kafka,Development environment software,TRUE
Apache MXNet,Industrial control software,FALSE
Apache Mahout,Expert system software,FALSE
Apache Maven,Development environment software,TRUE
Apache Oozie,Data base management system software,FALSE
Apache Pig,Data base management system software,FALSE
Apache Solr,Data base management system software,FALSE
Apache Sqoop,Data base management system software,FALSE
Apache Struts,Web platform development software,FALSE
Apache Subversion SVN,File versioning software,TRUE
Apache Tomcat,Web platform development software,TRUE
Apatar,Metadata management software,FALSE
Apex Business Software iBenefits,Human resources software,FALSE
Apex Business Software iHR,Human resources software,FALSE
Apex IV Assessor,Map creation software,FALSE
Apex IV Fee Appraiser,Map creation software,FALSE
Apex MobileSketch,Map creation software,FALSE
Apfloat,Analytical or scientific software,FALSE
Apian SurveyPro,Data base user interface and query software,FALSE
Apollo Photonics APSS,Computer aided design CAD software,FALSE
Apollo Reservation,Calendar and scheduling software,FALSE
App Software Associations AppTrak.net,Project management software,FALSE
AppFolio Property Manager,Data base user interface and query software,FALSE
Appium,Program testing software,FALSE
Apple AppleScript,Operating system software,FALSE
Apple AppleWorks,Spreadsheet software,FALSE
Apple Cocoa,Object or component oriented development software,FALSE
Apple DVD Studio Pro,Video creation and editing software,FALSE
Apple DrawBerry,Graphics or photo imaging software,FALSE
Apple Final Cut Express,Video creation and editing software,FALSE
Apple Final Cut Pro,Video creation and editing software,FALSE
Apple Final Cut Studio,Video creation and editing software,FALSE
Apple GarageBand,Music or sound editing software,FALSE
Apple Keynote,Presentation software,FALSE
Apple Logic Pro,Music or sound editing software,FALSE
Apple MainStage,Music or sound editing software,FALSE
Apple Numbers for Mac,Spreadsheet software,FALSE
Apple QuickTime,Video creation and editing software,FALSE
Apple Safari,Internet browser software,TRUE
Apple Shazam,Analytical or scientific software,FALSE
Apple Xsan,Filesystem software,FALSE
Apple iDVD,Video creation and editing software,FALSE
Apple iMovie,Video creation and editing software,FALSE
Apple iOS,Operating system software,TRUE
Apple iPhoto,Graphics or photo imaging software,FALSE
Apple iWork,Office suite software,FALSE
Apple iWork Keynote,Presentation software,FALSE
Apple iWork Numbers,Spreadsheet software,FALSE
Apple iWork Pages,Word processing software,FALSE
Apple macOS,Operating system software,TRUE
Appletree,Computer based training software,FALSE
AppliCad Roof Wizard,Computer aided design CAD software,FALSE
Applicant tracking,Human resources software,FALSE
ApplicantPro iApplicants,Human resources software,FALSE
Application Software SHEAR,Project management software,FALSE
Application-specific integrated circuit ASIC logic synthesis,Analytical or scientific software,FALSE
Applied Biosystems GeneMapper,Analytical or scientific software,FALSE
Applied Computer Systems JOBPOWER,Accounting software,FALSE
Applied Flow Technology AFT Arrow,Analytical or scientific software,FALSE
Applied Flow Technology AFT Fathom,Analytical or scientific software,FALSE
Applied Imagery Quick Terrain Modeler,Map creation software,FALSE
Applied Production ProFab,Computer aided manufacturing CAM software,FALSE
Applied Production ProFold,Computer aided design CAD software,FALSE
Applied Search Technology CADFind,Document management software,FALSE
Applied Software Technologies Asset Maintenance and Materials Management,Materials requirements planning logistics and supply chain software,FALSE
Applied Systems Associates aSa Rebar,Project management software,FALSE
Applied Systems The Agency Manager,Enterprise resource planning ERP software,FALSE
Applied Systems Vision,Customer relationship management CRM software,FALSE
Appligent Citation FDFMerge,Document management software,FALSE
Appointment Search,Calendar and scheduling software,FALSE
Appointment scheduling,Calendar and scheduling software,FALSE
AppointmentQuest Online Appointment Manager,Calendar and scheduling software,FALSE
AppointmentQuest Online Appointment Scheduler,Calendar and scheduling software,FALSE
Appraisal,Financial analysis software,FALSE
Aprimo Marketing,Enterprise resource planning ERP software,FALSE
Aptean Made2Manage,Enterprise resource planning ERP software,FALSE
Aptean Onyx CRM,Customer relationship management CRM software,FALSE
Aptech Systems GAUSS,Analytical or scientific software,FALSE
Apteryx Imaging Suite,Graphics or photo imaging software,FALSE
Aqsis Renderer,Graphics or photo imaging software,FALSE
AquaSoft Farm Manager,Project management software,FALSE
Aquatic Plant Information Retrieval System APIRS,Analytical or scientific software,FALSE
Aquifer test,Analytical or scientific software,FALSE
ArbelSoft TailorMax,Point of sale POS software,FALSE
Arbita OnePost,Human resources software,FALSE
Arbita OneWorld,Human resources software,FALSE
Arbor Image Draftsman,Data compression software,FALSE
Arbutus Analyzer,Analytical or scientific software,FALSE
Arc Second PocketCAD,Computer aided design CAD software,FALSE
ArcGIS Web AppBuilder,Development environment software,FALSE
ArcSight Enterprise Threat and Risk Management,Risk management data and analysis software,FALSE
Archeological Sites Management Information System ASMIS,Data base user interface and query software,FALSE
Archer Compliance Management,Compliance software,FALSE
Architectural Energy Corporation ENFORMA Building Diagnostics,Analytical or scientific software,FALSE
Architectural Energy Corporation REM/Rate,Analytical or scientific software,FALSE
Architectural Energy Corporation VisualDOE,Analytical or scientific software,FALSE
Architecture description language ADL,Requirements analysis and system architecture software,FALSE
Archival databases,Information retrieval or search software,FALSE
ArchiveGrid,Information retrieval or search software,FALSE
Archives Wiki,Information retrieval or search software,FALSE
Archivists' Toolkit,Data base user interface and query software,FALSE
Archon,Data base user interface and query software,FALSE
Arcline ArcFreight,Materials requirements planning logistics and supply chain software,FALSE
Ardexus Mode,Customer relationship management CRM software,FALSE
Ardexus TASC,Customer relationship management CRM software,FALSE
ArduPilot Mission Planner,Aviation ground support software,FALSE
Arena Health Systems Phys-X,Medical software,FALSE
ArenaSoft Estimating,Analytical or scientific software,FALSE
Argos Software ABECAS Insight,Enterprise resource planning ERP software,FALSE
Argos Software ABECAS Insight FMS,Accounting software,FALSE
Argos Software ABECAS Insight WMS,Inventory management software,FALSE
Argosy Legal Systems Power Closer,Data base user interface and query software,FALSE
Argus ONE Open Numerical Environments,Analytical or scientific software,FALSE
Argus Perceptual Mapper,Analytical or scientific software,FALSE
Aris Global Register,Compliance software,FALSE
Arkenstone Atlas Speaks,Analytical or scientific software,FALSE
Arkitektia Flight Itinerary,Calendar and scheduling software,FALSE
Armand Morin MultiTrack Generator,Transaction server software,FALSE
Armchair Machinist,Analytical or scientific software,FALSE
Army Food Management Information,Inventory management software,FALSE
Arobas Music Guitar Pro,Music or sound editing software,FALSE
Arpege Music Pizzicato,Music or sound editing software,FALSE
Arping,Network monitoring software,FALSE
Arrival Departure Information System ADIS,Data base user interface and query software,FALSE
Arrow Electronics N/Compass,Human resources software,FALSE
ArtScope.net eArtist,Data base user interface and query software,FALSE
ArticSoft FileAssurity,Transaction security and virus protection software,FALSE
Articulate 360,Computer based training software,FALSE
Articulate Rapid E-Learning Studio,Computer based training software,FALSE
Articulate Storyline,Computer based training software,FALSE
Artifice DesignWorkshop,Computer aided design CAD software,FALSE
Artificial intelligence,Industrial control software,FALSE
Artisan Studio,Development environment software,FALSE
Arts & Letters Express,Graphics or photo imaging software,FALSE
Artsco OrthoPro Complete,Medical software,FALSE
Artsystems Collections,Data base user interface and query software,FALSE
Aruba Networks AirWave,Administration software,FALSE
Ascend Property Assessment,Data base user interface and query software,FALSE
Ascensio Systems TeamLab,Project management software,FALSE
Ascentis Employee Self-Service,Human resources software,FALSE
Ascentis HR,Human resources software,FALSE
Ashkon Translation Pad,Foreign language software,FALSE
Ashlar-Vellum Cobalt,Computer aided design CAD software,FALSE
Ashlar-Vellum Graphite,Computer aided design CAD software,FALSE
Ashley Software Writer's Blocks,Word processing software,FALSE
Askia Design,Data base user interface and query software,FALSE
Askia Vista,Data base user interface and query software,FALSE
Askia Web,Data base user interface and query software,FALSE
Askiaanalyse,Analytical or scientific software,FALSE
Askiaface,Data base user interface and query software,FALSE
Askiavoice,Data base user interface and query software,FALSE
Aspect Loss Prevention Aspect EliteLP,Analytical or scientific software,FALSE
Aspen Graphics Technical Analysis,Financial analysis software,FALSE
AspenTech Aspen InfoPlus,Materials requirements planning logistics and supply chain software,FALSE
AspenTech HYSYS,Analytical or scientific software,FALSE
AspenTech aspenONE,Analytical or scientific software,FALSE
Asprova,Materials requirements planning logistics and supply chain software,FALSE
Aspyra CyberLAB,Medical software,FALSE
Aspyra CyberPATH,Medical software,FALSE
Assembla,Project management software,FALSE
Assembly line balancing,Industrial control software,FALSE
Assessment Systems Corporation XCALIBRE,Analytical or scientific software,FALSE
Assessment,Analytical or scientific software,FALSE
Asset allocation,Financial analysis software,FALSE
Asset management administration,Administration software,FALSE
Asset management,Accounting software,FALSE
Assisi Compiler,Analytical or scientific software,FALSE
Assisi Forest,Analytical or scientific software,FALSE
Assisi Inventory,Inventory management software,FALSE
Assisi Software Assisi Inventory,Inventory management software,FALSE
Assisi Software Assisi Manager,Data base user interface and query software,FALSE
Assisi Software Assisi Resource,Analytical or scientific software,FALSE
Assistant Software for Antimicrobial Susceptibility Interpretation ASASI,Analytical or scientific software,FALSE
Assisted model building with energy refinement AMBER,Analytical or scientific software,FALSE
Association for Computing Machinery Digital Library,Data base user interface and query software,FALSE
AssurX CATSWeb,Compliance software,FALSE
AssurX Financial Services Compliance Management,Compliance software,FALSE
Assured Software JPP,Data base user interface and query software,FALSE
Aster Data nCluster,Clustering software,FALSE
Astronomical Image Processing System AIPS,Analytical or scientific software,FALSE
Astronomical Image Processing for Windows AIP4WIN,Analytical or scientific software,FALSE
Astronomical information processing system AIPS++,Analytical or scientific software,FALSE
Astute Solutions PowerCenter,Electronic mail software,FALSE
Asure Software HCM,Time accounting software,FALSE
At Your Service Software At Your Service Repair,Data base user interface and query software,FALSE
At Your Service Software CostGuard,Data base user interface and query software,FALSE
AtStaff Physician Scheduler,Calendar and scheduling software,FALSE
AtTask,Project management software,FALSE
Athena Software Penelope Case Management,Medical software,FALSE
Atlas Business Solutions Staff Files,Document management software,FALSE
Atlas Construction Business Forms,Word processing software,FALSE
Atlas Search,Business intelligence and data analysis software,FALSE
Atlassian Bamboo,Enterprise application integration software,FALSE
Atlassian Bitbucket,Application server software,TRUE
Atlassian Confluence,Project management software,TRUE
Atlassian HipChat,Instant messaging software,FALSE
Atlassian JIRA,Content workflow software,TRUE
Atoll GeoCAD,Computer aided design CAD software,FALSE
Atria smoke management engineering tools ASMET,Analytical or scientific software,FALSE
Atrion Intelligent Authoring,Document management software,FALSE
Attendance tracking,Data base user interface and query software,FALSE
Atterbury Consultants SuperACE/FLIPS,Inventory management software,FALSE
Atterbury Consultants SuperAce,Data base user interface and query software,FALSE
Attitude POS itive AccuPOS Retail,Point of sale POS software,FALSE
Auburn Software Debit Square,Data base user interface and query software,FALSE
Audacity,Music or sound editing software,FALSE
AudienceView Ticketing,Customer relationship management CRM software,FALSE
Audio Chaos Soundscape Generator,Music or sound editing software,FALSE
Audio calibration,Analytical or scientific software,FALSE
Audio editing,Music or sound editing software,FALSE
AudioScribe SpeechCAT,Word processing software,FALSE
Audion Laboratories VoxPro,Music or sound editing software,FALSE
Audit management,Financial analysis software,FALSE
Audit planning and control environment,Financial analysis software,FALSE
Audit2 AdaptiveGRC,Compliance software,FALSE
AuditWare CaseWare Examiner,Financial analysis software,FALSE
AuditWare financial reporting and auditing,Financial analysis software,FALSE
Audiveris,Music or sound editing software,FALSE
Augmint,Analytical or scientific software,FALSE
August Systems Visit Wizard,Calendar and scheduling software,FALSE
Aurora FoodPro,Analytical or scientific software,FALSE
Aurora HelioScope,Analytical or scientific software,FALSE
Austin Logistics CallSelect,Customer relationship management CRM software,FALSE
Austin Logistics CallTech,Customer relationship management CRM software,FALSE
Austin Logistics Valeo,Customer relationship management CRM software,FALSE
Author-it,Data base user interface and query software,FALSE
Authoria Adviser,Human resources software,FALSE
Auto3DEM,Analytical or scientific software,FALSE
AutoClaims Direct DirectLink,Document management software,FALSE
AutoCrit Editing Wizard,Word processing software,FALSE
AutoDesSys form Z,Computer aided design CAD software,FALSE
AutoQ3D,Graphics or photo imaging software,FALSE
AutoQuant AutoDeblur,Graphics or photo imaging software,FALSE
AutoZone ALLDATA,Data base user interface and query software,FALSE
Autocoders,Categorization or classification software,FALSE
Autodesk 3D Studio Design,Computer aided design CAD software,FALSE
Autodesk 3d Studio Viz,Computer aided design CAD software,FALSE
Autodesk 3ds Max,Video creation and editing software,FALSE
Autodesk 3ds Max Design,Computer aided design CAD software,FALSE
Autodesk Algor Simulation,Analytical or scientific software,FALSE
Autodesk Alias Automotive,Computer aided design CAD software,FALSE
Autodesk Alias Design,Computer aided design CAD software,FALSE
Autodesk Alias Surface,Computer aided design CAD software,FALSE
Autodesk AliasStudio,Computer aided design CAD software,FALSE
Autodesk Architectural Desktop,Computer aided design CAD software,FALSE
Autodesk Architectural Studio,Computer aided design CAD software,FALSE
Autodesk AutoCAD,Computer aided design CAD software,TRUE
Autodesk AutoCAD Blue Sky,Computer aided design CAD software,FALSE
Autodesk AutoCAD Civil 3D,Computer aided design CAD software,TRUE
Autodesk AutoCAD Design Suite,Computer aided design CAD software,FALSE
Autodesk AutoCAD LT,Computer aided design CAD software,FALSE
Autodesk AutoCAD Land Desktop,Computer aided design CAD software,FALSE
Autodesk AutoCAD Map 3D,Computer aided design CAD software,FALSE
Autodesk AutoCAD Mechanical,Computer aided design CAD software,FALSE
Autodesk Building,Computer aided design CAD software,FALSE
Autodesk CAiCE Visual Transportation,Computer aided design CAD software,FALSE
Autodesk Combustion,Graphics or photo imaging software,FALSE
Autodesk Ecotect,Analytical or scientific software,FALSE
Autodesk Ecotect Analysis,Analytical or scientific software,FALSE
Autodesk Fusion 360,Computer aided manufacturing CAM software,FALSE
Autodesk HSMWorks,Computer aided manufacturing CAM software,FALSE
Autodesk Inventor,Computer aided design CAD software,FALSE
Autodesk Land Desktop,Computer aided design CAD software,FALSE
Autodesk MapGuide,Web platform development software,FALSE
Autodesk Maya,Graphics or photo imaging software,FALSE
Autodesk Mechanical,Computer aided design CAD software,FALSE
Autodesk MotionBuilder,Video creation and editing software,FALSE
Autodesk Mudbox,Graphics or photo imaging software,FALSE
Autodesk Navisworks,Computer aided design CAD software,FALSE
Autodesk PartMaker,Computer aided manufacturing CAM software,FALSE
Autodesk PowerMill,Computer aided manufacturing CAM software,FALSE
Autodesk PowerShape,Computer aided manufacturing CAM software,FALSE
Autodesk Revit,Computer aided design CAD software,TRUE
Autodesk Revit Architecture,Computer aided design CAD software,FALSE
Autodesk Scaleform,Development environment software,FALSE
Autodesk SketchBook Pro,Graphics or photo imaging software,FALSE
Autodesk Smoke,Video creation and editing software,FALSE
Autodesk SoftImage,Graphics or photo imaging software,FALSE
Autodesk Softdesk,Computer aided design CAD software,FALSE
Autodesk Topobase,Data base user interface and query software,FALSE
Autodesk VIZ,Computer aided design CAD software,FALSE
Autodesk World,Data base user interface and query software,FALSE
Automate the Schools ATS,Data base user interface and query software,FALSE
Automated Biometric Identification System ABIS,Data base user interface and query software,FALSE
Automated Data Collection System ADCS,Data base user interface and query software,FALSE
Automated Geospatial Watershed Assessment AGWA,Analytical or scientific software,FALSE
Automated Manifest System AMS,Data base user interface and query software,FALSE
Automated National Catalog System ANCS,Data base user interface and query software,FALSE
Automated Neuropsychological Metric Assessments Battery,Medical software,FALSE
Automated Package Processing System APPS,Inventory management software,FALSE
Automated Targeting System ATS,Data base user interface and query software,FALSE
Automated audit trail analysis,Network monitoring software,FALSE
Automated auditors fraud detector,Financial analysis software,FALSE
Automated billing,Billing and invoicing software,FALSE
Automated circulation,Library software,FALSE
Automated clinical information,Medical software,FALSE
Automated commercial environment software ACE,Data base user interface and query software,FALSE
Automated document generation,Development environment software,FALSE
Automated equipment identification AEI,Industrial control software,FALSE
Automated expense reporting,Accounting software,FALSE
Automated financial,Accounting software,FALSE
Automated information,Data base user interface and query software,FALSE
Automated installation,Configuration management software,FALSE
Automated inventory,Inventory management software,FALSE
Automated manifest,Data base user interface and query software,FALSE
Automated material handling,Analytical or scientific software,FALSE
Automated media tracking,Network monitoring software,FALSE
Automated payroll,Time accounting software,FALSE
Automated permit,Compliance software,FALSE
Automated purchase order,Procurement software,FALSE
Automated radar terminal systems ARTS,Expert system software,FALSE
Automated system for customs data ASYCUDA,Compliance software,FALSE
Automated tax,Accounting software,FALSE
Automated timekeeping,Time accounting software,FALSE
Automated underwriting,Financial analysis software,FALSE
Automatic Data Processing AdvancedMD EHR,Medical software,FALSE
Automatic Data Processing Autosource,Document management software,FALSE
Automatic Data Processing Claims Manager & Dispatch,Document management software,FALSE
Automatic Data Processing Estimating,Financial analysis software,FALSE
Automatic Data Processing PC payroll for windows PCPW,Human resources software,FALSE
Automatic Data Processing ProxyEdge,Word processing software,FALSE
Automatic Forecasting Systems Autobox,Analytical or scientific software,FALSE
Automatic call distribution,Helpdesk or call center software,FALSE
Automatic dynamic incremental nonlinear analysis ADINA,Analytical or scientific software,FALSE
Automatic routing,Route navigation software,FALSE
Automatic test program generation ATPG,Analytical or scientific software,FALSE
Automation Centre Personnel Tracker,Data base user interface and query software,FALSE
Automation Centre TrackerSuite.Net,Project management software,FALSE
Automation Counselors municiPAL,Accounting software,FALSE
Automation Studio,Analytical or scientific software,FALSE
Automotive and Accounting Software by R*KOM Invoice Writer,Point of sale POS software,FALSE
Autonomy iManage WorkSite,Document management software,FALSE
Autopilot,Expert system software,FALSE
Autopsy information databases,Data base user interface and query software,FALSE
Autotask,Enterprise resource planning ERP software,FALSE
Auxillium West HRnetSource,Human resources software,FALSE
Avaaz Innovations AphasiaMate,Medical software,FALSE
Avaaz Innovations Computerized Speech Research Environment CSRE,Analytical or scientific software,FALSE
Avaaz Innovations Interactive Voice Analysis System IVANS,Medical software,FALSE
Availability prediction modeling,Analytical or scientific software,FALSE
Available Safe Egress Time ASET,Analytical or scientific software,FALSE
Avalara AvaTax ST,Tax preparation software,FALSE
Avaya Identity Engines,Access software,FALSE
Avenista Table Reservations,Data base user interface and query software,FALSE
Aveva Group Plant Design Management System PDMS,Computer aided design CAD software,FALSE
Avid Digidesign Pro,Music or sound editing software,FALSE
Avid Media Composer,Video creation and editing software,FALSE
Avid Pro,Music or sound editing software,FALSE
Avid Technology Media Composer,Video creation and editing software,FALSE
Avid Technology NewsCutter,Video creation and editing software,FALSE
Avid Technology Pinnacle Studio,Video creation and editing software,FALSE
Avid Technology Pro,Music or sound editing software,FALSE
Avid Technology Sibelius,Music or sound editing software,FALSE
Avid Technology audio visual editing,Video creation and editing software,FALSE
Avid Technology iNEWS,Video creation and editing software,FALSE
Avidian Technologies Prophet,Customer relationship management CRM software,FALSE
Avionics system testing,Analytical or scientific software,FALSE
Avis Fits Viewer,Graphics or photo imaging software,FALSE
Avreo Radiology Workflow Solutions,Medical software,FALSE
Axentis Compliance Management,Compliance software,FALSE
Axios Systems assyst,Document management software,FALSE
Axistive BigShot Screen Magnifier,Device drivers or system software,FALSE
Axonwave Fraud and Abuse Management,Expert system software,FALSE
Axure RP,Web page creation and editing software,FALSE
Axway eSubmissions,Document management software,FALSE
Axxya Systems Nutritionist Pro,Analytical or scientific software,FALSE
Aya Associates Comp-U-Floor,Data base user interface and query software,FALSE
AzTechSoft GPS2CAD,Computer aided design CAD software,FALSE
Azalea Health Azalea EHR,Medical software,FALSE
Azemus FS,Music or sound editing software,FALSE
Aztec,Analytical or scientific software,FALSE
B Sharp Technologies B Care,Medical software,FALSE
B&I Computer Consultants Childcare Sage,Enterprise resource planning ERP software,FALSE
B&W Port Scanner,Network monitoring software,FALSE
B-Method,Development environment software,FALSE
BAE Systems SOCET GXP,Map creation software,FALSE
BAE Systems SOCET SET,Map creation software,FALSE
BCCORP Burkitt W5,Document management software,FALSE
BCCORP W5 for Adjusters,Document management software,FALSE
BCL Landview Systems WinCrop,Data base user interface and query software,FALSE
BCS Woodlands Software The Logger Tracker,Accounting software,FALSE
BCS Woodlands Software Woodlands Tracker,Enterprise resource planning ERP software,FALSE
BCS Woodlands Systems The Logger Tracker,Data base user interface and query software,FALSE
BD Biosciences CellQuest,Analytical or scientific software,FALSE
BD Biosciences CloneCyt,Analytical or scientific software,FALSE
BEA Tuxedo,Transaction server software,FALSE
BEMAS PayDirect,Human resources software,FALSE
BERMUDA nuclear transport computer codes,Analytical or scientific software,FALSE
BESA EEGFocus,Medical software,FALSE
BIO-key FireRMS,Data base user interface and query software,FALSE
BIT Corp ProMACS PLC,Industrial control software,FALSE
BLAT,Analytical or scientific software,FALSE
BLS Software Invoice!,Billing and invoicing software,FALSE
BMC Software Change Manager,Data base management system software,FALSE
BMC Software Control-M,Enterprise application integration software,FALSE
BMC Software Recovery Manager RMAN,Backup or archival software,FALSE
BMC Software Remedy IT Service Management Suite,Helpdesk or call center software,FALSE
BMH Open4 Payroll,Time accounting software,FALSE
BNA Corporate Tax Audit Analyzer,Financial analysis software,FALSE
BNA Estate and Gift Tax Suite,Tax preparation software,FALSE
BNA Income Tax Planning Solutions,Tax preparation software,FALSE
BNA Sales and Use Tax Rates and Forms,Tax preparation software,FALSE
BOSS Didger,Data conversion software,FALSE
BOSS International Visual Groundwater,Computer aided design CAD software,FALSE
BPM_CAD,Analytical or scientific software,FALSE
BPS Compliance,Compliance software,FALSE
BQE Software ArchiOffice,Office suite software,FALSE
BQE Software BillQuick,Billing and invoicing software,FALSE
BRB Software HorizonMIS,Medical software,FALSE
BRCAPRO,Medical software,FALSE
BSI ComplianceFactory,Compliance software,FALSE
BSVC,Analytical or scientific software,FALSE
BWise Compliance Management,Compliance software,FALSE
Babcock Winx Pro,Medical software,FALSE
Babylon Online Translator,Foreign language software,FALSE
Backbone.js,Web platform development software,FALSE
Background checking,Human resources software,FALSE
Backup and archival,Backup or archival software,FALSE
Balsamiq Studios Balsamiq Mockups,Graphics or photo imaging software,FALSE
Bankers Systems Rembrandt Lending,Financial analysis software,FALSE
BarControl Enterprise Manager iBEM,Inventory management software,FALSE
Barcode labeling,Label making software,FALSE
Barcode reader,Bar coding software,FALSE
Barcode,Bar coding software,FALSE
Bare Bones Software BBEdit,Web page creation and editing software,FALSE
Bargaining Power,Human resources software,FALSE
Baron Services FasTrac,Analytical or scientific software,FALSE
Baron Volumetric Imaging and Processing of Integrated Radar VIPIR,Analytical or scientific software,FALSE
Barrington Software CookenPro,Data base user interface and query software,FALSE
Barrington Software CookenPro Commercial,Data base user interface and query software,FALSE
Basecamp,Project management software,FALSE
Bash,Operating system software,TRUE
Bashen EEOFedSoft,Compliance software,FALSE
Bashen EEOSoft,Compliance software,FALSE
Bashen LinkLine,Human resources software,FALSE
Basic Local Alignment Search Tool BLAST,Analytical or scientific software,FALSE
Basic Music Composer,Music or sound editing software,FALSE
Basis BBx VisualPRO/5,Graphical user interface development software,FALSE
Beam analysis,Medical software,FALSE
BeamChek,Analytical or scientific software,FALSE
Beaver Creek Software The THERAPIST,Medical software,FALSE
Bechtel Software SETROUTE,Data base user interface and query software,FALSE
Beck Anxiety Inventory,Medical software,FALSE
Beck Depression Inventory,Medical software,FALSE
Bed Management Suite,Materials requirements planning logistics and supply chain software,FALSE
Beeline Learning Management System LMS,Computer based training software,FALSE
Beginner's all-purpose symbolic instruction code BASIC,Development environment software,FALSE
BehavePlus,Analytical or scientific software,FALSE
Behavioral Assessment and Research System BARS,Medical software,FALSE
Beige Bag Software B2 Spice,Analytical or scientific software,FALSE
Bella FSM Auto Detailing Service,Data base user interface and query software,FALSE
Belmar & Associates Mortware,Data base user interface and query software,FALSE
Ben Meadows Yeoman Expedition,Map creation software,FALSE
BenAssist,Human resources software,FALSE
Benaissance COBRApoint,Human resources software,FALSE
Benchmark Systems Benchmark Clinical EHR,Medical software,FALSE
BeneLink Connect,Human resources software,FALSE
BeneXL Technologies Pension Administration,Human resources software,FALSE
Benefit Plan Systems Corporation The Plan Administrator,Human resources software,FALSE
Benefit Software Fringe Facts,Human resources software,FALSE
BenefitFocus HR in Touch,Human resources software,FALSE
Benefits Technology Group SalesLogix,Customer relationship management CRM software,FALSE
Benelogic,Human resources software,FALSE
Benetech PRA,Medical software,FALSE
Benfield ReMetrica,Analytical or scientific software,FALSE
Bentley AutoPLANT,Computer aided design CAD software,FALSE
Bentley GEOPAK Civil Engineering Suite,Computer aided design CAD software,FALSE
Bentley GeoPak Bridge,Graphics or photo imaging software,FALSE
Bentley Haestad Methods CivilStorm,Computer aided design CAD software,FALSE
Bentley I/RAS B,Computer aided design CAD software,FALSE
Bentley InRoads Suite,Computer aided design CAD software,FALSE
Bentley MicroStation,Computer aided design CAD software,TRUE
Bentley Navigator,Computer aided design CAD software,FALSE
Bentley PlantSpace SupportModeler,Computer aided design CAD software,FALSE
Bentley STAAD,Computer aided design CAD software,FALSE
Bentley SewerCAD,Computer aided design CAD software,FALSE
Bentley StormCAD,Analytical or scientific software,FALSE
Bentley Systems AutoPIPE,Analytical or scientific software,FALSE
Bentley Systems InRoads Suite,Map creation software,FALSE
Bentley Systems ProjectWise,Project management software,FALSE
Bentley Systems gINT,Analytical or scientific software,FALSE
Bentley Transportation Data Manager,Data base user interface and query software,FALSE
Bentley WaterCAD,Computer aided design CAD software,FALSE
Berkeley Algorithm for Breaking Window Glass in a Compartment Fire BREAK1,Analytical or scientific software,FALSE
Berkeley Internet Domain Name BIND,Internet directory services software,FALSE
Berkshire Associates BALANCEaap,Human resources software,FALSE
Best Case Solutions Best Case Bankruptcy,Document management software,FALSE
Best Linear Unbiased Prediction BLUP,Analytical or scientific software,FALSE
Best MIP Fund Accounting,Accounting software,FALSE
Best Software CPAPayroll,Data base user interface and query software,FALSE
Bi3 Audit Intelligence,Compliance software,FALSE
Bi3 Financial Statement Fraud Analysis,Financial analysis software,FALSE
Bibase 4POS Retail,Point of sale POS software,FALSE
Bid Assistant,Calendar and scheduling software,FALSE
BidMaster,Project management software,FALSE
Biddle Adverse Impact Toolkit,Human resources software,FALSE
Biddle AutoAAP,Human resources software,FALSE
Bidirectional encoder representations from transformers (BERT),Analytical or scientific software,FALSE
Bigloo Scheme,Development environment software,FALSE
Bilko,Analytical or scientific software,FALSE
Bill of lading,Materials requirements planning logistics and supply chain software,FALSE
Bill of materials,Materials requirements planning logistics and supply chain software,FALSE
Bill review,Billing and invoicing software,FALSE
Billing and reimbursement,Billing and invoicing software,FALSE
Bills of lading,Materials requirements planning logistics and supply chain software,FALSE
Bing,Data base user interface and query software,FALSE
Bing Ads,Sales and marketing software,FALSE
Bing for Power BI,Data mining software,FALSE
Bio-logic Systems HINT Pro,Medical software,FALSE
BioArray Software Environment BASE,Analytical or scientific software,FALSE
BioDiscovery ImaGene,Analytical or scientific software,FALSE
BioEx Systems Exercise Expert,Data base user interface and query software,FALSE
BioEx Systems Exercise Pro,Medical software,FALSE
BioEx Systems Fitness Maker,Project management software,FALSE
BioEx Systems Nutrition Maker Plus,Medical software,FALSE
BioKin PlateKi,Analytical or scientific software,FALSE
BioPerl,Analytical or scientific software,FALSE
Bioconductor,Analytical or scientific software,FALSE
Biodegration flow and transport modeling,Analytical or scientific software,FALSE
Biodex Medical Systems Biodex Concussion Manager,Medical software,FALSE
Biofeedback,Medical software,FALSE
Bioinformatics databases,Data base user interface and query software,FALSE
Biomatters Geneious,Analytical or scientific software,FALSE
Biomechanical imaging,Analytical or scientific software,FALSE
Biomechanical injury risk analysis,Analytical or scientific software,FALSE
Biomechanical modeling,Analytical or scientific software,FALSE
Biomedical Imaging Resource Analyze,Medical software,FALSE
Biometric Storage System BSS,Data base user interface and query software,FALSE
Biometric reader,Access software,FALSE
Biometrics video game,Action games,FALSE
Bioreactor Design,Computer aided design CAD software,FALSE
Biostatistical,Analytical or scientific software,FALSE
Bit Debris Solutions Usability Activity Log,Analytical or scientific software,FALSE
BitWizard B.V. mtr,Network monitoring software,FALSE
Bite analysis,Analytical or scientific software,FALSE
BizBench,Financial analysis software,FALSE
BizPricer,Financial analysis software,FALSE
Bizlink Salon Manager,Data base user interface and query software,FALSE
Bizmatics PrognoCIS EMR,Medical software,FALSE
Biztrak Business Solutions Biztrak,Enterprise resource planning ERP software,FALSE
BlackBerry Enterprise Server,Operating system software,FALSE
BlackDog Recruiting,Human resources software,FALSE
BlackHawk Canyon Publishers PracticianWorks,Medical software,FALSE
Blackbaud CRM,Customer relationship management CRM software,FALSE
Blackbaud Luminate CRM,Customer relationship management CRM software,FALSE
Blackbaud The Education Edge,Enterprise resource planning ERP software,FALSE
Blackbaud The Financial Edge,Accounting software,FALSE
Blackbaud The Raiser's Edge,Customer relationship management CRM software,FALSE
Blackbaud eTapestry,Customer relationship management CRM software,FALSE
Blackboard Collaborate,Computer based training software,FALSE
Blackboard Learn,Computer based training software,FALSE
Blackboard Learning,Computer based training software,FALSE
Blackboard Wimba,Presentation software,FALSE
Blackboard,Data base user interface and query software,FALSE
Blackdog,Human resources software,FALSE
Blast Output Browser BOB,Analytical or scientific software,FALSE
Blaster's Tool and Supply Company Blaster's Calculator,Analytical or scientific software,FALSE
Blatant Media Absorb LMS,Computer based training software,FALSE
Blender,Graphics or photo imaging software,FALSE
Blink,Instant messaging software,FALSE
Blinkbid,Accounting software,FALSE
Block diagram,Pattern design software,FALSE
Blogger,Web page creation and editing software,FALSE
Blogging,Web page creation and editing software,FALSE
Blood Bank Computer Systems Blood Bank Control,Medical software,FALSE
Blood bank information,Medical software,FALSE
Bloomberg Professional,Financial analysis software,FALSE
Bloomz,Desktop communications software,FALSE
Blue Chip Computer Consultants HumaNET,Human resources software,FALSE
Blue Ridge Numerics CFDesign,Analytical or scientific software,FALSE
Blue Streak Electronics Buell Diagnostic,Analytical or scientific software,FALSE
Blue Tractor Software DNADynamo,Analytical or scientific software,FALSE
Blueberry Harbor Software Clinical Record Keeper,Medical software,FALSE
Blueprint display,Graphics or photo imaging software,FALSE
Bluewater Management Systems BMCASE,Medical software,FALSE
Blumbeg Drafting Libraries,Desktop publishing software,FALSE
Blumenthal Software PBSW24,Time accounting software,FALSE
BobCAD-CAM,Computer aided manufacturing CAM software,FALSE
Boeing Kork Digital Mapping,Analytical or scientific software,FALSE
Boeing SoftPlotter,Analytical or scientific software,FALSE
Bohemian Coding DrawIt,Graphics or photo imaging software,FALSE
Bond International Adapt Staffing,Human resources software,FALSE
Bond International Software Bond StaffSuite,Human resources software,FALSE
BondDesk Group Trader WorkStation,Financial analysis software,FALSE
BookFresh,Calendar and scheduling software,FALSE
Booker Software SpaBooker,Data base user interface and query software,FALSE
Bookitlive,Data base user interface and query software,FALSE
Bookkeeping,Accounting software,FALSE
Bootstrap,Web platform development software,TRUE
Border Gateway Protocol BGP,Switch or router software,TRUE
Boris FX Continuum Complete,Video creation and editing software,FALSE
Borland Paradox,Object or component oriented development software,FALSE
Borland SilkTest,Program testing software,FALSE
Borland VisiBroker,Development environment software,FALSE
Bornemann Associates Flight Plan,Aviation ground support software,FALSE
Bosch Punch List,Project management software,FALSE
Boston Bar Systems Corporation Sonnet,Word processing software,FALSE
Bostonpost Technology Property Manager,Data base user interface and query software,FALSE
Bottom Line LoanMaster Loan Servicing,Accounting software,FALSE
Bottomline Technologies Bottomline Sprinter Purchasing Manager,Procurement software,FALSE
Boundary scan description language BSDL,Development environment software,FALSE
Boundary scan insertion,Analytical or scientific software,FALSE
Boundary survey,Map creation software,FALSE
Bourne Shell,Operating system software,FALSE
Bourque Data Systems YardMaster,Materials requirements planning logistics and supply chain software,FALSE
Bowen & Groves M1 ERP,Enterprise resource planning ERP software,FALSE
Bowne JFS Litigator's Notebook,Categorization or classification software,FALSE
Bowtie,Analytical or scientific software,FALSE
BoxShade,Analytical or scientific software,FALSE
Bradford ClickFORMS,Graphics or photo imaging software,FALSE
Brady Lockout Pro,Data base user interface and query software,FALSE
Brady Specimen Labeling,Label making software,FALSE
BrainMetric The Category Test,Medical software,FALSE
BrainTrain Captain's Log,Medical software,FALSE
BrainTrain IVA+Plus,Computer based training software,FALSE
BrainTrain SmartDriver,Action games,FALSE
Brainshark Rapid Learning,Computer based training software,FALSE
Brainworks,Enterprise resource planning ERP software,FALSE
Bramerhill ClaimsTech,Document management software,FALSE
Breast Cancer Risk Assessment,Medical software,FALSE
Breault Research ASAP,Computer aided design CAD software,FALSE
Breedtrak,Data base user interface and query software,FALSE
Brentmark Estate Planning Quickview,Financial analysis software,FALSE
Brentmark Stock Option Risk Analyzer,Financial analysis software,FALSE
Brickell Research Brickell Medical Office,Medical software,FALSE
Bridge design,Computer aided design CAD software,FALSE
Bridgeway eCounsel,Data base user interface and query software,FALSE
Bridium Claims 3,Document management software,FALSE
Brief Psychiatric Rating Scale BPRS Nursing Modification,Medical software,FALSE
BrightEdge,Business intelligence and data analysis software,FALSE
BrightMove Applicant Tracking,Human resources software,FALSE
BrightWork pmPoint,Project management software,FALSE
Brightcove,Web page creation and editing software,FALSE
Brightwork Alyce Claims,Document management software,FALSE
Brihzon Solutions SMART Dairy Resource Planning,Enterprise resource planning ERP software,FALSE
BrioQuery,Data base user interface and query software,FALSE
BroadSoft BroadWorks,Desktop communications software,FALSE
BroadVision,Web platform development software,FALSE
Broadcast Electronics AudioVAULT FleX,Music or sound editing software,FALSE
Brokerage,Procurement software,FALSE
Bruker AXS EVA,Analytical or scientific software,FALSE
Bruker AXS LEPTOS,Analytical or scientific software,FALSE
Bruker AXS TOPAS,Analytical or scientific software,FALSE
Bruker BioSpin TopSpin,Analytical or scientific software,FALSE
Bruker Optics OPUS,Analytical or scientific software,FALSE
Bruno Realty eNeighboorhoods,Data base user interface and query software,FALSE
BtB Software Mycobacteriology Lab,Analytical or scientific software,FALSE
Budget monitoring,Financial analysis software,FALSE
"Budgeting, forecasting, and planning",Enterprise resource planning ERP software,FALSE
Bugzilla,Program testing software,FALSE
Building Research Establishment BRE Jasmine,Analytical or scientific software,FALSE
Building automation,Industrial control software,FALSE
Building management,Facilities management software,FALSE
Built-in self-test BIST debugging,Analytical or scientific software,FALSE
Bullhorn Applicant Tracking,Human resources software,FALSE
Bungalow Software Aphasia Tutor,Medical software,FALSE
Bunkspeed HyperDrive,Graphics or photo imaging software,FALSE
Bunkspeed HyperMove,Graphics or photo imaging software,FALSE
Burli Software Burli Newsroom,Word processing software,FALSE
Burrows-Wheeler Aligner BWA,Analytical or scientific software,FALSE
Business Forecast Systems Forecast Pro,Financial analysis software,FALSE
Business Management Systems Municipal Geographic Management System MGMS,Data base user interface and query software,FALSE
Business Objects Data Integrator,Development environment software,FALSE
Business accounting,Accounting software,FALSE
Business analysis,Analytical or scientific software,FALSE
Business continuity,Enterprise resource planning ERP software,FALSE
Business management,Data base user interface and query software,FALSE
Business performance management BPM,Enterprise resource planning ERP software,FALSE
Business process management BPM,Enterprise resource planning ERP software,FALSE
Business software applications,Office suite software,FALSE
Byrne Software Technologies Visual HCS,Human resources software,FALSE
Bytescribe Development Company WavPlayer,Word processing software,FALSE
C for Graphics cg,Development environment software,FALSE
C shell,Operating system software,FALSE
C-DESIGN Fashion,Computer aided design CAD software,FALSE
CA Clarity PPM,Enterprise resource planning ERP software,FALSE
CA Easytrieve Report Generator,Manufacturing execution system MES software,FALSE
CA IDMS,Data base management system software,FALSE
CA SiteMinder,Network security or virtual private network VPN management software,FALSE
CA Technologies CA Clarity PPM for IT Governance,Project management software,FALSE
CA Technologies ERWin Data Modeler,Metadata management software,FALSE
CA eTrust,Transaction security and virus protection software,FALSE
CAD Zone Insurance,Computer aided design CAD software,FALSE
CADAFIS,Data base user interface and query software,FALSE
CADRE Analytic,Analytical or scientific software,FALSE
CAI Software Seasoft,Accounting software,FALSE
CAM Commerce Solutions Retail STAR Point of Sale POS,Point of sale POS software,FALSE
CAMA Software Quality Collaboration By Design QCBD,Industrial control software,FALSE
CAP Automation SellWise,Point of sale POS software,FALSE
CAP88-PC,Analytical or scientific software,FALSE
CAPE Systems CAPE PACK,Materials requirements planning logistics and supply chain software,FALSE
CAPE Systems TRUCKFILL,Materials requirements planning logistics and supply chain software,FALSE
CAPSHER Technology SureTec,Industrial control software,FALSE
CAPSYS Capture,Analytical or scientific software,FALSE
CARIS HIPS,Analytical or scientific software,FALSE
CARIS SIPS,Analytical or scientific software,FALSE
CAST SQL Builder,Data base management system software,FALSE
CATNYP,Library software,FALSE
CAzM,Analytical or scientific software,FALSE
CBORD Foodservice Suite,Data base user interface and query software,FALSE
CBORD Group Menu Management,Inventory management software,FALSE
CBORD NetRecipe,Data base user interface and query software,FALSE
CBORD Nutrition Service Suite,Data base user interface and query software,FALSE
CBS ProLog Manager,Project management software,FALSE
CCBill,Point of sale POS software,FALSE
CCC EZNet electronic communications network,Access software,FALSE
CCC GuidePost Decision Support,Expert system software,FALSE
CCC Pathways Appraisal Quality Solution,Enterprise resource planning ERP software,FALSE
CCC Pathways Image Management Solution,Document management software,FALSE
CCC TL2000 Solution,Document management software,FALSE
CCH ProSystem fx TAX,Tax preparation software,FALSE
CCI NewsGate,Web page creation and editing software,FALSE
CCIS AccountAbility,Accounting software,FALSE
CCP4,Analytical or scientific software,FALSE
CD-adapco STAR-CAD,Computer aided design CAD software,FALSE
CDA International Manifold,Map creation software,FALSE
CDC Supply Chain,Materials requirements planning logistics and supply chain software,FALSE
CDI Electronics M.E.D.S.,Analytical or scientific software,FALSE
CE SURVEYOR III,Analytical or scientific software,FALSE
CEBOS MQ1,Industrial control software,FALSE
CEDAS Gateway,Materials requirements planning logistics and supply chain software,FALSE
CEEJS The Pet Groomer's Secretary,Data base user interface and query software,FALSE
CERC EMIT,Analytical or scientific software,FALSE
CERN Physics Analysis Workstation PAW,Analytical or scientific software,FALSE
CERN ROOT,Analytical or scientific software,FALSE
CESARE Risk,Analytical or scientific software,FALSE
CGG HampsonRussell,Analytical or scientific software,FALSE
CGI INSideOUT,Document management software,FALSE
CGI-AMS BureauLink Enterprise,Information retrieval or search software,FALSE
CGI-AMS CACS Enterprise,Financial analysis software,FALSE
CGI-AMS Strata,Financial analysis software,FALSE
CGTech Vericut CNC,Computer aided manufacturing CAM software,FALSE
CISCO Software ACS Animal Control,Data base user interface and query software,FALSE
CLO Virtual Fashion Marvelous Designer,Computer aided design CAD software,FALSE
CMA Stuffers,Expert system software,FALSE
CMO Compliance Regulatory Compliance Solution,Compliance software,FALSE
CMS Consultants WorldLink,Materials requirements planning logistics and supply chain software,FALSE
CMSN FieldPAK,Data base user interface and query software,FALSE
CMT CogoCAD,Analytical or scientific software,FALSE
CMT Incorporated CogoCAD,Computer aided design CAD software,FALSE
CMake,Development environment software,FALSE
CNC Consulting Machinists' Calculator,Analytical or scientific software,FALSE
CNC Mastercam,Computer aided manufacturing CAM software,FALSE
CNC Software Mastercam,Computer aided manufacturing CAM software,FALSE
COADE CADWorx P&ID,Computer aided design CAD software,FALSE
COADE CAESAR II,Analytical or scientific software,FALSE
COATSsql,Human resources software,FALSE
CODA Engine Analysis,Analytical or scientific software,FALSE
CODESYS,Industrial control software,FALSE
COMCON DataFriend,Presentation software,FALSE
COMSOL Multiphysics,Analytical or scientific software,FALSE
COOP Systems myCOOP,Enterprise resource planning ERP software,FALSE
COWGAME,Analytical or scientific software,FALSE
CP2K,Analytical or scientific software,FALSE
CPMD,Analytical or scientific software,FALSE
CPR International GeneralCOST Estimator,Accounting software,FALSE
CPR Software FloorCOST Estimator for Excel,Project management software,FALSE
CPR Visual Estimator,Project management software,FALSE
CPSI CPSI,Medical software,FALSE
CPSI EHR,Human resources software,FALSE
CPU Tracker Software CPU Tracker,Customer relationship management CRM software,FALSE
CQ Press Political Reference Suite,Data base user interface and query software,FALSE
CQG Integrated Client,Financial analysis software,FALSE
CRI-MAP,Analytical or scientific software,FALSE
CRIMPERS Management Software CRIMPERS Salon,Data base user interface and query software,FALSE
CS Odessa ConceptDraw Project,Project management software,FALSE
CSC Automated Work Distributor AWD,Access software,FALSE
CSC Colossus,Financial analysis software,FALSE
CSC Elmer,Analytical or scientific software,FALSE
CSC Fault Evaluator,Expert system software,FALSE
CSC nbAccelerator,Enterprise resource planning ERP software,FALSE
CSI Complex Systems ClientTrade,Customer relationship management CRM software,FALSE
CSI Software Spa Management,Data base user interface and query software,FALSE
CSI WSE CodeBuddy,Compliance software,FALSE
CSR Consultants Cemetery Management SC,Data base user interface and query software,FALSE
CSS CLS-2000,Medical software,FALSE
CST Microwave Studio,Computer aided design CAD software,FALSE
CT Summation iBlaze,Document management software,FALSE
CT hCue,Document management software,FALSE
CU Connect processing,Access software,FALSE
CUBIC,Analytical or scientific software,FALSE
CVTracer,Human resources software,FALSE
CYMA IV Accounting for Windows,Accounting software,FALSE
Cabinet NG CNG-SAFE,Document management software,FALSE
CableSoft LiveWire Trader,Financial analysis software,FALSE
Cadcorp desktop GIS,Geographic information system,FALSE
Cadem CAPSMill,Computer aided manufacturing CAM software,FALSE
Cadem CAPSTurn,Computer aided manufacturing CAM software,FALSE
Cadem NCnet,Computer aided manufacturing CAM software,FALSE
Cadem seeNC Mill,Computer aided manufacturing CAM software,FALSE
Cadence Allegro Design Entry Capture and Capture CIS,Computer aided design CAD software,FALSE
Cadence Allegro PCB Designer,Computer aided design CAD software,FALSE
Cadence Concept,Computer aided design CAD software,FALSE
Cadence Dracula,Analytical or scientific software,FALSE
Cadence Encounter RTL Compiler,Compiler and decompiler software,FALSE
Cadence Encounter Test,Computer aided design CAD software,FALSE
Cadence Incisive Enterprise Simulator,Analytical or scientific software,FALSE
Cadence Incisive Enterprise Specman Elite Testbench,Analytical or scientific software,FALSE
Cadence Opus,Development environment software,FALSE
Cadence OrCAD PSpice,Analytical or scientific software,FALSE
Cadence OrCAD,Computer aided design CAD software,FALSE
Cadence PSpice,Analytical or scientific software,FALSE
Cadence Schematic Composer,Computer aided design CAD software,FALSE
Cadence Solutions extendedReach,Medical software,FALSE
Cadence Virtuoso Layout Suite,Computer aided design CAD software,FALSE
Cadence Virtuoso Spectre Circuit Simulator,Analytical or scientific software,FALSE
Cadre Technologies Accuplus Integrated Distribution Logistics,Materials requirements planning logistics and supply chain software,FALSE
Cadre Technologies Cadence Transportation Management,Materials requirements planning logistics and supply chain software,FALSE
Cadre Technologies Cadence Warehouse Management,Materials requirements planning logistics and supply chain software,FALSE
Cadsoft Design/Build,Computer aided design CAD software,FALSE
Cadwell Laboratories Easy,Medical software,FALSE
Cafe Cartel,Point of sale POS software,FALSE
Cakewalk SONAR,Music or sound editing software,FALSE
Calculating optimum maintenance parameters COMPARE,Analytical or scientific software,FALSE
Calendar management,Calendar and scheduling software,FALSE
Caliban Mindwear HyperGASP,Presentation software,FALSE
California Infinite LPS,Financial analysis software,FALSE
California Verbal Learning Test,Medical software,FALSE
Caligari Corporation trueSpace,Graphics or photo imaging software,FALSE
Caliper Maptitude,Geographic information system,FALSE
Caliper TransCAD,Computer aided design CAD software,FALSE
Call accounting,Helpdesk or call center software,FALSE
Call center,Helpdesk or call center software,FALSE
Call tracking,Helpdesk or call center software,FALSE
Call-processing language CPL,Development environment software,FALSE
Callidus TrueComp,Human resources software,FALSE
Calypso Technology Calypso Asset Management,Financial analysis software,FALSE
Calyx Point,Financial analysis software,FALSE
CambridgeSoft ChemOffice Ultra,Data base user interface and query software,FALSE
Camera Bits Photo Mechanic,Graphics or photo imaging software,FALSE
Camfit Data Limited Microfit,Analytical or scientific software,FALSE
Cammack Computations Inter-Est,Financial analysis software,FALSE
Camp Software Art Licensing Manager,Data base user interface and query software,FALSE
Campaign Monitor,Desktop publishing software,FALSE
Camstar Manufacturing Execution System MES,Industrial control software,FALSE
Camstar Systems Camstar Semiconductor Suite,Industrial control software,FALSE
CancerGene,Medical software,FALSE
Candidate screening,Human resources software,FALSE
Candidate tracking,Human resources software,FALSE
Canonical Launchpad,Data base user interface and query software,FALSE
Canorus,Music or sound editing software,FALSE
Cantovation Sing & See,Computer based training software,FALSE
Canu,Development environment software,FALSE
Canva,Graphics or photo imaging software,TRUE
Canyon Solutions Jcats,Project management software,FALSE
Capital Codeworks MenuMax,Enterprise resource planning ERP software,FALSE
Captaris Alchemy,Document management software,FALSE
Capterra Enterprise Resource Planning,Enterprise resource planning ERP software,FALSE
Captiva InputAccel,Document management software,FALSE
Card key management,Access software,FALSE
Care Paths eRecord,Medical software,FALSE
CareCentric MestaMed,Medical software,FALSE
CareCloud Central,Medical software,FALSE
CareOne CareEnsure,Customer relationship management CRM software,FALSE
Career Cruising,Data base user interface and query software,FALSE
Career Dimensions Focus 2,Analytical or scientific software,FALSE
Career Zone,Data base user interface and query software,FALSE
Career decision-making programs,Data base user interface and query software,FALSE
Career management systems CMS,Data base user interface and query software,FALSE
Careerbuilder.com,Human resources software,FALSE
Cargo tracking,Inventory management software,FALSE
CargoWise ediEnterprise,Materials requirements planning logistics and supply chain software,FALSE
Carlson Civil Suite,Computer aided design CAD software,FALSE
Carlson Simplicity Sight Survey,Analytical or scientific software,FALSE
Carlson SurvCADD,Computer aided design CAD software,FALSE
Carlson SurvCE,Analytical or scientific software,FALSE
Carlson Survey,Map creation software,FALSE
Carpet Dealer Management System CDMS,Data base user interface and query software,FALSE
Carrier Hourly Analysis Program HAP,Analytical or scientific software,FALSE
Carrier-mediated transport,Analytical or scientific software,FALSE
Cartesis ES Magnitude,Enterprise resource planning ERP software,FALSE
Cartesis Magnitude iAnalysis,Financial analysis software,FALSE
Cartography,Map creation software,FALSE
Casamba Smart,Medical software,FALSE
Cascading style sheets CSS,Web platform development software,TRUE
Case analysis,Analytical or scientific software,FALSE
Case management,Project management software,FALSE
CaseBank SpotLight,Analytical or scientific software,FALSE
CaseManagement.com E-Reports,Medical software,FALSE
CaseSoft DepPrep,Document management software,FALSE
CaseSoft TextMap,Document management software,FALSE
CaseSoft TimeMap,Pattern design software,FALSE
CaseWare International IDEA,Financial analysis software,FALSE
CaseWare International IDEA SmartAnalyzer,Financial analysis software,FALSE
CaseWare Working Papers,Financial analysis software,FALSE
Cash flow,Financial analysis software,FALSE
CashFlow Guardian,Financial analysis software,FALSE
Castek Insure3 Claims,Document management software,FALSE
Catalog navigation,Data base management system software,FALSE
Cataloging,Library software,FALSE
Catalyst International CatalystConnect,Materials requirements planning logistics and supply chain software,FALSE
Catalyst Repository Systems CatalystCR,Document management software,FALSE
Catalyst Repository Systems CatalystDR,Electronic mail software,FALSE
Catalyst Repository Systems CatalystXE,Electronic mail software,FALSE
Catapult Software iPower SCADA,Industrial control software,FALSE
CatchTheWeb,Data base user interface and query software,FALSE
Catchlog Trading Catchlog,Data base user interface and query software,FALSE
Category Fluency Test,Medical software,FALSE
CaterPro,Data base user interface and query software,FALSE
Caterpillar Cat MineStar,Enterprise resource planning ERP software,FALSE
Caterpillar Command,Industrial control software,FALSE
CattleWorks,Enterprise resource planning ERP software,FALSE
Cattlesoft CattleMax,Data base user interface and query software,FALSE
Cave5D,Analytical or scientific software,FALSE
Cebos MQ1 Audit,Financial analysis software,FALSE
Cedaron Dexter Evaluation & Impairment Rating,Analytical or scientific software,FALSE
Cedrus SuperLab Pro,Analytical or scientific software,FALSE
Cegedim Target Software Target SFA Pharmaceutical Suite,Customer relationship management CRM software,FALSE
Celeritive Technologies VoluMill,Computer aided manufacturing CAM software,FALSE
Cell Bioscience Automated Image Capture,Analytical or scientific software,FALSE
Celsys RETAS,Graphics or photo imaging software,FALSE
Cengage Learning Sniffy the Virtual Rat,Computer based training software,FALSE
Cenon,Graphics or photo imaging software,FALSE
Centaur Systems Centaur Travel Business Management System TBMS,Customer relationship management CRM software,FALSE
Center TRACON automation systems CTAS,Expert system software,FALSE
Center for Computer-Assisted Legal Instruction CALI Author,Computer based training software,FALSE
Center for Computer-Assisted Legal Instruction CALI Classcaster,Web page creation and editing software,FALSE
Centers for Disease Control and Prevention CDC WONDER,Data base user interface and query software,FALSE
Centers for Disease Control and Prevention Epi Info,Analytical or scientific software,FALSE
Central Desktop,Project management software,FALSE
Centre for Multilevel Modeling MLwiN,Analytical or scientific software,FALSE
Centris Group IEP Direct,Data base user interface and query software,FALSE
Centris Group RTIm Direct,Data base user interface and query software,FALSE
Cents,Point of sale POS software,FALSE
Cerebro CerebroMix,Analytical or scientific software,FALSE
Ceridian Dayforce enterprise HCM,Human resources software,FALSE
Cerner CoPathPlus,Medical software,FALSE
Cerner Millennium,Medical software,FALSE
Cerner Millennium PathNet,Medical software,FALSE
Cerner Millennium PathNet Blood Bank Transfusion,Medical software,FALSE
Cerner Millennium ProFit,Accounting software,FALSE
Cerner PowerChart,Medical software,FALSE
Cerner PowerWorks Practice Management,Medical software,FALSE
Cerner ProFile,Medical software,FALSE
CfMC COSI,Graphics or photo imaging software,FALSE
CfMC SoundSurvent,Interactive voice response software,FALSE
Chalkware Education Solutions IEPPro,Data base user interface and query software,FALSE
Chang Bioscience ToolKit,Analytical or scientific software,FALSE
Chaos Enscape,Computer aided design CAD software,FALSE
Chaos Group V-Ray,Video creation and editing software,FALSE
Character Studio,Graphics or photo imaging software,FALSE
Character generator,Video creation and editing software,FALSE
Charles River Development Charles River Investment Management,Financial analysis software,FALSE
Charm++,Object or component oriented development software,FALSE
Chart Links,Medical software,FALSE
ChartWare EMR,Medical software,FALSE
Chase Software Solutions Court Reporting,Data base user interface and query software,FALSE
Chatbot,Industrial control software,FALSE
Check Point Next Generation Secure Web Gateway,Transaction security and virus protection software,FALSE
Check imaging,Graphics or photo imaging software,FALSE
Check processing,Document management software,FALSE
Check sorting control,Industrial control software,FALSE
Cheetah International SmartCAT,Word processing software,FALSE
Cheetah3D,Graphics or photo imaging software,FALSE
ChefDesk Chef's Calculators,Analytical or scientific software,FALSE
Chem2Pac,Analytical or scientific software,FALSE
ChemInnovation Software Chem 4-D,Computer aided design CAD software,FALSE
ChemSW Buffer Maker,Data base user interface and query software,FALSE
ChemSW Calibration Pro,Analytical or scientific software,FALSE
ChemSW Chemical Inventory System CIS,Inventory management software,FALSE
ChemSW Laboratory Document Control System LDCS,Document management software,FALSE
ChemSW Mass Spec,Analytical or scientific software,FALSE
ChemSW Molecular Modeling Pro,Computer aided design CAD software,FALSE
ChemSW Uncertainty Pro,Analytical or scientific software,FALSE
ChemStat,Data base user interface and query software,FALSE
ChemicaLogic SteamTab,Analytical or scientific software,FALSE
Chemical kinetics,Analytical or scientific software,FALSE
Chemical management tracking,Data base user interface and query software,FALSE
Chemicals and Irrigation CANDI,Analytical or scientific software,FALSE
Chemistry at Harvard Molecular Mechanics CHARMm,Analytical or scientific software,FALSE
Chempute Software ChemDraw,Graphics or photo imaging software,FALSE
Chempute Software Engineer's Aide SINET,Analytical or scientific software,FALSE
Chempute Software EstPro,Financial analysis software,FALSE
Chempute Software HSC Chemistry,Analytical or scientific software,FALSE
Chempute Software SuperPro Designer,Analytical or scientific software,FALSE
Chempute Software VisiMix,Analytical or scientific software,FALSE
Chemstations CHEMCAD,Analytical or scientific software,FALSE
Chesapeake Interlink Needles,Data base user interface and query software,FALSE
Cheshire Financial Planning Suite,Financial analysis software,FALSE
Children's Depression Inventory,Medical software,FALSE
Children's educational,Computer based training software,FALSE
Chilled Water System Analysis Tool CWSAT,Analytical or scientific software,FALSE
Chinotec Technologies Paros,Transaction security and virus protection software,FALSE
Chip design,Computer aided design CAD software,FALSE
ChiroSoft,Medical software,FALSE
ChiroTouch EHR,Medical software,FALSE
Choice Job Cost,Accounting software,FALSE
Choice Technologies PowerBill +,Billing and invoicing software,FALSE
ChordWizard Software Soundtrix Gold,Music or sound editing software,FALSE
Chorel Technology Dance Designer,Graphics or photo imaging software,FALSE
Choreography,Graphics or photo imaging software,FALSE
Chrome River Expense,Accounting software,FALSE
Chyron CAMIO,Graphics or photo imaging software,FALSE
Cimatron CimatronE,Computer aided manufacturing CAM software,FALSE
Cimatron CimatronE Master,Computer aided design CAD software,FALSE
Cimatron computer-aided design and manufacturing,Computer aided manufacturing CAM software,FALSE
Circle Systems Stat/Transfer,Analytical or scientific software,FALSE
Circuit evaluation,Analytical or scientific software,FALSE
Circuit simulation,Analytical or scientific software,FALSE
Cirrus Group Daycare Works,Enterprise resource planning ERP software,FALSE
Cisco AnyConnect,Access software,FALSE
Cisco IOS,Operating system software,FALSE
Cisco Systems Cisco NetFlow Collection Engine,Network monitoring software,FALSE
Cisco Systems Cisco Traffic Analyzer,Network monitoring software,FALSE
Cisco Systems Cisco Web Cache Communication Protocol WCCP,Switch or router software,FALSE
Cisco Systems CiscoWorks,Administration software,FALSE
Cisco Systems CiscoWorks LAN Management Solution,Administration software,FALSE
Cisco Systems Gateway Load Balancing Protocol GLBP,Switch or router software,FALSE
Cisco Systems Hot Standby Router Protocol HSRP,Switch or router software,FALSE
Cisco Systems VPN Client,Network security or virtual private network VPN management software,FALSE
Cisco Systems WAN Manager,Software defined networking/ virtualization software,FALSE
Cisco Systems Wireless Control System WCS,Administration software,FALSE
Cisco Webex,Video conferencing software,TRUE
Cision CisionPoint,Data base user interface and query software,FALSE
Citect IIM,Industrial control software,FALSE
CitectSCADA Reports,Industrial control software,FALSE
Citi The Yield Book Calculator,Financial analysis software,FALSE
Citilabs Cube,Analytical or scientific software,FALSE
Citilabs TRANPLAN,Analytical or scientific software,FALSE
Citrix XenApp,Application server software,FALSE
Citrix cloud computing,Access software,FALSE
Claim processing,Data base user interface and query software,FALSE
Claims processing administration and management,Data base user interface and query software,FALSE
Clarified Networks Clarified Analyzer,Network monitoring software,FALSE
Claritas ConsumerPoint,Customer relationship management CRM software,FALSE
Claritas PRIZM NE,Analytical or scientific software,FALSE
Clarity Systems IBM Clarity,Enterprise resource planning ERP software,FALSE
Clarizen,Project management software,FALSE
Clark Labs CartaLinx,Map creation software,FALSE
Clark Labs IDRISI,Map creation software,FALSE
Clark Labs IDRISI Andes,Map creation software,FALSE
Clark Labs IDRISI Selva,Analytical or scientific software,FALSE
ClassApps SelectSurveyASP,Project management software,FALSE
ClassDojo,Desktop communications software,FALSE
ClassTag,Desktop communications software,FALSE
Classification Web,Information retrieval or search software,FALSE
Clayton Wallis CompGeo Online Professional Forecast Library,Data base user interface and query software,FALSE
Clear Books,Accounting software,FALSE
Clear Technology Tranzax,Document management software,FALSE
ClearEDGE,Data base user interface and query software,FALSE
ClearTrial,Data base user interface and query software,FALSE
Click MusicalKEYS,Music or sound editing software,FALSE
Click1003 Online Mortgage Application,Financial analysis software,FALSE
ClienTrak!,Data base user interface and query software,FALSE
Client Profiles Case Management,Data base user interface and query software,FALSE
Client assessment,Analytical or scientific software,FALSE
Client billing,Billing and invoicing software,FALSE
Client caseload management,Medical software,FALSE
Client databases,Data base user interface and query software,FALSE
Client information database,Medical software,FALSE
Client information databases,Data base user interface and query software,FALSE
Client records,Medical software,FALSE
ClimateMaster GeoDesigner,Analytical or scientific software,FALSE
ClinLab LIS,Medical software,FALSE
CliniTrend,Analytical or scientific software,FALSE
Clinical Information Systems CISLab CPS,Medical software,FALSE
Clinical Software Solutions CLIN1 Suite,Medical software,FALSE
Clinical data management system CDMS,Data base user interface and query software,FALSE
Clinical trial management,Data base user interface and query software,FALSE
Clinical trials database,Data base user interface and query software,FALSE
Clinicient Insight,Medical software,FALSE
Clinivate Clinitrak,Medical software,FALSE
Clipper,Development environment software,FALSE
Clockware,Human resources software,FALSE
CloudCompare,Analytical or scientific software,FALSE
CloudWorks,Application server software,FALSE
Cloudera Impala,Data base user interface and query software,FALSE
Clover Technology GALENA,Analytical or scientific software,FALSE
CloverETL,Development environment software,FALSE
ClubSoft Food & Beverage Point of Sale,Point of sale POS software,FALSE
Cluen Encore,Human resources software,FALSE
Cluen executive recruitment,Human resources software,FALSE
ClustalW,Analytical or scientific software,FALSE
Cluster server,Clustering software,FALSE
Clustermatic,Clustering software,FALSE
CoPilot Flight Planning & E6B,Data base user interface and query software,FALSE
CoPilot Truck,Route navigation software,FALSE
CoVirt VirtGate,Enterprise resource planning ERP software,FALSE
Cobblestone Systems Contract Insight,Data base user interface and query software,FALSE
Cobent Learning and Compliance Suite LCS,Computer based training software,FALSE
Code Line Art Files,Document management software,FALSE
Code database,Data base user interface and query software,FALSE
Code generator,Compiler and decompiler software,FALSE
Code hosting,Application server software,FALSE
Code libraries,Development environment software,FALSE
Code munger,Development environment software,FALSE
Code profilers,Program testing software,FALSE
CodeFutures dbShards,Data base management system software,FALSE
CodeJam MemoriesOnTV,Video creation and editing software,FALSE
CodedColor,Graphics or photo imaging software,FALSE
Coding database,Information retrieval or search software,FALSE
Codon Usage Database,Analytical or scientific software,FALSE
Coeus,Project management software,FALSE
CoffeeCup The HTML Editor,Web page creation and editing software,FALSE
Coglin Mill RODIN,Metadata management software,FALSE
CogniSyst Computerized Assessment of Response Bias CARB,Medical software,FALSE
Coin Educational Products Climb K-5 Online,Data base user interface and query software,FALSE
Coin Educational Products Coin Jr.,Data base user interface and query software,FALSE
Colasoft Capsa Enterprise,Network monitoring software,FALSE
Colasoft Capsa Free,Network monitoring software,FALSE
Colibripms Software Colibri,Customer relationship management CRM software,FALSE
Collaborative Application Markup Language CAML,Object or component oriented development software,FALSE
Collaborative application lifecycle management ALM,Enterprise resource planning ERP software,FALSE
Collaborative editing,Word processing software,FALSE
Collateral Consequences Calculator,Legal management software,FALSE
Collection Data Systems CollectOne-Tiger,Customer relationship management CRM software,FALSE
Collection Point Management System CPMS,Data base user interface and query software,FALSE
College Central Network Career Services Central,Data base user interface and query software,FALSE
CollegeNET Schedule 25,Facilities management software,FALSE
Collier Research HyperSizer,Analytical or scientific software,FALSE
Collision damage estimation,Analytical or scientific software,FALSE
Collision damage measurement,Analytical or scientific software,FALSE
Color management,Document management software,FALSE
ColorSoft AutoMatch,Categorization or classification software,FALSE
Columbia Ultimate Archive,Customer relationship management CRM software,FALSE
Columbia Ultimate RPCS,Customer relationship management CRM software,FALSE
Columbia Ultimate Remit,Point of sale POS software,FALSE
ComBase,Information retrieval or search software,FALSE
ComChart EMR,Medical software,FALSE
Combined DNA Index System CODIS,Data base user interface and query software,FALSE
Combined Heat and Power Application Tool CHP,Analytical or scientific software,FALSE
Comcash ERP,Point of sale POS software,FALSE
Command Alkon COMMANDconcrete,Customer relationship management CRM software,FALSE
Command Systems ComServe,Data base user interface and query software,FALSE
Command interpreters,Compiler and decompiler software,FALSE
Commence Application Suite,Customer relationship management CRM software,FALSE
Commercial and industrial development project cost analysis,Financial analysis software,FALSE
Commercial driver's license information system CDLIS,Data base user interface and query software,FALSE
Commercial plate reader,Medical software,FALSE
Commercial vehicle operations CVO,Mobile location based services software,FALSE
Common Curriculum,Computer based training software,FALSE
Common Lisp Object System CLOS,Object or component oriented development software,FALSE
Common MASINT Exploitation Tool COMET,Analytical or scientific software,FALSE
Common business oriented language COBOL,Development environment software,FALSE
Common cause failure assessment,Analytical or scientific software,FALSE
Common gateway interface CGI,Enterprise application integration software,FALSE
Community Climate System Model CCSM,Analytical or scientific software,FALSE
CommunityViz,Computer aided design CAD software,FALSE
Commutator profiling,Analytical or scientific software,FALSE
Comp Pro Med Polytech,Medical software,FALSE
Compaq Insight Manager,Network monitoring software,FALSE
Compass Municipal Services CAMAlot,Analytical or scientific software,FALSE
Compass,Analytical or scientific software,FALSE
Compatibility testing,Program testing software,FALSE
Compeat Restaurant Accounting,Accounting software,FALSE
Compilers,Compiler and decompiler software,FALSE
Complaint management,Customer relationship management CRM software,FALSE
Complementary-symmetry/metal-oxide semiconductor CMOS layout,Computer aided design CAD software,FALSE
Complete Clinic,Medical software,FALSE
Compliance 360,Compliance software,FALSE
Compliance testing,Compliance software,FALSE
Compliance11 Supervisory Suite,Compliance software,FALSE
ComplianceBridge Total Compliance,Compliance software,FALSE
ComplianceMAX,Compliance software,FALSE
Complus Data Innovations FastTrack,Data base user interface and query software,FALSE
Component libraries,Development environment software,FALSE
Component object model COM,Object or component oriented development software,FALSE
Component-based Scalable Logical Architecture CSLA,Object or component oriented development software,FALSE
Compounder,Medical software,FALSE
Comprehensive Affect Testing System CATS,Analytical or scientific software,FALSE
Compris Advanced Manager's Workstation,Point of sale POS software,FALSE
Compris,Point of sale POS software,FALSE
Compu-Cal Nutrition Assistant,Analytical or scientific software,FALSE
CompuLaw Vision,Calendar and scheduling software,FALSE
CompuTant CounterPoint,Point of sale POS software,FALSE
CompuWeigh GMS,Data base user interface and query software,FALSE
Compugov DocketView,Calendar and scheduling software,FALSE
Compulink Business Systems Eyecare Advantage,Medical software,FALSE
Compulink Eyecare Advantage,Medical software,FALSE
Comput-Ability Mechanical Insulation Key Estimator,Data base user interface and query software,FALSE
Computational Dynamics STAR-CD,Computer aided design CAD software,FALSE
Computational fluid dynamics CFD,Analytical or scientific software,FALSE
Computational modeling,Analytical or scientific software,FALSE
Computational statistics,Analytical or scientific software,FALSE
Computer Aided Vision Therapy CAVT,Medical software,FALSE
Computer Algebra System for Algebraic Geometry CASA,Analytical or scientific software,FALSE
Computer Assisted Diagnostic Interview CADI,Medical software,FALSE
Computer Associates ArcServ Backup,Backup or archival software,FALSE
Computer Associates Log Analyzer,Program testing software,FALSE
Computer Associates integrated data management system CA-IDMS,Data base management system software,FALSE
Computer Directions Route Sales Tracker,Inventory management software,FALSE
Computer Generated Solutions Learning Management,Computer based training software,FALSE
Computer Linked Application Information Management System CLAIMS,Data base user interface and query software,FALSE
Computer Modelling Group CMG STARS,Analytical or scientific software,FALSE
Computer On-line Real-time Applications Language CORAL 66,Development environment software,FALSE
Computer Resources MMS,Enterprise resource planning ERP software,FALSE
Computer Sciences Corporation Legal Solutions Suite,Data base user interface and query software,FALSE
Computer Service & Support CLS-2000 Laboratory,Medical software,FALSE
Computer Service and Support AR 2000 Laboratory Billing,Accounting software,FALSE
Computer Systems Company R4 ACERT,Medical software,FALSE
Computer Trust WinSurge,Medical software,FALSE
Computer access catalog,Library software,FALSE
Computer aided composite drawing,Graphics or photo imaging software,FALSE
Computer aided design and computer aided manufacturing CAD/CAM engraving,Computer aided design CAD and computer aided manufacturing CAM system,FALSE
Computer aided design and drafting CADD,Computer aided design CAD software,FALSE
Computer aided design and drafting software CADD,Computer aided design CAD software,FALSE
Computer aided dispatch,Helpdesk or call center software,FALSE
Computer aided dispatching auto routing,Expert system software,FALSE
Computer aided image analysis,Medical software,FALSE
Computer aided software engineering CASE,Object or component oriented development software,FALSE
Computer assisted design,Computer aided design CAD software,FALSE
Computer assisted jewelry design CAD,Computer aided design CAD software,FALSE
Computer assisted language learning CALL,Foreign language software,FALSE
Computer assisted mass appraisal CAMA,Analytical or scientific software,FALSE
Computer assisted software engineering CASE,Computer aided design CAD software,FALSE
Computer assisted telephone interviewing CATI,Expert system software,FALSE
Computer diagnostic,Analytical or scientific software,FALSE
Computer drawing,Graphics or photo imaging software,FALSE
Computer estimation,Project management software,FALSE
Computer forensic,Filesystem software,FALSE
Computer graphics,Graphics or photo imaging software,FALSE
Computer imaging,Graphics or photo imaging software,FALSE
Computer integrated manufacturing CIM,Calendar and scheduling software,FALSE
Computer integrated manufacturing CIM time manager,Human resources software,FALSE
Computer integrated manufacturing CIM warehouse shipping manager,Inventory management software,FALSE
Computer intrusion detection,Network security or virtual private network VPN management software,FALSE
Computer modeling,Analytical or scientific software,FALSE
Computer numerical control CNC editor,Industrial control software,FALSE
Computer numerical control CNC,Industrial control software,FALSE
Computer operating,Operating system software,FALSE
Computer perceptual processing,Computer based training software,FALSE
Computer reading,Optical character reader OCR or scanning software,FALSE
Computer records,Data base user interface and query software,FALSE
Computer reservation system CRS,Data base user interface and query software,FALSE
Computer simulation,Analytical or scientific software,FALSE
Computer system diagnostics,Program testing software,FALSE
Computer-aided drafting or design,Computer aided design CAD software,FALSE
Computer-aided engineering CAE,Analytical or scientific software,FALSE
Computer-aided inspection,Computer aided manufacturing CAM software,FALSE
Computer-assisted career guidance,Data base user interface and query software,FALSE
Computer-assisted live supervision,Network monitoring software,FALSE
Computer-assisted testing,Data base user interface and query software,FALSE
ComputerEase construction accounting,Project management software,FALSE
Computerized aircraft log manager CALM,Information retrieval or search software,FALSE
Computerized bed control,Materials requirements planning logistics and supply chain software,FALSE
Computerized call calendars,Calendar and scheduling software,FALSE
Computerized diagnostic programs,Analytical or scientific software,FALSE
Computerized diagnostic,Analytical or scientific software,FALSE
Computerized indexing,Categorization or classification software,FALSE
Computerized inventory tracking,Inventory management software,FALSE
Computerized maintenance management system CMMS,Facilities management software,FALSE
Computerized maintenance management system software CMMS,Facilities management software,FALSE
Computerized numerical control CNC machine,Industrial control software,FALSE
Computerized numerical control CNC programming,Industrial control software,FALSE
Computerized numerical control CNC,Industrial control software,FALSE
Computerized physician order entry CPOE,Medical software,FALSE
Computerized statistical packages,Analytical or scientific software,FALSE
Computerized testing programs,Analytical or scientific software,FALSE
Computerized testing,Computer based training software,FALSE
Computerized time management,Calendar and scheduling software,FALSE
Computerized voice stress analyzer CVSA,Interactive voice response software,FALSE
Computers Unlimited TIMS for Audiology,Medical software,FALSE
Computhink ViewWise,Document management software,FALSE
Computing Solutions LabSoft LIMS,Analytical or scientific software,FALSE
Computing Solutions LabSoft LIMS Micro,Analytical or scientific software,FALSE
Computrition Nutrition Care Management NCM Select,Medical software,FALSE
Compuware ClientVantage Agentless Monitoring,Network monitoring software,FALSE
ConEst BidTrac,Project management software,FALSE
ConEst Electrical Formulas,Analytical or scientific software,FALSE
ConEst IntelliBid Design Build,Computer aided design CAD software,FALSE
ConEst Intellibid,Financial analysis software,FALSE
ConEst JobTrac,Project management software,FALSE
ConEst Permit Trac,License management software,FALSE
ConEst SureCount,Computer aided design CAD software,FALSE
ConEst T&M Billing Manager,Billing and invoicing software,FALSE
Conarc iChannel,Document management software,FALSE
ConceptDraw,Graphics or photo imaging software,FALSE
Concierge Systems Report Concierge,Word processing software,FALSE
Concurrency control,Data base management system software,FALSE
Concurrent Versions,File versioning software,FALSE
Conductor Searchlight,Business intelligence and data analysis software,FALSE
Conformance and validation testing,Program testing software,FALSE
Congruity Technologies Inspector,Network monitoring software,FALSE
Connectivity,Platform interconnectivity software,FALSE
Conners' Continuous Performance Test II,Medical software,FALSE
Consilience Software Maven Insurance Automation Suite,Enterprise resource planning ERP software,FALSE
Consolidated Model of Fire and Smoke Transport CFAST,Analytical or scientific software,FALSE
Consolidated compartment fire model CCFM,Analytical or scientific software,FALSE
Consolidated fire and smoke transport model CFAST,Analytical or scientific software,FALSE
Constant Contact,Customer relationship management CRM software,FALSE
Constellation Justice Systems CourtView,Project management software,FALSE
ConstructConnect PlanSwift,Project management software,FALSE
Construction Management Software ProEst,Analytical or scientific software,FALSE
Construction Master Pro,Analytical or scientific software,FALSE
Construction Software Center EasyEst,Project management software,FALSE
Consular Consolidated Database CCD,Data base user interface and query software,FALSE
Consult-PRO,Medical software,FALSE
Consultants in Data Processing HRnet,Human resources software,FALSE
Contact management,Calendar and scheduling software,FALSE
Content filter,Network security and virtual private network VPN equipment software,FALSE
Content management systems CMS,Web page creation and editing software,FALSE
ContextMiner,Data mining software,FALSE
Continuous emission management,Compliance software,FALSE
Continuous emissions monitoring systems CEMS,Industrial control software,FALSE
Continuous integration,File versioning software,FALSE
Contour Storyteller,Word processing software,FALSE
Contract Central,Desktop publishing software,FALSE
Contract management,Project management software,FALSE
Contract tracking,Customer relationship management CRM software,FALSE
Control Station ENGINEER,Analytical or scientific software,FALSE
ControlCase Compliance Manager,Compliance software,FALSE
Controlled Oral Word Association Task,Medical software,FALSE
Convention Industry Council CIC APEX Toolbox,Project management software,FALSE
Convex FactLogic,Analytical or scientific software,FALSE
Conveyor control,Industrial control software,FALSE
Cooking e-books,Data base user interface and query software,FALSE
Cool Roof Calculator,Analytical or scientific software,FALSE
Cooperative Processing Resources DMS Professional Suite,Financial analysis software,FALSE
Coordinate geometry COGO,Analytical or scientific software,FALSE
Coordinate measuring machine,Industrial control software,FALSE
Coordinated incident management system CIMS,Network security or virtual private network VPN management software,FALSE
Coptimal Logics AutoLoad Pro,Materials requirements planning logistics and supply chain software,FALSE
Core Informatics Laboratory Information Management System LIMS,Analytical or scientific software,FALSE
Core Solutions Care Enterprise,Medical software,FALSE
CoreLogic DebtorTrace,Data base user interface and query software,FALSE
CorePark Valet,Point of sale POS software,FALSE
Corel CorelDraw Graphics Suite,Graphics or photo imaging software,FALSE
Corel CorelScan,Optical character reader OCR or scanning software,FALSE
Corel OCR-Trace 8,Optical character reader OCR or scanning software,FALSE
Corel Paint Shop Pro,Graphics or photo imaging software,FALSE
Corel Painter,Graphics or photo imaging software,FALSE
Corel Painter Sketch Pad,Graphics or photo imaging software,FALSE
Corel Paradox,Data base user interface and query software,FALSE
Corel Photo-Paint,Graphics or photo imaging software,FALSE
Corel Presentation,Presentation software,FALSE
Corel QuattroPro,Spreadsheet software,FALSE
Corel Ulead DVD Workshop,Video creation and editing software,FALSE
Corel Ventura,Desktop publishing software,FALSE
Corel WebDraw,Video creation and editing software,FALSE
Corel WinZip,Data compression software,FALSE
Corel WordPerfect Office Suite,Office suite software,FALSE
Cornerstone OnDemand Cornerstone Learning,Computer based training software,FALSE
Cornucopia Software Practice MAGIC,Medical software,FALSE
Corporate Focus Solium Shareworks,Data base user interface and query software,FALSE
Corporate Information Factory CIF,Data base user interface and query software,FALSE
Corporate Montage CADScript,Desktop publishing software,FALSE
Corporate Responsibility System Technologies Limited CRSTL Compliance Positioning,Compliance software,FALSE
Corporate Responsibility System Technologies Limited Compliance Positioning,Compliance software,FALSE
Corporate Systems ClaimsPro,Data base reporting software,FALSE
Corporatek EnAct Platinum,Data base user interface and query software,FALSE
Corpscon,Analytical or scientific software,FALSE
Corrections housing,Data base management system software,FALSE
CorridorDesigner,Map creation software,FALSE
Corte Certo,Computer aided design CAD software,FALSE
Cortex Medical Management Systems Cortex Medical Billing,Billing and invoicing software,FALSE
Cortex Medical Management Systems The Gold Standard,Medical software,FALSE
Cosmo Software Cosmo World,Computer aided design CAD software,FALSE
Cost accounting,Accounting software,FALSE
Cost estimating,Project management software,FALSE
Cost tracking,Accounting software,FALSE
CostGuard,Accounting software,FALSE
Couchbase Server,Data base management system software,FALSE
Counseling,Analytical or scientific software,FALSE
Countersoft Gemini,Project management software,FALSE
Countryside Data Ag Payroll,Time accounting software,FALSE
Course management,Computer based training software,FALSE
Court docket management,Calendar and scheduling software,FALSE
Court records databases,Data base user interface and query software,FALSE
Courtpages,Data base user interface and query software,FALSE
Courtroom Data Solutions Techlennium,Voice recognition software,FALSE
Courtroom scheduling,Legal management software,FALSE
Covansys ClaimConnect,Document management software,FALSE
Coventor ARCHITECT3D,Analytical or scientific software,FALSE
Coventor CoventorWare,Analytical or scientific software,FALSE
Cowculator,Analytical or scientific software,FALSE
Coyote Software DynaSCAPE Design,Computer aided design CAD software,FALSE
CppUnit,Program testing software,FALSE
Cradoc fotoBiz,Data base user interface and query software,FALSE
Craftsman CD Estimator,Project management software,FALSE
Crane operation control,Industrial control software,FALSE
Crash Mapping Analysis Tool CMAT,Analytical or scientific software,FALSE
Creative Data Solutions DuProcess,Data base user interface and query software,FALSE
Creative Research Survey,Data base user interface and query software,FALSE
Creative Research Systems The Survey,Project management software,FALSE
Creative Solutions CPA Depreciation,Tax preparation software,FALSE
Creative Solutions UltraTax 1040,Tax preparation software,FALSE
Creative Solutions UltraTax CS,Tax preparation software,FALSE
Creative System GHS,Analytical or scientific software,FALSE
Creative Systems Corporation Freight-Link,Materials requirements planning logistics and supply chain software,FALSE
Credit adjudication and lending management system CALMS,Document management software,FALSE
Credit and risk analysis,Financial analysis software,FALSE
Credit card processing,Point of sale POS software,FALSE
Credit fraud detection,Financial analysis software,FALSE
Credit management,Financial analysis software,FALSE
Credit reporting,Financial analysis software,FALSE
Credit underwriting,Financial analysis software,FALSE
Credo Interactive DanceForms,Graphics or photo imaging software,FALSE
Creo Synapse Upfront,Materials requirements planning logistics and supply chain software,FALSE
Crescendo Systems Corporation MedRite-XL,Medical software,FALSE
Crescendo Systems DigiScribe-XL,Voice recognition software,FALSE
Crick Software Clicker 4,Word processing software,FALSE
Crime mapping,Map creation software,FALSE
CrimeCog Technologies E*Justice,Data base user interface and query software,FALSE
Criss Software XRF11,Analytical or scientific software,FALSE
Criterion Planners INDEX,Map creation software,FALSE
Criticality analysis,Analytical or scientific software,FALSE
CroPMan,Data base user interface and query software,FALSE
Crocodile Consulting Traffic Control,Data base user interface and query software,FALSE
Crones & Associations Project Tracker Pro,Project management software,FALSE
Cronometer,Analytical or scientific software,FALSE
CropSyst Suite,Analytical or scientific software,FALSE
CrossTec NetOp Remote Control,Desktop communications software,FALSE
Crowell Systems Medformix,Medical software,FALSE
Crows Dynamics Simulex,Analytical or scientific software,FALSE
CruiseControl,Development environment software,FALSE
Cryptographic key management,Network security and virtual private network VPN equipment software,FALSE
CrystalMaker,Analytical or scientific software,FALSE
Crystallography & NMR System (CNS),Analytical or scientific software,FALSE
Crystallography,Analytical or scientific software,FALSE
Crytek CryEngine,Development environment software,FALSE
Cuadra Associates STAR/Museums,Data base user interface and query software,FALSE
Cubic Synchro Studio,Analytical or scientific software,FALSE
Cufflinks,Analytical or scientific software,FALSE
Culinary Software Services ChefTec,Data base user interface and query software,FALSE
Cullimore & Ring Technologies SINDA/FLUINT,Analytical or scientific software,FALSE
Cullimore & Ring Technologies Thermal Desktop,Analytical or scientific software,FALSE
Cummins INSITE,Analytical or scientific software,FALSE
Cura Software Solutions Cura for Compliance Management,Compliance software,FALSE
Curbside Laundries Wash and Fold POS,Point of sale POS software,FALSE
Current procedural terminology CPT,Document management software,FALSE
Curtis Management Resources Training Management,Data base user interface and query software,FALSE
Curto Drum,Music or sound editing software,FALSE
Custom Data Systems Sterling Management,Data base user interface and query software,FALSE
Custom Software Group CSG AgroSys,Enterprise resource planning ERP software,FALSE
Custom Software Systems StarLab,Medical software,FALSE
Customer Expressions i-Sight,Customer relationship management CRM software,FALSE
Customer account management,Customer relationship management CRM software,FALSE
Customer complaint ticketing management,Customer relationship management CRM software,FALSE
Customer database,Data base user interface and query software,FALSE
Customer information control system CICS,Transaction server software,FALSE
Customer information databases,Customer relationship management CRM software,FALSE
Customer service and support,Customer relationship management CRM software,FALSE
Customer service knowledge generation,Data base user interface and query software,FALSE
Customs records databases,Data base user interface and query software,FALSE
Cutlist Plus fx,Computer aided design CAD software,FALSE
Cworks CMMS,Facilities management software,FALSE
Cyber Records MediChart Express,Voice recognition software,FALSE
CyberArk,Network security or virtual private network VPN management software,FALSE
CyberDyne Industries CaseWizard,Data base user interface and query software,FALSE
CyberMatrix,Point of sale POS software,FALSE
CyberMatrix POS,Point of sale POS software,FALSE
CyberShift Workforce Management 3G Time and Attendance,Time accounting software,FALSE
CyberSoft NutriBase,Data base user interface and query software,FALSE
Cybermetrics GAGETrak,Industrial control software,FALSE
Cybermotion 3D Designer,Graphics or photo imaging software,FALSE
Cybersoft Primero Software Suite,Enterprise resource planning ERP software,FALSE
Cyclone,Data conversion software,FALSE
Cygnet Infotech Optifocus,Medical software,FALSE
Cygnus IncomeMax,Financial analysis software,FALSE
Cygnus Software IncomeMax,Financial analysis software,FALSE
Cygwin,Operating system software,FALSE
CyrillicSoftware Cyrillic,Medical software,FALSE
Cytel Egret,Analytical or scientific software,FALSE
Cytel LogXact,Analytical or scientific software,FALSE
Cytel Software XLMiner,Data mining software,FALSE
Cytel StatXact,Analytical or scientific software,FALSE
D'Arcangelo Galileo,Financial analysis software,FALSE
D'accord Music Software iChords,Music or sound editing software,FALSE
D-CALC FACADE 4000,Computer aided design CAD software,FALSE
DAGRIS,Data base user interface and query software,FALSE
DATAN Merlin Fastab,Presentation software,FALSE
DATAssimilate Systems DATAssimilator,Document management software,FALSE
DAZ Productions Bryce,Graphics or photo imaging software,FALSE
DAZ Productions Carrara,Graphics or photo imaging software,FALSE
DB Tech RAS,Document management software,FALSE
DBTools Software DBManager Professional,Data base management system software,FALSE
DCI iCore,Enterprise resource planning ERP software,FALSE
DFA Capital Management GEMS,Financial analysis software,FALSE
DGCC.com RecruitTrack,Human resources software,FALSE
DHI MIKE URBAN,Analytical or scientific software,FALSE
DHI Water and Environment MIKE SHE,Analytical or scientific software,FALSE
DIVA-GIS,Geographic information system,FALSE
DIgSILENT PowerFactory,Analytical or scientific software,FALSE
DL_POLY,Analytical or scientific software,FALSE
DM2 Bills of Lading,Materials requirements planning logistics and supply chain software,FALSE
DNA sequencing,Analytical or scientific software,FALSE
DOC Cop,Information retrieval or search software,FALSE
DOE-2,Analytical or scientific software,FALSE
DORIS FILESERVERonline,Enterprise resource planning ERP software,FALSE
DOS shell script,Operating system software,FALSE
DP Technology ESPRIT,Computer aided manufacturing CAM software,FALSE
DPS Software General Litigation,Data base user interface and query software,FALSE
DQO ELIPGRID-PC,Analytical or scientific software,FALSE
DQO-PRO,Analytical or scientific software,FALSE
DRAWSTITCH Artistic Sewing Suite,Computer aided design CAD software,FALSE
DRG grouping,Categorization or classification software,FALSE
DSA Foxware Warehouse Management,Inventory management software,FALSE
DSC Pacer Interactive Voice Response,Voice recognition software,FALSE
DSN Software Dental-Exec,Medical software,FALSE
DSN Software Oral Surgery-Exec,Medical software,FALSE
DSN Software Perio-Exec,Medical software,FALSE
DSP Development DADiSP,Analytical or scientific software,FALSE
DX Studio,Development environment software,FALSE
DZS Software Solutions ClinPlus,Data base user interface and query software,FALSE
DaVinci Resolve,Video creation and editing software,FALSE
Daily Manager,Document management software,FALSE
Dalet Digital Media Systems Dalet Media Life,Enterprise resource planning ERP software,FALSE
Damen DAMOS,Facilities management software,FALSE
Daptiv PPM,Data base user interface and query software,FALSE
Dartfish ProSuite,Video creation and editing software,FALSE
Dartware InterMapper,Network monitoring software,FALSE
Darwin information typing architecture DITA,Development environment software,FALSE
Dassault Systemes Abaqus,Analytical or scientific software,FALSE
Dassault Systemes CATIA,Computer aided design CAD software,FALSE
Dassault Systemes Dymola,Analytical or scientific software,FALSE
Dassault Systemes Simulia Abaqus FEA,Analytical or scientific software,FALSE
Dassault Systemes SolidWorks,Computer aided design CAD software,TRUE
DatInf DigiMakeup,Graphics or photo imaging software,FALSE
Data Frenzy,Human resources software,FALSE
Data Management TimeClock Plus,Time accounting software,FALSE
Data Recovery Software SQL Server Data Recovery,Backup or archival software,FALSE
Data Team DDS,Medical software,FALSE
Data Technologies Summit,Data base reporting software,FALSE
Data Trace Title IQ,Data base user interface and query software,FALSE
Data Translation quickDAQ,Analytical or scientific software,FALSE
Data acquisition,Analytical or scientific software,FALSE
Data definition language DDL,Data base management system software,FALSE
Data dictionary,Metadata management software,FALSE
Data entry,Data base user interface and query software,FALSE
Data extraction,Data mining software,FALSE
Data input,Data base user interface and query software,FALSE
Data logger,Analytical or scientific software,FALSE
Data logging,Data base user interface and query software,FALSE
Data management,Data base user interface and query software,FALSE
Data manipulation language DML,Data base management system software,FALSE
Data mapping,Metadata management software,FALSE
Data mining,Analytical or scientific software,FALSE
Data modeling,Metadata management software,FALSE
Data reduction,Analytical or scientific software,FALSE
Data transfer,Document management software,FALSE
Data transformation services DTS,Data base management system software,FALSE
Data validation,Information retrieval or search software,FALSE
Data warehouse,Data mining software,FALSE
Data-Tel Ceasar,Customer relationship management CRM software,FALSE
DataBasix Technologies Lead Commander,Customer relationship management CRM software,FALSE
DataCom Software Business Products M.I.S. Clinic,Medical software,FALSE
DataDescription DataDesk,Analytical or scientific software,FALSE
DataMystic TextPipe Pro,Analytical or scientific software,FALSE
DataPath dpiSuite,Human resources software,FALSE
DataPipe EHS,Data base user interface and query software,FALSE
DataSwell,Business intelligence and data analysis software,FALSE
DataTeam Lunch Express,Point of sale POS software,FALSE
DataVision,Data base reporting software,FALSE
DataViz Beyond Contacts,Customer relationship management CRM software,FALSE
DataWorks Plus Digital CrimeScene,Data base user interface and query software,FALSE
Database Systems Corp Telemation,Customer relationship management CRM software,FALSE
Database application,Data base user interface and query software,FALSE
Database capacity planning,Requirements analysis and system architecture software,FALSE
Database cloning,Backup or archival software,FALSE
Database design,Data base management system software,FALSE
Database management,Data base user interface and query software,FALSE
Database management system DBMS,Object oriented data base management software,FALSE
Database reporting,Data base reporting software,FALSE
Database security,Network security or virtual private network VPN management software,FALSE
Database testing,Program testing software,FALSE
Databox,Data base user interface and query software,FALSE
Datafarm S-Cubed,Document management software,FALSE
Datafarm a-Pulse,Document management software,FALSE
Datafarm eCTDGatekeeper,Document management software,FALSE
Datafarm eCTDViewer,Document management software,FALSE
Dataflight Opticon,Desktop publishing software,FALSE
Datagroup ElectroFile 1040,Tax preparation software,FALSE
Datagroup ElectroFile ELF,Tax preparation software,FALSE
Datagroup ElectroFile ST,Tax preparation software,FALSE
Datair Employee Benefits,Financial analysis software,FALSE
Datalog with guidance DLWG,Analytical or scientific software,FALSE
Datamatics V-Core HR,Human resources software,FALSE
Datanex ClaimTrac,Document management software,FALSE
Datasurge GEOPRO,Analytical or scientific software,FALSE
Datasym SYMFINITE,Point of sale POS software,FALSE
Datatech The Farmer's Office,Accounting software,FALSE
Datatel Colleague,Enterprise resource planning ERP software,FALSE
Datavantage,Financial analysis software,FALSE
Datavis DBS Designer,Analytical or scientific software,FALSE
Datawatch Monarch,Data mining software,FALSE
Dataxiom StatMost,Analytical or scientific software,FALSE
Dataxiom Xpro,Analytical or scientific software,FALSE
DatcoMedia EBis,Accounting software,FALSE
Day Software CQ5 Web Content Management,Document management software,FALSE
DaySmart Software 123Pet,Data base user interface and query software,FALSE
DaySmart Software Appointment-Plus,Calendar and scheduling software,FALSE
DaySmart Software Salon Iris,Data base user interface and query software,FALSE
Daystar iStructural.com,Project management software,FALSE
Dazzlersoft DazzlerMax,Presentation software,FALSE
De Novo Systems De Novo CaseMgr,Data base user interface and query software,FALSE
DeChant Consulting Services iWitness,Graphics or photo imaging software,FALSE
DeLorme Topo USA,Map creation software,FALSE
Deacom ERP,Enterprise resource planning ERP software,FALSE
DealMaven Comparable Company Valuation Analysis,Financial analysis software,FALSE
DealMaven M&A Accretion/Dilution One-Pager,Financial analysis software,FALSE
DealMaven Modeling ToolPack for Excel,Financial analysis software,FALSE
DealMaven PresLink for PowerPoint and Word,Presentation software,FALSE
DealerTrax ShopOrder,Data base user interface and query software,FALSE
Dean Evans & Associates EMS Professional,Data base user interface and query software,FALSE
Debt account management and collection,Customer relationship management CRM software,FALSE
Debuggers,Program testing software,FALSE
Debugview,Program testing software,FALSE
Decision Support Technologies Propworks,Expert system software,FALSE
Decision support,Expert system software,FALSE
DecisionBase TiME for OMS,Medical software,FALSE
Decisioneering Crystal Ball,Analytical or scientific software,FALSE
Decompilers,Compiler and decompiler software,FALSE
Decorative Software Online Visualizers,Graphics or photo imaging software,FALSE
Deep Forest Systems OnCite,Data base user interface and query software,FALSE
DeerDays,Analytical or scientific software,FALSE
Defect tracking,Program testing software,FALSE
Defense Travel,Human resources software,FALSE
Definiens Developer,Analytical or scientific software,FALSE
Delcam ArtCAM Express,Computer aided manufacturing CAM software,FALSE
Delcam FeatureCAM,Computer aided manufacturing CAM software,FALSE
Delcam PartMaker,Computer aided manufacturing CAM software,FALSE
Delcam PowerMILL,Computer aided manufacturing CAM software,FALSE
Delcam computer-aided design and manufacturing,Computer aided manufacturing CAM software,FALSE
Delft GeoSystems MStab,Analytical or scientific software,FALSE
Delila,Analytical or scientific software,FALSE
Delivery Routing System DRS,Map creation software,FALSE
Delivery operations information system DOIS,Enterprise resource planning ERP software,FALSE
Delphi Discovery,Financial analysis software,FALSE
Delphi Technology,Financial analysis software,FALSE
Delta Controls inteliWEB,Industrial control software,FALSE
Delta Data Systems AGIS,Geographic information system,FALSE
Deltek Costpoint,Accounting software,FALSE
Deltek Vision,Enterprise resource planning ERP software,FALSE
Deltek professional services,Enterprise resource planning ERP software,FALSE
Denemo,Music or sound editing software,FALSE
DenoSys HRiStragegy,Human resources software,FALSE
Density functional theory DFT,Analytical or scientific software,FALSE
Dental Common Access System DENCAS,Data base user interface and query software,FALSE
Dental billing,Billing and invoicing software,FALSE
Dental charting,Medical software,FALSE
Dental clinical records,Medical software,FALSE
Dental digital radiology,Medical software,FALSE
Dental imaging,Medical software,FALSE
Dental intra-oral imaging,Medical software,FALSE
Dental office management,Medical software,FALSE
Dental product design,Computer aided design CAD software,FALSE
Dental product manufacturing,Computer aided manufacturing CAM software,FALSE
DentalEye,Graphics or photo imaging software,FALSE
DentiMax,Medical software,FALSE
Deoxyribonucleic acid DNA libraries,Data base user interface and query software,FALSE
Deoxyribonucleic acid DNA sequence analysis,Analytical or scientific software,FALSE
Depiction Software Deco-Con,Graphics or photo imaging software,FALSE
Depiction Software Deco-Con Estimator,Project management software,FALSE
Depiction Software Hardscape Imaging,Computer aided design CAD software,FALSE
Derivatives Imagine Trading,Financial analysis software,FALSE
Derivicom FinOptions XL,Financial analysis software,FALSE
Design Safety Engineering Designsafe,Analytical or scientific software,FALSE
Design of experiments DOE,Analytical or scientific software,FALSE
Design specification database,Data base user interface and query software,FALSE
Design-for-testability DFT insertion,Analytical or scientific software,FALSE
DesignBuilder Software DesignBuilder,Analytical or scientific software,FALSE
DesignWare 3D EyeWitness,Graphics or photo imaging software,FALSE
Desire2Learn LMS,Computer based training software,FALSE
Desktop Piano and Drums,Music or sound editing software,FALSE
Desktop Technologies NewsBoss,Project management software,FALSE
Desktop digital photogrammetry system DDPS,Map creation software,FALSE
Desktop partitioning,Filesystem software,FALSE
Desmos,Analytical or scientific software,FALSE
DetNet ViewShot,Analytical or scientific software,FALSE
Detector Actuation Quasi Steady DETACT-QS,Analytical or scientific software,FALSE
DevWave Estimate Works,Project management software,FALSE
Device driver,Device drivers or system software,FALSE
Dex Warehouse,Materials requirements planning logistics and supply chain software,FALSE
Dexter + Cheney Spectrum Construction,Project management software,FALSE
DiMeMa CONTENTdm,Data base user interface and query software,FALSE
Diagnostic and procedural coding,Categorization or classification software,FALSE
Diagnostic image review,Medical software,FALSE
Diagnostic scanner,Analytical or scientific software,FALSE
Diagramming,Pattern design software,FALSE
Dialog DialogLink,Information retrieval or search software,FALSE
Diameter,Authentication server software,FALSE
Diarymaster,Data base user interface and query software,FALSE
Dictation,Voice recognition software,FALSE
DietMaster Systems Clinical Nutrition,Data base user interface and query software,FALSE
DietMaster Systems DietMaster,Data base user interface and query software,FALSE
DifEqu,Analytical or scientific software,FALSE
Diffraction Limited MaxIm DL,Analytical or scientific software,FALSE
DigiPiano,Music or sound editing software,FALSE
DigiTools Roof CAD,Computer aided design CAD software,FALSE
Digital Coach AthleticTrainer,Data base user interface and query software,FALSE
Digital Crew Teamwork Project Manager,Project management software,FALSE
Digital Dispatch,Mobile location based services software,FALSE
Digital Engineering Corporation E-MAPS,Map creation software,FALSE
Digital Equipment Corporation DIGITAL Fortran 90,Development environment software,FALSE
Digital Gateway e-automate,Customer relationship management CRM software,FALSE
Digital Healthcare OptoMize,Medical software,FALSE
Digital Image Management Solutions Crime Scene,Graphics or photo imaging software,FALSE
Digital Imaging Communications in Medicine DICOM medical imaging,Medical software,FALSE
Digital Imaging Communications in Medicine DICOM software/modality management,Medical software,FALSE
Digital Imaging Communications in Medicine DICOM-compatible image acquisition and integration software products,Medical software,FALSE
Digital analysis tests and statistics DATAS for Excel,Financial analysis software,FALSE
Digital analysis tests and statistics DATAS for SAS,Financial analysis software,FALSE
Digital contract,Desktop publishing software,FALSE
Digital control systems DCS,Industrial control software,FALSE
Digital databases,Information retrieval or search software,FALSE
Digital direct control DDC energy management,Industrial control software,FALSE
Digital elevation model DEM,Analytical or scientific software,FALSE
Digital image collections,Information retrieval or search software,FALSE
Digital image correlation DIC,Analytical or scientific software,FALSE
Digital image databases,Information retrieval or search software,FALSE
Digital image processing,Graphics or photo imaging software,FALSE
Digital imaging,Graphics or photo imaging software,FALSE
Digital karyotyping,Analytical or scientific software,FALSE
Digital mapping,Map creation software,FALSE
Digital terrain modeling,Map creation software,FALSE
Digital timing diagram editing,Analytical or scientific software,FALSE
Digitizing and photogrammetric,Optical character reader OCR or scanning software,FALSE
Digitizing,Optical character reader OCR or scanning software,FALSE
Digivey software (expert system feature),Expert system software,FALSE
Digivey software (point of sale feature),Point of sale POS software,FALSE
Dinerware Intuitive Restaurant,Point of sale POS software,FALSE
Direct Hit Systems THREADS,Analytical or scientific software,FALSE
Direct motion computer numerically controlled CNC,Computer aided manufacturing CAM software,FALSE
Direct-to-tool,Flight control software,FALSE
Directory,Data base user interface and query software,FALSE
Disarea 5pm,Project management software,FALSE
Disassembler,Compiler and decompiler software,FALSE
Disaster recovery,Backup or archival software,FALSE
Discrete Dynamics Lab DDLab,Analytical or scientific software,FALSE
Discrete Fourier transform DFT analysis,Analytical or scientific software,FALSE
Discrete event simulation,Analytical or scientific software,FALSE
Discrete ordinates DORT dose assessment computer codes,Analytical or scientific software,FALSE
Disease Mapping and Analysis Program DMAP,Analytical or scientific software,FALSE
Disk file,Filesystem software,FALSE
Disk operating system DOS,Operating system software,FALSE
Distance learning,Computer based training software,FALSE
Distributed component object model DCOM,Object or component oriented development software,FALSE
Distributed control system DCS,Materials requirements planning logistics and supply chain software,FALSE
Distributed database management,Data base management system software,FALSE
Distribution automation,Industrial control software,FALSE
Distribution management system DMS,Industrial control software,FALSE
Diversified Ophthalmics Practice Maximus,Medical software,FALSE
Diving logbook,Data base user interface and query software,FALSE
Diving table,Data base user interface and query software,FALSE
Doc.It DM,Document management software,FALSE
DocSite Registry,Medical software,FALSE
DocTranslate,Foreign language software,FALSE
Docking and ligand binding,Analytical or scientific software,FALSE
DoctorsPartner EMR,Medical software,FALSE
DocuSign eSignature,Document management software,FALSE
DocuTrac QuicDoc,Medical software,FALSE
Document Object Model DOM Scripting,Object or component oriented development software,FALSE
Document creation,Expert system software,FALSE
Document imaging,Document management software,FALSE
Document indexing,Document management software,FALSE
Document management,Document management software,FALSE
Document publishing,Desktop publishing software,FALSE
Document scanning,Optical character reader OCR or scanning software,FALSE
DocumentPlus,Medical software,FALSE
Dolphin CAD/CAM,Computer aided manufacturing CAM software,FALSE
Dolphin Imaging & Management Solutions Dolphin Management,Medical software,FALSE
Dolphin Integration SMASH,Analytical or scientific software,FALSE
Dolphin Lunar,Device drivers or system software,FALSE
Domain name system DNS,Internet directory services software,FALSE
Domestic Animal Diversity Information Service DAD-IS,Data base user interface and query software,FALSE
Domin-8 Enterprise Solutions RentRight,Data base user interface and query software,FALSE
Domin-8 Enterprise Solutions Tenant Pro,Data base user interface and query software,FALSE
Donor management,Medical software,FALSE
Dose modeling,Analytical or scientific software,FALSE
Dose unit calculation,Medical software,FALSE
Dossier,Data base user interface and query software,FALSE
DoubleBridge ROSETTA Phoenix eCTD Viewer,Document management software,FALSE
DoubleBridge ROSETTA Pyramid,Document management software,FALSE
DoubleBridge ROSETTA Sceptre,Document management software,FALSE
DoubleBridge ROSETTA Scribe,Document management software,FALSE
DoubleCheck GRC&T Platform,Compliance software,FALSE
Douglas Associates Forensic Filer,Data base user interface and query software,FALSE
Dowling Associates TRAFFIX,Analytical or scientific software,FALSE
Doxygen,Development environment software,FALSE
Dr. Dispatch,Mobile location based services software,FALSE
Drawing and drafting,Computer aided design CAD software,FALSE
Drawing,Graphics or photo imaging software,FALSE
Drcauto Smart Architect LT Pro,Computer aided design CAD software,FALSE
Dream Computer Piano,Music or sound editing software,FALSE
Drillingsoftware DrillPro,Industrial control software,FALSE
Drillingsoftware Tubular Database,Data base user interface and query software,FALSE
Driving simulators,Computer based training software,FALSE
Drone image capturing,Graphics or photo imaging software,FALSE
Dropbox,Cloud-based data access and sharing software,FALSE
Drug coding,Categorization or classification software,FALSE
Drug compatibility,Data base user interface and query software,FALSE
Drug database,Medical software,FALSE
Drug guide,Information retrieval or search software,FALSE
Drug reference,Information retrieval or search software,FALSE
Drupal,Web platform development software,FALSE
DuPont ColorNet,Data base user interface and query software,FALSE
DuPont Spies Hecker Wizard,Data base user interface and query software,FALSE
Dun and Bradstreet Global DecisionMaker,Financial analysis software,FALSE
Duxbury Braille Translator,Optical character reader OCR or scanning software,FALSE
DxCG RiskSmart,Analytical or scientific software,FALSE
Dyadem FMEA Pro-6,Analytical or scientific software,FALSE
Dydacomp Mail Order Manager,Materials requirements planning logistics and supply chain software,FALSE
Dynamic Energy Systems MedAct,Medical software,FALSE
Dynamic Graphics EarthVision,Computer aided design CAD software,FALSE
Dynamic Loanledger,Financial analysis software,FALSE
Dynamic analysis,Program testing software,FALSE
Dynamic host configuration protocol DHCP,Administration software,FALSE
Dynamic hypertext markup language DHTML,Web platform development software,FALSE
Dynamic modeling,Analytical or scientific software,FALSE
Dynamic object-oriented requirements system DOORS,Analytical or scientific software,FALSE
Dynamic positioning DP,Analytical or scientific software,FALSE
Dynatrace,Network monitoring software,FALSE
Dynix Digital Library,Library software,FALSE
E++ pattern language,Object or component oriented development software,FALSE
E-Verify,Data base user interface and query software,FALSE
E-Z BIS Office,Medical software,FALSE
E-Z Data SmartOffice,Customer relationship management CRM software,FALSE
EBS On Line InstaPay,Time accounting software,FALSE
EBSCO Information Services Academic Search Premier,Library software,FALSE
EBSCO Information Services Library Literature and Information Science Index,Library software,FALSE
"EBSCO Library, Information Science, and Technology Abstracts LISTSA",Library software,FALSE
EBSCO OmniFile FullText Mega,Library software,FALSE
EBSCO Publishing Academic Search Premier,Information retrieval or search software,FALSE
EBSCO Publishing Political Science Complete,Information retrieval or search software,FALSE
ECHIP,Analytical or scientific software,FALSE
ECT International Raceway Multi-Pack,Computer aided design CAD software,FALSE
EDExpress,Data base user interface and query software,FALSE
EDImis Anesthesia Manager,Medical software,FALSE
EEG Portaview,Medical software,FALSE
EEO Made Simple AAPMaker,Human resources software,FALSE
EEO Made Simple AppTrac,Human resources software,FALSE
EFI Hagen OA,Expert system software,FALSE
EGS CALCMENU,Analytical or scientific software,FALSE
EGS FeatureCAM,Computer aided manufacturing CAM software,FALSE
EHS CareRevolution,Medical software,FALSE
EISI NaviPlan,Financial analysis software,FALSE
ELM Resources ELM,Data base user interface and query software,FALSE
ELR Software eLr Extra Language Resources,Medical software,FALSE
EMA TimingDesigner,Computer aided design CAD software,FALSE
EMBOSS,Analytical or scientific software,FALSE
EMC Captiva,Analytical or scientific software,FALSE
EMC Document Sciences xPression,Document management software,FALSE
EMC Documentum,Document management software,FALSE
EMC Ionix Network Configuration Manager,Configuration management software,FALSE
EMC NetWorker,Backup or archival software,FALSE
EMC RSA Archer Business Continuity Management,Enterprise resource planning ERP software,FALSE
EMC Smarts Network Protocol Manager,Network operating system enhancement software,FALSE
EMC Symmetrix DMX,Storage networking software,FALSE
EMD International WindPRO,Analytical or scientific software,FALSE
EMR Experts Pediatric EMR,Medical software,FALSE
EMRlogic Systems ENTERPRISE Visions,Medical software,FALSE
EMT Applications CounselorMax,Data base user interface and query software,FALSE
ENERCALC FastFrame,Computer aided design CAD software,FALSE
ENSEMBL,Analytical or scientific software,FALSE
EPA Storm Water Management Model SWMM,Analytical or scientific software,FALSE
EPCON International CHEMPRO Engineering Suite,Analytical or scientific software,FALSE
EPCON International SYSTEM 7 Process Explorer,Analytical or scientific software,FALSE
EPCON International SiNET,Analytical or scientific software,FALSE
EPIC GIS,Analytical or scientific software,FALSE
EPLAN,Industrial control software,FALSE
ERDAS ER Mapper,Map creation software,FALSE
ERP INDUSTRIOS Material Planning,Materials requirements planning logistics and supply chain software,FALSE
ESA MOSAICS,Analytical or scientific software,FALSE
ESHA Research The Food Processor,Analytical or scientific software,FALSE
ESI Group AutoSEA2,Analytical or scientific software,FALSE
ESI Software ESILAW,Accounting software,FALSE
ESRI ArcCatalog,Geographic information system,FALSE
ESRI ArcEditor,Geographic information system,FALSE
ESRI ArcExplorer,Geographic information system,FALSE
ESRI ArcGIS (analytical or scientific feature),Geographic information system,FALSE
ESRI ArcGIS ArcPy,Analytical or scientific software,FALSE
ESRI ArcGIS Geostatistical Analyst,Geographic information system,FALSE
ESRI ArcGIS Spatial Analyst,Geographic information system,FALSE
ESRI ArcGIS Survey 123,Analytical or scientific software,FALSE
ESRI ArcGIS,Geographic information system,TRUE
ESRI ArcIMS,Geographic information system,FALSE
ESRI ArcInfo,Geographic information system,FALSE
ESRI ArcLogistics,Geographic information system,FALSE
ESRI ArcMap,Geographic information system,FALSE
ESRI ArcPad,Geographic information system,FALSE
ESRI ArcSDE,Geographic information system,FALSE
ESRI ArcToolbox,Geographic information system,FALSE
ESRI ArcView,Geographic information system,FALSE
ESRI ArcView 3D Analyst,Geographic information system,FALSE
ESRI MapObjects,Geographic information system,FALSE
ESRI Maplex,Geographic information system,FALSE
ESRI Personal Geodatabase,Geographic information system,FALSE
ESRI Site Scan for ArcGIS,Map creation software,FALSE
ESRI What if?,Geographic information system,FALSE
ESRI,Geographic information system,FALSE
ESS Compliance Suite,Compliance software,FALSE
ESSA Technologies Path Landscape Model,Analytical or scientific software,FALSE
ESSA TechnologiesTool for Exploratory Landscape Scenario Analyses TELSA,Analytical or scientific software,FALSE
ETA Dynaform,Analytical or scientific software,FALSE
ETAP,Geographic information system,FALSE
EZ 2000,Medical software,FALSE
EZ Forms,Desktop publishing software,FALSE
EZ LCMS,Computer based training software,FALSE
EZ Pipe,Computer aided design CAD software,FALSE
EZ Software Solutions,Point of sale POS software,FALSE
EZ-CAM,Computer aided manufacturing CAM software,FALSE
EZ-Data Client Data,Customer relationship management CRM software,FALSE
EZ-Ranch,Enterprise resource planning ERP software,FALSE
EZ-Zone Optizone Enterprise,Data base user interface and query software,FALSE
EZ-Zone Software Alternative Medical Billing,Billing and invoicing software,FALSE
EZ2Bill Confidant,Billing and invoicing software,FALSE
EZAnalyze,Spreadsheet software,FALSE
EZClaim medical billing,Billing and invoicing software,FALSE
EZFacility Trainer Management,Enterprise resource planning ERP software,FALSE
EZappt,Calendar and scheduling software,FALSE
EZnotes,Medical software,FALSE
Eagle Point LANDCADD,Computer aided design CAD software,FALSE
Eagle Point Site Design,Computer aided design CAD software,FALSE
Ear Works,Medical software,FALSE
Ear measurement,Medical software,FALSE
EarthSoft EQuIS Geology,Data base user interface and query software,FALSE
EarthVision,Analytical or scientific software,FALSE
EarthWorks Downhole Explorer,Analytical or scientific software,FALSE
Earthworks MaxiPit,Analytical or scientific software,FALSE
Easy Dispatch,Mobile location based services software,FALSE
Easy Music Composer Free,Music or sound editing software,FALSE
Easy Solutions Easy Lab,Data base user interface and query software,FALSE
EasyCAD Iris 2D,Computer aided design CAD software,FALSE
EasyCBM,Computer based training software,FALSE
EasyPath Software Pathology Assistant,Medical software,FALSE
EasySolve Software SizePerm,Analytical or scientific software,FALSE
Easypano Tourweaver,Graphics or photo imaging software,FALSE
Eaton Fleet Advisor,Analytical or scientific software,FALSE
Eazy Application Systems QuickEMR,Medical software,FALSE
Ebenefits Solutions Benefits Management,Human resources software,FALSE
Echo sounder,Analytical or scientific software,FALSE
Eclipse IDE,Development environment software,TRUE
Eclipse Jersey,Web platform development software,FALSE
Eclipse Legal Systems Proclaim,Data base user interface and query software,FALSE
EcoLogic ADAM Indoor Air Quality and Analytical Data Management,Data base user interface and query software,FALSE
Ecological risk assessment,Analytical or scientific software,FALSE
Econometric Software LIMDEP,Analytical or scientific software,FALSE
Economic Analysis Group EAG CaseTrack,Data base user interface and query software,FALSE
Economic Input-Output Life Cycle Assessment EIO-LCA,Analytical or scientific software,FALSE
Economic forecasting,Financial analysis software,FALSE
Econport,Analytical or scientific software,FALSE
Ecotech WinAQMS,Compliance software,FALSE
Ecotech WinCollect,Analytical or scientific software,FALSE
Eden Sales Manager,Customer relationship management CRM software,FALSE
Edgewell Trac,Data base user interface and query software,FALSE
Edible,Inventory management software,FALSE
EditCNC,Industrial control software,FALSE
Editor Software Stylewriter,Word processing software,FALSE
Edmodo,Desktop communications software,FALSE
Edpuzzle,Multi-media educational software,FALSE
Education planning,Financial analysis software,FALSE
Educational,Computer based training software,FALSE
Edulastic,Computer based training software,FALSE
Eedo Knowledgeware Eedo Force Ten,Computer based training software,FALSE
EffTec EffTrack,Analytical or scientific software,FALSE
Effexoft EASI,Enterprise resource planning ERP software,FALSE
Egress Allsafe,Analytical or scientific software,FALSE
Egress EVACS,Analytical or scientific software,FALSE
Eiffel,Object or component oriented development software,FALSE
Eklin Information Systems VIA,Medical software,FALSE
Ekotrope RATER,Analytical or scientific software,FALSE
Elasticsearch,Data base management system software,TRUE
EleSoft Research,Analytical or scientific software,FALSE
ElearningForce JoomlaLMS,Computer based training software,FALSE
Electric Quilt Quilt Design Wizard,Computer aided design CAD software,FALSE
Electric Rain Swift 3D,Analytical or scientific software,FALSE
Electric Rain Swift 3D Xpress,Graphics or photo imaging software,FALSE
ElectricCloud ElectricCommander,Development environment software,FALSE
Electrical power management,Industrial control software,FALSE
Electro Meridian Imaging EMI,Medical software,FALSE
Electroconvulsive therapy equipment,Medical software,FALSE
Electromagnetic analysis,Analytical or scientific software,FALSE
Electromechanical testing analysis,Analytical or scientific software,FALSE
Electromyograph analysis,Medical software,FALSE
Electronic Data Interchange EDI,Enterprise application integration software,FALSE
Electronic Medical Records and Electronic Health Records Software IMS for Allergists,Medical software,FALSE
Electronic Online Systems International EOS.Web,Library software,FALSE
Electronic Systems of Wisconsin Motor Test,Analytical or scientific software,FALSE
Electronic Time Clock ETC,Time accounting software,FALSE
Electronic ToolKit for Tax Preparers,Tax preparation software,FALSE
Electronic Transcript Software ProTEXT,Word processing software,FALSE
Electronic adjudication management systems EAM,Data base user interface and query software,FALSE
Electronic aircraft information databases,Data base user interface and query software,FALSE
Electronic breadboard,Computer aided design CAD software,FALSE
Electronic calendar management,Calendar and scheduling software,FALSE
Electronic common technical document eCTD,Document management software,FALSE
Electronic common technical document eCTD validating,Document management software,FALSE
Electronic common technical document eCTD viewing,Document management software,FALSE
Electronic data capture EDC,Analytical or scientific software,FALSE
Electronic design automation EDA,Computer aided design CAD software,FALSE
Electronic diary,Word processing software,FALSE
Electronic dictionaries,Dictionary software,FALSE
Electronic discovery,Analytical or scientific software,FALSE
Electronic document management system EDMS,Document management software,FALSE
Electronic engineering calculator,Analytical or scientific software,FALSE
Electronic filing,Filesystem software,FALSE
Electronic health record EHR,Medical software,FALSE
Electronic lab notebook,Analytical or scientific software,FALSE
Electronic medical administration record eMAR,Medical software,FALSE
Electronic medical record EMR,Medical software,FALSE
Electronic tracking device,Map creation software,FALSE
Electronic train management,Data base user interface and query software,FALSE
Electronic train management systems ETMS,Expert system software,FALSE
Electronic transcription management,Document management software,FALSE
Electronics for Imaging EFI Monarch,Enterprise resource planning ERP software,FALSE
Electronics for Imaging EFI Pace,Enterprise resource planning ERP software,FALSE
Electrosoft FlashWorks,Analytical or scientific software,FALSE
Elekta Impac Software IntelliLab,Medical software,FALSE
Elekta Impac Software PowerPath,Medical software,FALSE
Elekta METRIQ,Data base user interface and query software,FALSE
Element Software Copper,Project management software,FALSE
Element management,Administration software,FALSE
Elevator Controls INTERACT,Analytical or scientific software,FALSE
Elevator evacuation ELVAC,Analytical or scientific software,FALSE
Elite Minds RightWriter,Word processing software,FALSE
Elite Software DPIPE,Analytical or scientific software,FALSE
Elite Software E-Coord,Analytical or scientific software,FALSE
Elite Software Elite Salon & Spa Management,Data base user interface and query software,FALSE
Elite Software Elite Salon & Spa Payroll,Human resources software,FALSE
Elite Software Energy Audit,Analytical or scientific software,FALSE
Elite Software FIRE,Analytical or scientific software,FALSE
Elite Software HSYM,Analytical or scientific software,FALSE
Elite Software Inpoint,Analytical or scientific software,FALSE
Elite Software Outpoint,Analytical or scientific software,FALSE
Elite Software Plumbing CAD,Computer aided design CAD software,FALSE
Elite Software Short,Analytical or scientific software,FALSE
Elite Software Spipe,Analytical or scientific software,FALSE
Elite Software Sprinkler CAD,Computer aided design CAD software,FALSE
Elite Software VDROP,Analytical or scientific software,FALSE
Ellie Mae Contour,Financial analysis software,FALSE
Ellie Mae Genesis,Financial analysis software,FALSE
Ellucian Banner ERP,Enterprise resource planning ERP software,FALSE
Ellucian Banner Human Resources,Human resources software,FALSE
Ellucian Colleague,Enterprise resource planning ERP software,FALSE
Ellucian Degree Works,Project management software,FALSE
Eloquent Systems Eloquent,Project management software,FALSE
Elsevier MDL ISIS/Draw,Graphics or photo imaging software,FALSE
Elsevier ScienceDirect,Library software,FALSE
Elucidat,Graphics or photo imaging software,FALSE
Email management,Communications server software,FALSE
Embarcadero Delphi,Object or component oriented development software,FALSE
Embarcadero ER/Studio XE,Metadata management software,FALSE
Embarcadero JBuilder,Development environment software,FALSE
Embarcadero Technologies DBArtisan,Data base management system software,FALSE
Embedded systems development,Development environment software,FALSE
Embedded systems testing,Analytical or scientific software,FALSE
Embroidery design,Computer aided design CAD software,FALSE
Emdeon HealthPro,Medical software,FALSE
Emerald Data Deed-Chek,Map creation software,FALSE
Emerald Insight Emerald Management Xtra,Library software,FALSE
Emerald Software Group Emerald Green Office,Content workflow software,FALSE
Emergency Managers Weather Information Network EMWIN,Data base user interface and query software,FALSE
Emergency Services Integrators ESi WebEOC,Project management software,FALSE
Emergency notification,Communications server software,FALSE
Emerging Technologies Office Center,Enterprise resource planning ERP software,FALSE
Emerson FIRSTVUE Value Sizing,Analytical or scientific software,FALSE
Emerson Ovation,Industrial control software,FALSE
Emissions tracking,Compliance software,FALSE
Emmaus MPWord,Word processing software,FALSE
Empirisoft DirectRT,Analytical or scientific software,FALSE
Empirisoft MediaLab,Analytical or scientific software,FALSE
Employee performance management,Human resources software,FALSE
Employee scheduling,Calendar and scheduling software,FALSE
Employee self-service,Human resources software,FALSE
Emulators,Operating system software,FALSE
En route descent advisor EDA,Flight control software,FALSE
Enabl-u Technologies APIS,Project management software,FALSE
Enablez ResortSuite,Customer relationship management CRM software,FALSE
Encite Dermatology Electronic Health Records EHR,Medical software,FALSE
Encoded archival system EAD,Data base user interface and query software,FALSE
Encoder,Transaction security and virus protection software,FALSE
Encompass,Financial analysis software,FALSE
Encompix ERP,Enterprise resource planning ERP software,FALSE
Encryption,Transaction security and virus protection software,FALSE
End of Run Report EOR,Data base user interface and query software,FALSE
End-to-end encryption,Transaction security and virus protection software,FALSE
Endeavour Agile ALM,Project management software,FALSE
Endicia Internet Postage,Label making software,FALSE
EndoSoft,Data base user interface and query software,FALSE
Enercom Energy Depot for Business,Analytical or scientific software,FALSE
Enercom Energy Depot for Homes,Analytical or scientific software,FALSE
Energy Efficient Rehab Advisor,Analytical or scientific software,FALSE
Energy analysis,Analytical or scientific software,FALSE
Energy auditing,Analytical or scientific software,FALSE
Energy cost evaluation,Analytical or scientific software,FALSE
Energy expenditure prediction EEP,Analytical or scientific software,FALSE
Energy management system EMS,Industrial control software,FALSE
Energy use ratings databases,Data base user interface and query software,FALSE
Energy-10,Analytical or scientific software,FALSE
EnergyPlus,Analytical or scientific software,FALSE
EnergySoft EnergyPro,Analytical or scientific software,FALSE
Enertia,Inventory management software,FALSE
Enfocus PitStop Pro,Desktop publishing software,FALSE
Enforcement Case Tracking System ENFORCE,Data base user interface and query software,FALSE
Enggist & Grandjean EGS F&B Control,Materials requirements planning logistics and supply chain software,FALSE
Engine analysis,Analytical or scientific software,FALSE
Engine diagnostic scanners,Analytical or scientific software,FALSE
Engine diagnostic,Analytical or scientific software,FALSE
Enhanced Interior Gateway Routing Protocol EIGRP,Switch or router software,FALSE
Enigma,Analytical or scientific software,FALSE
Enova eNatro,Medical software,FALSE
Enterprise JavaBeans,Web platform development software,FALSE
Enterprise Logix,Materials requirements planning logistics and supply chain software,FALSE
Enterprise Software Systems CRE Sync,Data base user interface and query software,FALSE
Enterprise Systems RFID Data Management,Optical character reader OCR or scanning software,FALSE
Enterprise application integration EAI,Enterprise application integration software,FALSE
Enterprise backup,Backup or archival software,FALSE
Enterprise content management ECM,Document management software,FALSE
Enterprise report management ERM,Document management software,FALSE
Enterprise resource planning ERP,Enterprise resource planning ERP software,FALSE
Enterprise risk management software ERMS,Risk management data and analysis software,FALSE
Entity Management,Data base user interface and query software,FALSE
EnviroData Solutions,Analytical or scientific software,FALSE
EnviroInsite,Presentation software,FALSE
Environmental Knowledge and Assessment Tool EKAT,Analytical or scientific software,FALSE
Environmental Research Services RAOB,Analytical or scientific software,FALSE
Environmental Software and Services SUTRA,Analytical or scientific software,FALSE
Environmental health and safety documentation,Compliance software,FALSE
Envision Pet Grooming,Data base user interface and query software,FALSE
Envision Salon,Data base user interface and query software,FALSE
EnzymeX,Analytical or scientific software,FALSE
Eos Systems PhotoModeler,Graphics or photo imaging software,FALSE
EpiData Analysis,Analytical or scientific software,FALSE
Epic EpicCare Inpatient Clinical,Medical software,FALSE
Epic HER,Medical software,FALSE
Epic Practice Management,Medical software,FALSE
EpicCare Ambulatory Electronic Medical Records (EMR),Medical software,FALSE
EpicLab Laboratory Information,Medical software,FALSE
Epicenter Software Epilog,Analytical or scientific software,FALSE
Epicor Loss Prevention,Analytical or scientific software,FALSE
Epicor SRM,Materials requirements planning logistics and supply chain software,FALSE
Epicor Vantage ERP,Enterprise resource planning ERP software,FALSE
Epicor Vista ERP,Enterprise resource planning ERP software,FALSE
Epicor WMS,Materials requirements planning logistics and supply chain software,FALSE
Epidemiological,Analytical or scientific software,FALSE
Epinoisis Software Digital Ear,Music or sound editing software,FALSE
Epocrates,Information retrieval or search software,FALSE
Equal employment opportunity EEO compliance,Compliance software,FALSE
Equative TimeLedger,Time accounting software,FALSE
Equifax Advanced Decisioning,Financial analysis software,FALSE
Equifax Application Engine,Content workflow software,FALSE
Equifax InterConnect,Financial analysis software,FALSE
Equifax,Financial analysis software,FALSE
Equipment compliance testing,Compliance software,FALSE
Equipment management information,Data base user interface and query software,FALSE
Equitas EEOStat,Analytical or scientific software,FALSE
Erosion Productivity Impact Calculator EPIC,Analytical or scientific software,FALSE
Esko ArtPro,Desktop publishing software,FALSE
Estate Capitol Needs Analysis,Financial analysis software,FALSE
Estate planning,Financial analysis software,FALSE
Estima RATS,Analytical or scientific software,FALSE
Estima Regression Analysis of Time Series RATS,Analytical or scientific software,FALSE
Estimates Delivery System EDS,Analytical or scientific software,FALSE
Estimating,Project management software,FALSE
EtQ Environmental Health and Safety,Compliance software,FALSE
EtQ FDA cGxP Compliance Software for Life Sciences,Compliance software,FALSE
EtQ Reliance,Compliance software,FALSE
Ethereal,Network monitoring software,FALSE
Ettercap NG,Network monitoring software,FALSE
Etymotic Research QuickSIN,Medical software,FALSE
Europa World Plus,Information retrieval or search software,FALSE
European Soil Erosion Model EUROSEM,Analytical or scientific software,FALSE
European Southern Observatory Munich Image Data Analysis System ESO-MIDAS,Analytical or scientific software,FALSE
Evacuation modeling,Analytical or scientific software,FALSE
Event Management,Project management software,FALSE
Event log monitor,Operating system software,FALSE
Event scheduling,Calendar and scheduling software,FALSE
Event-driven State-machines Programming,Development environment software,FALSE
EventHelix WebTaxi,Mobile location based services software,FALSE
Events Operations,Project management software,FALSE
Ever Team EverSuite Content Management,Document management software,FALSE
Everest Software Advanced,Enterprise resource planning ERP software,FALSE
Evergreen Technology Eagle Bid Estimating,Project management software,FALSE
Evergreen Technology Total Faux,Analytical or scientific software,FALSE
Evernote,Word processing software,FALSE
Evolution Computing EasyCAD,Computer aided design CAD software,FALSE
Evolution Computing FastCAD,Computer aided design CAD software,FALSE
Evron Computer Systems SAGE PFW (Platinum For Windows),Accounting software,FALSE
Ewing Solutions QuickWriter,Word processing software,FALSE
Ex Libris Group Aleph,Data base user interface and query software,FALSE
Ex Libris Group DigiTool,Data base user interface and query software,FALSE
Ex Libris Group Voyager,Library software,FALSE
ExacTax PackageEX,Tax preparation software,FALSE
Exacq Technologies,Video creation and editing software,FALSE
Exact MAX,Enterprise resource planning ERP software,FALSE
Exact Software JobBOSS,Data base user interface and query software,FALSE
Exact Software Macola ERP,Enterprise resource planning ERP software,FALSE
Exact Software Macola ES,Enterprise resource planning ERP software,FALSE
Exact Software Macola ES Labor Performance,Time accounting software,FALSE
Exact business,Human resources software,FALSE
ExamSoft Exam Intelligence,Computer based training software,FALSE
Excavator,Analytical or scientific software,FALSE
ExcelTrans Translator,Foreign language software,FALSE
Execu/Tech Systems HOTEL Premium,Facilities management software,FALSE
Exele TopView,Analytical or scientific software,FALSE
Exercise routine creation,Word processing software,FALSE
Expedite departure path EDP,Flight control software,FALSE
ExpenseWatch,Financial analysis software,FALSE
Experian Credinomics,Financial analysis software,FALSE
Experian Detect,Financial analysis software,FALSE
Experian FraudShield,Financial analysis software,FALSE
Experian Quest,Financial analysis software,FALSE
Experian Retention Triggers,Financial analysis software,FALSE
Experian Strategy Management,Office suite software,FALSE
Experian Transact SM,Content workflow software,FALSE
Experience in Software Project KickStart,Project management software,FALSE
Experience in Software Webplanner,Project management software,FALSE
Experimental Physics and Industrial Control System EPICS,Analytical or scientific software,FALSE
Expert Health Data Programming Vitalnet,Analytical or scientific software,FALSE
Explorer Engineer,Data base user interface and query software,FALSE
Express Business Valuations,Financial analysis software,FALSE
ExpressDigital Labtricity,Graphics or photo imaging software,FALSE
Expression DNA and protein sequence,Analytical or scientific software,FALSE
Ext JS,Web platform development software,FALSE
Extedo DOCvalidator,Document management software,FALSE
Extedo PLmanager,Document management software,FALSE
Extedo eCTDmanager Suite,Document management software,FALSE
Extensible hypertext markup language XHTML,Web platform development software,FALSE
Extensible markup language XML,Enterprise application integration software,TRUE
Extensible stylesheet language XSL,Enterprise application integration software,FALSE
Extensible stylesheet language transformations XSLT,Web platform development software,FALSE
Extensity MPC,Enterprise resource planning ERP software,FALSE
ExtraTech Machine Tools Suite,Computer aided manufacturing CAM software,FALSE
Extranet Machine Tools Suite,Computer aided manufacturing CAM software,FALSE
Eye Tracking Exercises Enterprises Track with Letters,Eye tracking software,FALSE
EyeMD EMR Healthcare Systems EyeMD EMR,Medical software,FALSE
Eyeglass design,Computer aided design CAD software,FALSE
Eyelit Manufacturing,Industrial control software,FALSE
FANUC CNC,Computer aided manufacturing CAM software,FALSE
FANUC Robotics ArcTool,Industrial control software,FALSE
FANUC Robotics Diagnostic Resource Center DRC,Industrial control software,FALSE
FANUC Robotics Dual Check Safety DCS Position and Speed Check,Industrial control software,FALSE
FANUC Robotics HandlingTool,Industrial control software,FALSE
FANUC Robotics MultiARM,Industrial control software,FALSE
FANUC Robotics SpotTool+,Industrial control software,FALSE
FANUC Robotics Through Arc Seam Tracking TAST,Industrial control software,FALSE
FANUC Robotics Torchmate 3,Industrial control software,FALSE
FANUC Robotics iRCalibration Vision Suite,Industrial control software,FALSE
FANUC Robotics iRVision,Industrial control software,FALSE
FARSITE,Analytical or scientific software,FALSE
FAS Loan Service Plus,Financial analysis software,FALSE
FASTA,Analytical or scientific software,FALSE
FASTLINK,Analytical or scientific software,FALSE
FBS Data Systems Flexmls,Data base user interface and query software,FALSE
FCC Software AutoPOL Series,Computer aided design CAD software,FALSE
FEAR,Analytical or scientific software,FALSE
FEAT/Firemon integrated FFI,Analytical or scientific software,FALSE
FEEDLOT CALC,Analytical or scientific software,FALSE
FEMA EMMIE,Data base user interface and query software,FALSE
FFTPACK,Development environment software,FALSE
FFTW,Development environment software,FALSE
FINEOS Insure,Enterprise resource planning ERP software,FALSE
FIRECALC fire zone modeling,Analytical or scientific software,FALSE
FIRST Flooring,Project management software,FALSE
FLIR Thermal Studio Suite,Analytical or scientific software,FALSE
FLorida Object Oriented Design Simulator FLOODS,Analytical or scientific software,FALSE
FLorida Object Oriented Process Simulator FLOOPS,Analytical or scientific software,FALSE
FOLLOW code,Development environment software,FALSE
FPA Software MACCS,Data base user interface and query software,FALSE
FRSGlobal RegPro,Compliance software,FALSE
FRx Software Microsoft FRx,Accounting software,FALSE
FRx Software Microsoft Forecaster,Enterprise resource planning ERP software,FALSE
FSC Business Solutions Department Managers' Toolkit,Human resources software,FALSE
FTI Ringtail Legal,Document management software,FALSE
FURUNO navigational chart,Route navigation software,FALSE
FYI Technologies Dr. Ceph,Graphics or photo imaging software,FALSE
FYI Technologies Dr. View,Graphics or photo imaging software,FALSE
Fabasoft Folio,Document management software,FALSE
FaceTime,Video conferencing software,FALSE
Facebook,Web page creation and editing software,TRUE
Facilities design,Computer aided design CAD software,FALSE
Facilities planning,Computer aided design CAD software,FALSE
Facility Energy Decision Systems FEDS,Analytical or scientific software,FALSE
Facility database,Data base user interface and query software,FALSE
Facility energy management,Facilities management software,FALSE
Facility use,Data base user interface and query software,FALSE
FactSage,Analytical or scientific software,FALSE
Factiva,Information retrieval or search software,FALSE
Factory Edge MRP,Materials requirements planning logistics and supply chain software,FALSE
Fagerman Technologies MedLook,Medical software,FALSE
Failure analysis,Analytical or scientific software,FALSE
Failure assessment,Computer aided design CAD software,FALSE
Failure mode and effects analysis FMEA,Analytical or scientific software,FALSE
Failure mode effects and criticality analysis FMECA,Analytical or scientific software,FALSE
Failure modes analysis,Analytical or scientific software,FALSE
Failure modes and effects analysis FMEA,Analytical or scientific software,FALSE
Failure rate data in perspective FARADIP,Analytical or scientific software,FALSE
Failure rate database,Data base user interface and query software,FALSE
Failure reporting analysis and corrective action FRACAS,Analytical or scientific software,FALSE
Fair Isaac Application Risk Model,Financial analysis software,FALSE
Fair Isaac Capstone Decision Manager,Financial analysis software,FALSE
Fair Isaac Claims Advisor,Data base user interface and query software,FALSE
Fair Isaac Enterprise Decision Management for Insurance,Enterprise resource planning ERP software,FALSE
Fair Isaac Falcon ID,Financial analysis software,FALSE
Fair Isaac SmartAdvisor,Expert system software,FALSE
Fan System Assessment Tool FSAT,Analytical or scientific software,FALSE
Fanatic Software Informant,Calendar and scheduling software,FALSE
Fannie Mae Desktop Underwriter,Financial analysis software,FALSE
Farm Business Software Systems Smart Feeder,Data base user interface and query software,FALSE
Farm Files Crops,Data base user interface and query software,FALSE
Farm Files Livestock,Data base user interface and query software,FALSE
Farm Management Software Hay and Crop Manager,Enterprise resource planning ERP software,FALSE
Farm Works Site Pro,Analytical or scientific software,FALSE
Farm Works Software Trac,Data base user interface and query software,FALSE
FarmLogic FarmPAD,Data base user interface and query software,FALSE
Fashion Toolbox,Computer aided design CAD software,FALSE
Fast Fourier transform FFT analysis,Analytical or scientific software,FALSE
FastCAM,Computer aided manufacturing CAM software,FALSE
FastEST FastPipe,Project management software,FALSE
FastEST,Project management software,FALSE
Fastcase legal,Information retrieval or search software,FALSE
Fatigue analysis,Analytical or scientific software,FALSE
Fault detection isolation and recovery FDIR,Analytical or scientific software,FALSE
Fault modeling,Analytical or scientific software,FALSE
Fault testing,Program testing software,FALSE
Fault tree analysis FTA,Analytical or scientific software,FALSE
Faux Labs Splashup,Graphics or photo imaging software,FALSE
FedBizOps,Information retrieval or search software,FALSE
FedEx Ship Manager,Materials requirements planning logistics and supply chain software,FALSE
FedStats,Data base user interface and query software,FALSE
Federal Emergency Management Information System FEMIS,Data base user interface and query software,FALSE
Federal Renewable Energy Screening Assistant FRESA,Analytical or scientific software,FALSE
Feng Office Collaboration Platform,Data base user interface and query software,FALSE
Ferret,Analytical or scientific software,FALSE
Fidelity HR/Payroll,Human resources software,FALSE
Fidessa Compliance Manager,Compliance software,FALSE
Field Operations and Records Management System (FORMS) II Lite,Analytical or scientific software,FALSE
Field data recorder,Analytical or scientific software,FALSE
Field programmable gate array FPGA design,Computer aided design CAD software,FALSE
Field programmable gate array FPGA logic synthesis,Analytical or scientific software,FALSE
FieldSoft AIMSonScene,Project management software,FALSE
Fielding Data Labs OptoMizer,Analytical or scientific software,FALSE
Fifth Walk BillingTracker,Billing and invoicing software,FALSE
FifthWalk BillingTracker Pro,Billing and invoicing software,FALSE
Figure 53 QLab,Video creation and editing software,FALSE
File compression,Data compression software,FALSE
File management,Document management software,FALSE
File server,Filesystem software,FALSE
File transfer protocol FTP client,Internet protocol IP multimedia subsystem software,FALSE
File transfer protocol FTP,Internet protocol IP multimedia subsystem software,FALSE
FileHold Systems FileHold,Document management software,FALSE
FileMaker Bento,Data base user interface and query software,FALSE
FileMaker Pro,Data base user interface and query software,FALSE
FileMon,Program testing software,FALSE
FileNet P8,Document management software,FALSE
FileVision,Document management software,FALSE
Filing,Document management software,FALSE
Film processor tracking and management,Medical software,FALSE
FinEng Solutions PerfoRM,Financial analysis software,FALSE
FinEng Solutions Quantis,Financial analysis software,FALSE
Final approach spacing tool FAST,Flight control software,FALSE
FinalBuilder,Development environment software,FALSE
Finance Logix Education Planner,Financial analysis software,FALSE
Finance Logix Insurance Planner,Financial analysis software,FALSE
Finance Logix Retirement Planner,Financial analysis software,FALSE
Financeware AASim,Financial analysis software,FALSE
Financeware Finance File Manager,Document management software,FALSE
Financeware WealthSimulator,Financial analysis software,FALSE
Financial Competence,Financial analysis software,FALSE
Financial Industry Computer Systems Loan Accountant,Accounting software,FALSE
Financial Industry Computer Systems Loan Originator,Financial analysis software,FALSE
Financial Industry Computer Systems Loan Producer,Financial analysis software,FALSE
Financial Planning Consultants Practice Builder,Customer relationship management CRM software,FALSE
Financial Profiles Profiles+ Professional,Financial analysis software,FALSE
Financial accounting,Accounting software,FALSE
Financial aid management system FAM,Data base user interface and query software,FALSE
Financial calculators,Financial analysis software,FALSE
Financial compliance,Compliance software,FALSE
Financial modeling,Financial analysis software,FALSE
Financial needs analysis,Financial analysis software,FALSE
Financial planning presentation,Presentation software,FALSE
Financial planning,Financial analysis software,FALSE
Financial record,Accounting software,FALSE
Financial report generation,Word processing software,FALSE
Financial reporting,Accounting software,FALSE
Financial statement,Accounting software,FALSE
Financial tracking,Accounting software,FALSE
Financial transaction analysis,Financial analysis software,FALSE
FindForms,Information retrieval or search software,FALSE
FindLaw Code of Federal Regulations CFR,Information retrieval or search software,FALSE
FindTarget,Analytical or scientific software,FALSE
Fingerprint databases,Data base user interface and query software,FALSE
Finite Matters PatternStream,Desktop publishing software,FALSE
Finite difference time domain FDTD,Analytical or scientific software,FALSE
Finite element analysis FEA,Analytical or scientific software,FALSE
Finite element analysis,Analytical or scientific software,FALSE
Finite element method FEM,Analytical or scientific software,FALSE
Fire Dynamics Software FDS,Analytical or scientific software,FALSE
Fire Protection Engineering Tools FPETool,Analytical or scientific software,FALSE
Fire Response of Structures Thermal FIRES-T,Analytical or scientific software,FALSE
Fire Simulation Technique FIRST,Analytical or scientific software,FALSE
Fire Spread Probability FSPro,Analytical or scientific software,FALSE
Fire behavior modeling,Analytical or scientific software,FALSE
Fire dynamics simulators,Analytical or scientific software,FALSE
Fire incident reporting,Data base user interface and query software,FALSE
Fire safety inspection and testing,Compliance software,FALSE
Firewall,Network security and virtual private network VPN equipment software,FALSE
First American CoreLogic RealQuest Pro,Data base user interface and query software,FALSE
First American Data Tree Parcel IQ,Data base user interface and query software,FALSE
First Insight E-Z Frame,Medical software,FALSE
First Insight MaximEyes,Medical software,FALSE
First Notice Systems ClaimCapture,Expert system software,FALSE
Fiserv Advanced Underwriting,Financial analysis software,FALSE
Fiserv FSC Manager,Customer relationship management CRM software,FALSE
Fiserv PEP+ reACH,Graphics or photo imaging software,FALSE
Fiserv financial services,Data base user interface and query software,FALSE
Fish stocking databases,Data base user interface and query software,FALSE
FishXing,Analytical or scientific software,FALSE
Fishbowl Warehouse,Inventory management software,FALSE
FitNesse,Program testing software,FALSE
Fitts Geosolutions TWODAN,Analytical or scientific software,FALSE
Fixed income alternative trading systems ATS,Financial analysis software,FALSE
Fixed-assets depreciation,Financial analysis software,FALSE
FlamMap,Analytical or scientific software,FALSE
FlashCut CNC,Computer aided manufacturing CAM software,FALSE
Flat File Checker,Metadata management software,FALSE
Fleet Asset Management and Optimization Solutions FAMOS PEPSE,Analytical or scientific software,FALSE
Fleet management,Materials requirements planning logistics and supply chain software,FALSE
Fleet monitoring,Mobile location based services software,FALSE
Fleetware,Materials requirements planning logistics and supply chain software,FALSE
Fletcher-Flora Health Care Systems FFlex eSuite LIS,Medical software,FALSE
Fletcher-Flora Health Care Systems LabPak LIS,Medical software,FALSE
FlexBox,Web platform development software,FALSE
FlexTraining Total e-Learning Solution,Computer based training software,FALSE
FlexiFinancials FlexiLedger,Accounting software,FALSE
FlexiMusic Composer,Music or sound editing software,FALSE
Flexible dynamics modeling,Analytical or scientific software,FALSE
Flight simulation,Flight control software,FALSE
Flipgrid,Video creation and editing software,FALSE
Flood modeling,Analytical or scientific software,FALSE
FloodMaps,Map creation software,FALSE
Floor planning,Computer aided design CAD software,FALSE
FloorCOST Estimator for Excel,Project management software,FALSE
Flooring Technologies QFloors,Data base user interface and query software,FALSE
Floriani MDQ My Decorative Quilter,Computer aided design CAD software,FALSE
Flow Analysis Software Toolkit FAST,Analytical or scientific software,FALSE
Flow chart,Process mapping and design software,FALSE
FlowJo,Analytical or scientific software,FALSE
Flowcharting,Process mapping and design software,FALSE
Floydware Rosy,Data base user interface and query software,FALSE
Fluent FloWizard,Analytical or scientific software,FALSE
FluidSurveys,Project management software,FALSE
Fluke ClearSight Analyzer,Analytical or scientific software,FALSE
Fluke Corporation FlukeView Forms,Analytical or scientific software,FALSE
Fluke Networks Enterprise LANMeter,Network monitoring software,FALSE
Fluke Networks Fluke TechEXPERT,Expert system software,FALSE
Fluke Networks TechAdvisor Field Access,Analytical or scientific software,FALSE
FlukeView Forms,Document management software,FALSE
Flying PopCorn,Presentation software,FALSE
Focus Floor Covering,Data base user interface and query software,FALSE
Focus point of sale POS,Point of sale POS software,FALSE
Fog Creek Software FogBugz,Development environment software,FALSE
Fog Line Software Truckn Pro,Data base user interface and query software,FALSE
FoldX,Analytical or scientific software,FALSE
Food Service Solutions FoodCo,Inventory management software,FALSE
Food Service Solutions POSitive ID,Point of sale POS software,FALSE
Food Services Solutions DayCap,Accounting software,FALSE
Food inventory,Inventory management software,FALSE
Food safety labeling,Compliance software,FALSE
Foodman Home-Delivery,Point of sale POS software,FALSE
Footmaxx Metascan,Medical software,FALSE
ForTheRecord TheRecord Player,Presentation software,FALSE
Force platform,Analytical or scientific software,FALSE
Force sensitive applications FSA,Analytical or scientific software,FALSE
Foresoft CDS Cogo,Analytical or scientific software,FALSE
Foresoft CDS Model,Analytical or scientific software,FALSE
Forest EcoSurvey,Data base user interface and query software,FALSE
Forest Metrix,Inventory management software,FALSE
Forest vegetation simulators,Analytical or scientific software,FALSE
Forest yield,Analytical or scientific software,FALSE
Formlink HydroGEN,Analytical or scientific software,FALSE
Formula translation/translator FORTRAN,Development environment software,FALSE
Forsk Atoll,Network monitoring software,FALSE
ForteEMR,Medical software,FALSE
Forth,Development environment software,FALSE
Fortius Lab Systems Clinical LIS,Medical software,FALSE
Fortran,Object or component oriented development software,FALSE
Fortress Medical Clindex,Data base user interface and query software,FALSE
Forum One Communications ProjectSpaces,Project management software,FALSE
Foundatino Directory Online (FDO),Data base user interface and query software,FALSE
Fountains Forestry TwoDog,Inventory management software,FALSE
Four Soft 4S VisiLog,Materials requirements planning logistics and supply chain software,FALSE
Four Soft 4S eLog,Materials requirements planning logistics and supply chain software,FALSE
Fourier transform infrared FTIR,Analytical or scientific software,FALSE
Fox Meadows Accent Data Manager,Document management software,FALSE
Fox Meadows ChartingPlus,Data base user interface and query software,FALSE
Fox Meadows EncounterManager,Medical software,FALSE
Fox Meadows Software MediNotes e,Medical software,FALSE
Fractal Concept SoftScan,Analytical or scientific software,FALSE
Fractal pattern analysis,Financial analysis software,FALSE
FramePlot,Analytical or scientific software,FALSE
Framework for integrated test FIT,Program testing software,FALSE
FranklinCovey TabletPlanner,Calendar and scheduling software,FALSE
Fred's Tip Cartridge Picker,Analytical or scientific software,FALSE
Freddie Mac Loan Prospector,Financial analysis software,FALSE
FreeSurfer,Analytical or scientific software,FALSE
Freedom MedTEACH,Computer based training software,FALSE
Freedom Scientific MAGic,Device drivers or system software,FALSE
Freescale CodeWarrior,Development environment software,FALSE
Freeverse Lineform,Graphics or photo imaging software,FALSE
Freeze.com Ovation Studio Pro,Presentation software,FALSE
Freight Rail Crew Optimization Scheduling FRCOS,Analytical or scientific software,FALSE
Freight reservation,Materials requirements planning logistics and supply chain software,FALSE
Freight+,Materials requirements planning logistics and supply chain software,FALSE
FreightDATA,Industrial control software,FALSE
Front Desk,Data base user interface and query software,FALSE
Ftree,Analytical or scientific software,FALSE
Fuel Characteristic Classification System FCCS,Analytical or scientific software,FALSE
Fugitive emission leak detection,Industrial control software,FALSE
Fujifilm Synapse,Medical software,FALSE
Fujitsu BioMedCache,Analytical or scientific software,FALSE
Fujitsu MOPAC,Analytical or scientific software,FALSE
FullHouse Software Investment Property Manager,Data base user interface and query software,FALSE
Fully Integrated Environmental Location Decision Support FIELDS,Analytical or scientific software,FALSE
FunEducation Outstart Trainer,Computer based training software,FALSE
Functional hazard analysis,Analytical or scientific software,FALSE
Functional modeling,Analytical or scientific software,FALSE
Functional testing,Program testing software,FALSE
Functional verification,Analytical or scientific software,FALSE
Fund Software ATIDS,Data base user interface and query software,FALSE
Fund accounting,Accounting software,FALSE
FundCount Web,Data base user interface and query software,FALSE
Fundamental Objects foAudits,Analytical or scientific software,FALSE
FuneralKiosk,Project management software,FALSE
Fused deposition modeling FDM rapid prototyping,Computer aided manufacturing CAM software,FALSE
Futura International O.P.S.,Medical software,FALSE
Future Information Research Management Confirmit,Analytical or scientific software,FALSE
Fuze cloud communications and collaboration,Video conferencing software,FALSE
G&P Engineering Software EngVert,Analytical or scientific software,FALSE
G&P Engineering Software PhysProps,Data base user interface and query software,FALSE
G&P Engineering Software PipeDrop,Analytical or scientific software,FALSE
G-Cube Solutions Wizdom Web LMS,Computer based training software,FALSE
G-code,Object or component oriented development software,FALSE
G2X Agility:Insurance,Enterprise resource planning ERP software,FALSE
GAC International OrthoPlex,Graphics or photo imaging software,FALSE
GAEA Technologies Packet ESA,Word processing software,FALSE
GAEA Technologies WinLog,Word processing software,FALSE
GAEA Technologies WinSieve,Categorization or classification software,FALSE
GAMESS-US,Analytical or scientific software,FALSE
GATORS ANYWHERE,Document management software,FALSE
GBS Agency Expert,Enterprise resource planning ERP software,FALSE
GCS Property Assessment and Tax Billing,Data base user interface and query software,FALSE
GE Energy GateCycle,Analytical or scientific software,FALSE
GE Energy Positive Sequence Load Flow Software PSLF,Analytical or scientific software,FALSE
GE Fanuc Automation VersaPro,Development environment software,FALSE
GE Fanuc Proficy Machine Edition,Industrial control software,FALSE
GE Healthcare Centricity EMR,Medical software,FALSE
GE Healthcare Centricity Laboratory,Medical software,FALSE
GE Healthcare Centricity Laboratory Anatomic Pathology/Cytology,Medical software,FALSE
GE Healthcare Centricity Laboratory Transfusion Medicine,Medical software,FALSE
GE Healthcare Centricity Practice Solution,Medical software,FALSE
GE Healthcare ImageQuant TL,Graphics or photo imaging software,FALSE
GE Healthcare Logician,Medical software,FALSE
GE Healthcare ViewPoint Solutions,Medical software,FALSE
GE Healthcare ViewPoint for Radiology,Medical software,FALSE
GE Intelligent Platforms Proficy HMI/SCADA iFIX,Industrial control software,FALSE
GE Sensing & Inspection Technologies Rhythm UT,Analytical or scientific software,FALSE
GENSCAN,Analytical or scientific software,FALSE
GEO-SLOPE GeoStudio,Analytical or scientific software,FALSE
GEO-SLOPE SEEP/W,Analytical or scientific software,FALSE
GEOCOMtms A.Maze Planning,Map creation software,FALSE
GEOEAS,Analytical or scientific software,FALSE
GEPASI,Analytical or scientific software,FALSE
GFA2D,Analytical or scientific software,FALSE
GGY AXIS,Financial analysis software,FALSE
GHG Clockwise,Human resources software,FALSE
GIPSY-OASIS,Analytical or scientific software,FALSE
GIS/Solutions GIS/Key,Data base user interface and query software,FALSE
GLOBE Claritas,Analytical or scientific software,FALSE
GMI NET-MR,Data base user interface and query software,FALSE
GN Otometrics CHARTR EP,Medical software,FALSE
GNOME Gnutrition,Analytical or scientific software,FALSE
GNU Image Manipulation Program GIMP,Graphics or photo imaging software,FALSE
GNU Octave,Analytical or scientific software,FALSE
GO2cam,Computer aided manufacturing CAM software,FALSE
GPC Autocab,Mobile location based services software,FALSE
GRASPIT!,Analytical or scientific software,FALSE
GRL Engineers Wave Equation Analysis Program GRLWEAP,Analytical or scientific software,FALSE
GRZ Software MeshCAM,Computer aided manufacturing CAM software,FALSE
GSLIB,Analytical or scientific software,FALSE
GT STRUDL,Computer aided design CAD software,FALSE
GTX RastorCAD,Data conversion software,FALSE
GYST,Data base user interface and query software,FALSE
Gait analysis,Medical software,FALSE
GalacTek ECLIPSE,Medical software,FALSE
Galaxy Technologies TimeStar Enterprise,Time accounting software,FALSE
Gale Cengage Learning Associations Unlimited,Data base user interface and query software,FALSE
Gale Expanded Academic ASAP PLUS,Information retrieval or search software,FALSE
Galilee Enterprise TargetPro,Customer relationship management CRM software,FALSE
Galileo 360 Fares,Data base user interface and query software,FALSE
Gallery Systems EmbARK,Data base user interface and query software,FALSE
Gallery Systems The Museum,Data base user interface and query software,FALSE
Galor Travel Booster,Data base user interface and query software,FALSE
Galorath SEER,Project management software,FALSE
Galorath SEER-SEM,Project management software,FALSE
Gambit Scheme,Development environment software,FALSE
Gamma Associates mTab,Data base user interface and query software,FALSE
Gamma Technologies GT-SUITE,Analytical or scientific software,FALSE
Gamma camera,Medical software,FALSE
Gamma remote sensing,Map creation software,FALSE
Gamma waste assay system GWAS,Analytical or scientific software,FALSE
GanttProject,Project management software,FALSE
Garment design,Computer aided design CAD software,FALSE
Garment tracking,Inventory management software,FALSE
Garmin City Select,Route navigation software,FALSE
Gas chromatograph GS,Analytical or scientific software,FALSE
Gas dispersion model,Analytical or scientific software,FALSE
Gas field monitoring,Industrial control software,FALSE
Gateway to Logic,Analytical or scientific software,FALSE
Gaussian GaussView,Analytical or scientific software,FALSE
Gaussian,Analytical or scientific software,FALSE
Gavel & Gown Software Amicus Attorney,Data base user interface and query software,FALSE
Gazebo,Analytical or scientific software,FALSE
Geac MPC Production,Enterprise resource planning ERP software,FALSE
Geant4,Analytical or scientific software,FALSE
Gel documentation,Document management software,FALSE
Gem identification databases,Data base user interface and query software,FALSE
GemCad,Computer aided design CAD software,FALSE
Gemcom GEMS,Analytical or scientific software,FALSE
Gemcom PCBC,Analytical or scientific software,FALSE
Gemcom Surpac,Analytical or scientific software,FALSE
Gemcom Whittle,Analytical or scientific software,FALSE
GenBank,Analytical or scientific software,FALSE
Genbook,Calendar and scheduling software,FALSE
Gendex Dental Systems VixWin PRO,Graphics or photo imaging software,FALSE
Gene Codes Sequencher,Analytical or scientific software,FALSE
Gene Finder,Analytical or scientific software,FALSE
Gene Recognition and Assembly Internet Link GRAIL,Analytical or scientific software,FALSE
Gene Runner,Analytical or scientific software,FALSE
Gene recognition,Analytical or scientific software,FALSE
GenePattern,Analytical or scientific software,FALSE
Genealogy,Data base user interface and query software,FALSE
Genedata Expressionist,Analytical or scientific software,FALSE
General Atomic and Molecular Electronic Structure System GAMESS,Analytical or scientific software,FALSE
General Electric Mark VI Distributed Control System DCS,Industrial control software,FALSE
General Electric Mark VI Integrated Control System ICS,Industrial control software,FALSE
General Examination System GENESYS,Financial analysis software,FALSE
General Magic Portico,Voice recognition software,FALSE
General Structural Analysis System GSAS,Analytical or scientific software,FALSE
General algebraic modeling system GAMS,Analytical or scientific software,FALSE
General ledger,Accounting software,FALSE
Genesis Dental,Medical software,FALSE
Genesys PeopleComeFirst,Human resources software,FALSE
Genetic algorithm optimization,Financial analysis software,FALSE
Genetic algorithm,Analytical or scientific software,FALSE
Genetic database,Data base user interface and query software,FALSE
Genetics computer group GSG,Analytical or scientific software,FALSE
Genetix CytoVision,Analytical or scientific software,FALSE
Genial Genetics Shire,Data base user interface and query software,FALSE
Genial Genetics iPassport QMS,Data base user interface and query software,FALSE
Genie Interactive,Analytical or scientific software,FALSE
GenieSoft Overture,Music or sound editing software,FALSE
Geniel Genetics iGene,Analytical or scientific software,FALSE
Genisys Fast Fixes,Data base reporting software,FALSE
Genlex CaseAce,Accounting software,FALSE
Genome Analysis Toolkit GATK,Analytical or scientific software,FALSE
Genotyping,Analytical or scientific software,FALSE
Gensuite,Compliance software,FALSE
Geo-Logic Systems LithoTect Interpreter,Analytical or scientific software,FALSE
Geo-Plus,Map creation software,FALSE
GeoAgro GIS,Map creation software,FALSE
GeoCenter SeisUP,Analytical or scientific software,FALSE
GeoCue LIDAR and drone mapping,Analytical or scientific software,FALSE
GeoCue PointVue LE,Analytical or scientific software,FALSE
GeoDa,Analytical or scientific software,FALSE
GeoGraphix ARIES Portfolio,Financial analysis software,FALSE
GeoMetrix Data Systems Training Partner,Computer based training software,FALSE
GeoModel,Analytical or scientific software,FALSE
GeoPLUS Petra,Data base user interface and query software,FALSE
GeoPath CAD/CAM,Computer aided manufacturing CAM software,FALSE
Geocomp Systems GeoCalc,Analytical or scientific software,FALSE
Geocomp Systems GeoNav,Analytical or scientific software,FALSE
Geodetic,Analytical or scientific software,FALSE
Geogebra,Analytical or scientific software,FALSE
Geographic information system GIS databases,Geographic information system,FALSE
Geographic information system GIS marketing,Data base user interface and query software,FALSE
Geographic information system GIS,Geographic information system,FALSE
Geographic resources analysis support system GRASS,Map creation software,FALSE
Geological mapping,Map creation software,FALSE
Geomechanical design analysis GDA,Map creation software,FALSE
Geomechanical stress analysis,Analytical or scientific software,FALSE
Geometric CAMWorks,Computer aided manufacturing CAM software,FALSE
Geometric Technologies CAMWorks,Computer aided manufacturing CAM software,FALSE
Geometric dimensioning and tolerancing,Analytical or scientific software,FALSE
Geometrix,Materials requirements planning logistics and supply chain software,FALSE
Geomview,Analytical or scientific software,FALSE
Geosoft DAP server,Data base user interface and query software,FALSE
Geosoft Oasis montaj,Map creation software,FALSE
Geospatial data abstraction library GDAL,Map creation software,FALSE
Geospiza GeneSifter,Analytical or scientific software,FALSE
Geostatistical modeling GSTAT,Analytical or scientific software,FALSE
Geostatistics software GS+,Analytical or scientific software,FALSE
Geothermal Properties Measurement,Analytical or scientific software,FALSE
Gerber Technology AccuMark,Computer aided design CAD software,FALSE
Gerber Technology CutWorks,Computer aided manufacturing CAM software,FALSE
Geriatric Depression Scale,Medical software,FALSE
Gerstco AAPBase,Human resources software,FALSE
Getting Things Done GTD,Customer relationship management CRM software,FALSE
Gez Bowman THE O&P HUB,Medical software,FALSE
Ghidra,Computer aided design CAD software,FALSE
GibbsCAM,Computer aided manufacturing CAM software,FALSE
Gift Certificates Plus Giftworks,Inventory management software,FALSE
Gift registry,Data base user interface and query software,FALSE
Gigatron StenoCAT,Word processing software,FALSE
GijimaAst Mining Solutions International Mine2-4D,Data base user interface and query software,FALSE
Giraffe Production Systems Giraffe Schedule,Enterprise resource planning ERP software,FALSE
GitLab,Application server software,TRUE
Glasscubes,Cloud-based data access and sharing software,FALSE
Global Education Technologies EXCENT,Data base user interface and query software,FALSE
Global Graphics Software Harlequin,Document management software,FALSE
Global Groupware Solutions Limited Smiles ERM On-Demand,Human resources software,FALSE
Global Insight AREMOS,Analytical or scientific software,FALSE
Global Mapper Software Global Mapper,Map creation software,FALSE
Global distribution system GDS,Data base user interface and query software,FALSE
Global positioning system GPS,Mobile location based services software,FALSE
GlobalSubmit REVIEW,Document management software,FALSE
GlobalSubmit VALIDATE,Document management software,FALSE
Globekey Agentkey,Calendar and scheduling software,FALSE
Gnuplot,Analytical or scientific software,FALSE
Gnutrition,Analytical or scientific software,FALSE
GoBackgrounds,Human resources software,FALSE
Golden Helix ChemTree,Data mining software,FALSE
Golden Helix HelixTree,Data mining software,FALSE
Golden Software Grapher,Graphics or photo imaging software,FALSE
Golden Software Strater,Analytical or scientific software,FALSE
Golden Software Surfer,Map creation software,FALSE
Golden Software Voxler,Graphics or photo imaging software,FALSE
Good Steward Software EnergyCAP,Analytical or scientific software,FALSE
GoodReader,Word processing software,FALSE
Google Android,Operating system software,TRUE
Google Angular,Web platform development software,TRUE
Google Books NGram Viewer,Information retrieval or search software,FALSE
Google Calendar,Calendar and scheduling software,FALSE
Google Checkout,Point of sale POS software,FALSE
Google Chrome,Internet browser software,FALSE
Google Classroom,Project management software,FALSE
Google Cloud,Cloud-based management software,FALSE
Google Compute Engine (GCE),Application server software,FALSE
Google Docs,Word processing software,TRUE
Google DoubleClick,Business intelligence and data analysis software,FALSE
Google Drive,Cloud-based data access and sharing software,FALSE
Google Earth Pro,Geographic information system,FALSE
Google Gmail,Electronic mail software,FALSE
Google Looker Analytics,Business intelligence and data analysis software,TRUE
Google Meet,Video conferencing software,FALSE
Google Scholar,Information retrieval or search software,FALSE
Google Search Ads 360,Sales and marketing software,FALSE
Google Sites,Web page creation and editing software,FALSE
Google Tag Manager,Sales and marketing software,FALSE
Google Translate Client,Foreign language software,FALSE
Google Video,Web page creation and editing software,FALSE
Google Webmaster,Web page creation and editing software,FALSE
Govern Software GovMap,Geographic information system,FALSE
Govern Software Land and Permits Management,Calendar and scheduling software,FALSE
"Governance, risk, and compliance GRC",Compliance software,FALSE
GraceSoft Easy InnKeeping Suite,Facilities management software,FALSE
Gradle,Object or component oriented development software,FALSE
Grafana Labs Grafana Cloud,Graphical user interface development software,TRUE
Grails,Web platform development software,FALSE
Grammarly Editor,Word processing software,FALSE
GraphPad Software GraphPad Prism,Analytical or scientific software,FALSE
GraphQL,Data base user interface and query software,TRUE
Graphic presentation,Graphics or photo imaging software,FALSE
Graphical user interface GUI builder,Graphical user interface development software,FALSE
Graphical user interface GUI design,Graphical user interface development software,FALSE
Graphics Programming Environment GRAPE,Analytical or scientific software,FALSE
Graphics creation,Graphics or photo imaging software,FALSE
Graphics digitizing,Optical character reader OCR or scanning software,FALSE
Graphics editing,Graphics or photo imaging software,FALSE
Graphics pipelines,Graphics or photo imaging software,FALSE
Graphing,Charting software,FALSE
Graphisoft ArchiCAD,Computer aided design CAD software,FALSE
Grass Valley EDIUS,Video creation and editing software,FALSE
GrassHopper PageStream,Desktop publishing software,FALSE
Gravic Principia Remark,Data base user interface and query software,FALSE
Gravitation,Analytical or scientific software,FALSE
Gravograph GravoStyle,Computer aided manufacturing CAM software,FALSE
GreatTax,Tax preparation software,FALSE
Greatis Object Inspector,Object or component oriented development software,FALSE
Greatland Corporation Winfiler,Human resources software,FALSE
Green Cloud KleanTRAC,Data base user interface and query software,FALSE
Greenbrier Graphics Deed Plotter,Map creation software,FALSE
Greenhills Ada compilers,Compiler and decompiler software,FALSE
Greenhouse gas management,Compliance software,FALSE
Greenplum Database,Data base management system software,FALSE
Greenway Health PrimeSuite,Medical software,FALSE
Greenway Medical Technologies PrimeChart,Medical software,FALSE
Greenway Medical Technologies PrimeSUITE,Medical software,FALSE
Gregg Software Gregg Rock-It,Analytical or scientific software,FALSE
GrenSoft WorkTracer,Project management software,FALSE
Gresens 92,Analytical or scientific software,FALSE
Grid analysis and display system GrADS,Analytical or scientific software,FALSE
Grid generation,Analytical or scientific software,FALSE
Groom Pro,Calendar and scheduling software,FALSE
Groomsoft,Data base user interface and query software,FALSE
Ground transportation management,Data base user interface and query software,FALSE
Groundwater Software QuickCross/Fence,Analytical or scientific software,FALSE
Groundwater Software QuickLog,Analytical or scientific software,FALSE
Groundwater Software Visual Site Manager,Data base user interface and query software,FALSE
Groundwater Vistas,Analytical or scientific software,FALSE
Groundwater modeling system GMS,Analytical or scientific software,FALSE
GroupMe,Instant messaging software,FALSE
GruupMeet,Customer relationship management CRM software,FALSE
Gstat,Analytical or scientific software,FALSE
Guardian Analytics FraudMAP,Business intelligence and data analysis software,FALSE
Guardian RFID,Data base user interface and query software,FALSE
GuestBridge Reserve,Data base user interface and query software,FALSE
GuestServe,Data base user interface and query software,FALSE
Guidance Software EnCase Enterprise,Analytical or scientific software,FALSE
Guidance Software EnCase Forensic,Network monitoring software,FALSE
Guideline Risk Technologies RUBI,Compliance software,FALSE
Gutenberg-e,Data base user interface and query software,FALSE
H&R Block Tax,Tax preparation software,FALSE
HAISEN,Industrial control software,FALSE
HARVEST,Analytical or scientific software,FALSE
HASH Animation:Master,Graphics or photo imaging software,FALSE
HATPRO,Analytical or scientific software,FALSE
HCSS HeavyBid,Project management software,FALSE
HCSS HeavyJob,Project management software,FALSE
HEAT Software GoldMine,Customer relationship management CRM software,FALSE
HEC-1,Analytical or scientific software,FALSE
HEC-2,Analytical or scientific software,FALSE
HEC-GeoRAS,Analytical or scientific software,FALSE
HEC-HMS,Analytical or scientific software,FALSE
HEC-RAS,Analytical or scientific software,FALSE
HEX Laboratory Systems Billing and Cash Management,Accounting software,FALSE
HEX Laboratory Systems LAB/HEX,Medical software,FALSE
HIMSA Noah,Medical software,FALSE
HIPERPAV,Analytical or scientific software,FALSE
HMIS Advantage,Data base user interface and query software,FALSE
HOMAG WoodWOP,Computer aided manufacturing CAM software,FALSE
HOMER Micropower Optimization Model,Analytical or scientific software,FALSE
HP 49G+ Appraiser Fee Calculator,Financial analysis software,FALSE
HP Autonomy TeamSite,Web page creation and editing software,FALSE
HP DataProtector,Backup or archival software,FALSE
HP Fortify,Network security or virtual private network VPN management software,FALSE
HP InfoTech CodeVisionAVR,Development environment software,FALSE
HP Trim,Document management software,FALSE
HP WebInspect,Transaction security and virus protection software,FALSE
HR-ease,Human resources software,FALSE
HRM Direct,Human resources software,FALSE
HRMS Solutions iVantage,Human resources software,FALSE
HRS Quickscore,Analytical or scientific software,FALSE
HS Virtual Piano,Music or sound editing software,FALSE
HT Systems PatientSecure,Medical software,FALSE
HTH Engineering Start-Stop PowerPlay,Word processing software,FALSE
HTS Vision CVS2,Eye tracking software,FALSE
HTS Vision HTS2 Computerized Binocular Home Eye Exercise,Eye tracking software,FALSE
HTTrack,Data base user interface and query software,FALSE
HUD-1,Word processing software,FALSE
HVAC,Computer aided design CAD software,FALSE
HYDRUS-2D,Analytical or scientific software,FALSE
HYPACK DREDGEPACK,Industrial control software,FALSE
HYPACK HYSWEEP,Analytical or scientific software,FALSE
HYPACK MAX,Analytical or scientific software,FALSE
Haemonetics Symphony Suite,Medical software,FALSE
Hagel Unitime,Time accounting software,FALSE
Haglof Sweden AB TCruise Forest Inventory,Inventory management software,FALSE
Halliburton Landmark GeoProbe,Analytical or scientific software,FALSE
Halliburton ProMAX,Analytical or scientific software,FALSE
Halogen e360,Human resources software,FALSE
Halogen eCompensation,Human resources software,FALSE
Halogen eLMS,Computer based training software,FALSE
Halogen ePraisal,Human resources software,FALSE
Hamrick Software VueScan,Optical character reader OCR or scanning software,FALSE
Hand held spell checkers,Spell checkers,FALSE
Handheld computer device,Operating system software,FALSE
Hands On Technology TheraWriter.PT,Medical software,FALSE
HandyFile Find and Replace Text Aid Kit,Word processing software,FALSE
Hansen CAMA,Analytical or scientific software,FALSE
HapMap,Data base user interface and query software,FALSE
Hard Dollar HD Project Estimating,Project management software,FALSE
Hardware description and verification language,Development environment software,FALSE
Hardware description language HDL,Development environment software,FALSE
Hardware-in-the-loop HIL simulation,Analytical or scientific software,FALSE
Harland Financial Solutions DecisionPro,Financial analysis software,FALSE
Harland Financial Solutions DepositPro,Data base user interface and query software,FALSE
Harland Interlinq MortgageWare,Financial analysis software,FALSE
Harmoni ESPRI,Analytical or scientific software,FALSE
Harpers Payroll Services HR la Carte,Human resources software,FALSE
Harrington Group HQMS,Industrial control software,FALSE
Harrington Group caWeb,Data base user interface and query software,FALSE
Harris Tech X.over Pro,Analytical or scientific software,FALSE
Harris Technologies BassBox,Analytical or scientific software,FALSE
HarrisData Human Resources Information System HRIS,Human resources software,FALSE
Harvard Graphics,Graphics or photo imaging software,FALSE
Harvard Thermal TAS,Analytical or scientific software,FALSE
Harvey Software CPS,Materials requirements planning logistics and supply chain software,FALSE
HashiCorp Vagrant,Web platform development software,FALSE
Haskell,Development environment software,FALSE
Hatchery database,Data base user interface and query software,FALSE
Hazard assessment,Analytical or scientific software,FALSE
Hazard communication,Compliance software,FALSE
Hazardous materials management HMS,Compliance software,FALSE
Hazardous waste operations and emergency response standard HAZWOPER training,Computer based training software,FALSE
Health Care Data HealthProbe,Medical software,FALSE
Health Care Software HCS INTERACTANT,Medical software,FALSE
Health and safety training,Computer based training software,FALSE
Health information database,Data base user interface and query software,FALSE
HealthFusion MediTouch,Medical software,FALSE
HealthLine Systems Eyecom,Medical software,FALSE
Healthcare common procedure coding system HCPCS,Medical software,FALSE
Healthcare management,Medical software,FALSE
Healthpac Medical Billing,Billing and invoicing software,FALSE
Healthprolink MedAtlas,Data base user interface and query software,FALSE
Healthvision MediAR,Accounting software,FALSE
Healthvision TDSynergy Anatomic Pathology,Medical software,FALSE
Healthvision TDSynergy LIS,Medical software,FALSE
HearForm Software HearForm,Medical software,FALSE
Hearing aid fitting,Medical software,FALSE
Heat loss calculation,Analytical or scientific software,FALSE
HeliconSoft Helicon Focus,Graphics or photo imaging software,FALSE
Helios TextPad,Word processing software,FALSE
Hellman & Schofield MP3,Analytical or scientific software,FALSE
Help desk,Helpdesk or call center software,FALSE
HelpIT Systems addressIT,Customer relationship management CRM software,FALSE
Hematology laboratory workflow management,Medical software,FALSE
Hendrich Falls Risk Model,Medical software,FALSE
Henry Schein DentalVision Professional,Medical software,FALSE
Henry Schein Dentrix,Medical software,TRUE
Henry Schein Easy Dental,Medical software,FALSE
Henry Schein EndoVision,Medical software,FALSE
Henry Schein ImproMed,Medical software,FALSE
Henry Schein Medical Systems MicroMD Urology EMR,Medical software,FALSE
Henry Schein PerioVision,Medical software,FALSE
Herbert Software Solutions HECSALV,Analytical or scientific software,FALSE
Heron CrossTie General Ledger,Accounting software,FALSE
Hewlett Packard Exstream Dialogue,Document management software,FALSE
Hewlett Packard HP Project Portfolio Management Solution,Data base user interface and query software,FALSE
Hewlett Packard HP-UX,Operating system software,FALSE
Hewlett Packard LoadRunner,Program testing software,FALSE
Hewlett Packard QuickTest Professional,Program testing software,FALSE
Hewlett-Packard HP Graphics Language HPGL,Development environment software,FALSE
Hewlett-Packard HP Network Node Manager,Administration software,FALSE
Hewlett-Packard HP OpenVMS,Operating system software,FALSE
Hewlett-Packard HP QuickTest Professional,Program testing software,FALSE
Hewlett-Packard HP Semiconductor Parameter Analyzer,Analytical or scientific software,FALSE
Hewlett-Packard HP SolidDesigner,Computer aided design CAD software,FALSE
Hewlett-Packard HP TestDirector for Quality Center,Program testing software,FALSE
Hewlett-Packard HP WinRunner,Program testing software,FALSE
Hex-Rays IDA Pro,Compiler and decompiler software,FALSE
Hexagon Geospatial Imagine Photogrammetry,Map creation software,FALSE
Hexagon Intergraph,Map creation software,FALSE
Hexagon Metrology PC-DMIS,Procedure management software,FALSE
HiPerSoft Practice Information Powertool,Data base user interface and query software,FALSE
HiT Software Allora,Metadata management software,FALSE
Hibernate ORM,Object oriented data base management software,TRUE
Hierarchical simulation program with integrated circuit emphasis HSPICE,Analytical or scientific software,FALSE
High School Scheduling and Transcript HSST,Calendar and scheduling software,FALSE
High-performance software libraries,Development environment software,FALSE
HighJump Software Supply Chain Advantage,Materials requirements planning logistics and supply chain software,FALSE
HighJump Software Warehouse Advantage,Materials requirements planning logistics and supply chain software,FALSE
HighJump Warehouse Advantage,Materials requirements planning logistics and supply chain software,FALSE
HindSight InView,Data base user interface and query software,FALSE
HireAbility ResumeParser,Human resources software,FALSE
HireLogic PowerPlace,Human resources software,FALSE
HiroSoft EPICURE,Analytical or scientific software,FALSE
Hitachi ZXLink,Mobile location based services software,FALSE
Hodgkin-Huxley Model,Analytical or scientific software,FALSE
Hoffman Computer Systems Amsoft,Customer relationship management CRM software,FALSE
Holt Systems eMedRec,Medical software,FALSE
Home Energy Efficient Design HEED,Computer aided design CAD software,FALSE
Home rating,Analytical or scientific software,FALSE
Honeypot,Transaction security and virus protection software,FALSE
Honeywell WEBs-N4,Industrial control software,FALSE
Honeywell Wintress PACNet,Industrial control software,FALSE
Hootsuite,Enterprise application integration software,FALSE
Horizon Engineering Sigma Plumbing Calculator,Computer aided design CAD software,FALSE
Horizon Software MRP Plus,Materials requirements planning logistics and supply chain software,FALSE
Horwath Software Magique,Analytical or scientific software,FALSE
Hospitality Control Solutions Aloha Point-of-Sale,Point of sale POS software,FALSE
Host Analytics Host Budget,Financial analysis software,FALSE
Hosted PACS Solutions,Medical software,FALSE
Hosted Support ezSupport Pro,Customer relationship management CRM software,FALSE
HotFlo! Die-Shot Monitor,Analytical or scientific software,FALSE
Hotel management,Facilities management software,FALSE
Hotspot,Analytical or scientific software,FALSE
Houchen Bindery Library Automated Retrieval System LARS,Library software,FALSE
Housekeeping management,Facilities management software,FALSE
Howard and Friends Computer CMA Plus,Financial analysis software,FALSE
HubSpot,Sales and marketing software,TRUE
Hugging Face,Development environment software,FALSE
Human Resource MicroSystems HR Entre,Human resources software,FALSE
Human machine interface HMI,Industrial control software,FALSE
Human modeling,Analytical or scientific software,FALSE
Human resource information system (HRIS),Human resources software,FALSE
Human resource management software HRMS,Human resources software,FALSE
Human resources management system HRMS,Human resources software,FALSE
Humanic Design Employmee Self-Service,Human resources software,FALSE
Humanic Design Human Resources Management,Human resources software,FALSE
Humidity and vapor drive calculation,Analytical or scientific software,FALSE
Hummingbird Legal Bill Review,Expert system software,FALSE
Hunter WinAlign,Analytical or scientific software,FALSE
HunterSoft Business Translator,Foreign language software,FALSE
HunterStone THESIS,Computer based training software,FALSE
Husky Injection Molding Systems Shotscope NX,Industrial control software,FALSE
Hydesoft Computing DPlot,Analytical or scientific software,FALSE
HydraNet,Customer relationship management CRM software,FALSE
Hydraulic analysis,Analytical or scientific software,FALSE
Hydraulic modeling,Analytical or scientific software,FALSE
HydroCAD Software Solutions HydroCAD Stormwater Modeling,Computer aided design CAD software,FALSE
HydroComp NavCad,Analytical or scientific software,FALSE
HydroSOLVE AQTESOLV,Analytical or scientific software,FALSE
Hydrogeology Basin2,Analytical or scientific software,FALSE
Hydrologic simulation program fortan HSPF,Analytical or scientific software,FALSE
Hydrological modeling,Analytical or scientific software,FALSE
Hyland OnBase Enterprise Content Management,Document management software,FALSE
Hyland Software OnBase,Document management software,FALSE
HyperOffice Collaboration Suite,Project management software,FALSE
HyperSpace,Configuration management software,FALSE
HyperTox,Information retrieval or search software,FALSE
Hypercube HyperChem,Computer aided design CAD software,FALSE
Hyperion Enterprise,Accounting software,FALSE
Hyperion Solutions Hyperion Intelligence,Analytical or scientific software,FALSE
Hyperion Solutions Hyperion System 9 Bi+,Enterprise resource planning ERP software,FALSE
Hyperion Solutions System 9 Planning,Enterprise resource planning ERP software,FALSE
Hyperscore,Music or sound editing software,FALSE
Hypertext markup language HTML,Web platform development software,TRUE
Hypertext preprocessor PHP,Web platform development software,FALSE
Hypertherm ProNest,Computer aided manufacturing CAM software,FALSE
I-flex Solutions Reveleus Investment Performance Measurement,Financial analysis software,FALSE
I-many Contract Management,Content workflow software,FALSE
IA Systems StreamLend,Financial analysis software,FALSE
IAD Audit Leverage,Financial analysis software,FALSE
IBM ADSTAR,Backup or archival software,FALSE
IBM AIX,Operating system software,FALSE
IBM BPM Blueprint,Enterprise resource planning ERP software,FALSE
IBM CATIA,Computer aided design CAD software,FALSE
IBM Check Processing Control System CPSC,Data base user interface and query software,FALSE
IBM Clarity Systems Clarity,Enterprise resource planning ERP software,FALSE
IBM Cloud,Data base user interface and query software,FALSE
IBM Cognos,Business intelligence and data analysis software,FALSE
IBM Cognos Business Intelligence,Business intelligence and data analysis software,FALSE
IBM Cognos Impromptu,Business intelligence and data analysis software,FALSE
IBM Cognos Planning,Enterprise resource planning ERP software,FALSE
IBM Cognos ReportNet,Enterprise resource planning ERP software,FALSE
IBM Content Manager,Document management software,FALSE
IBM Costimater,Financial analysis software,FALSE
IBM DB2,Data base user interface and query software,TRUE
IBM Digital Analytics,Business intelligence and data analysis software,FALSE
IBM Director,Network monitoring software,FALSE
IBM Domino,Communications server software,FALSE
IBM Federated Records Management,Document management software,FALSE
IBM FileNet Content Manager,Content workflow software,FALSE
IBM Fraud and Abuse Management,Expert system software,FALSE
IBM ILOG,Object or component oriented development software,FALSE
IBM ILOG CPLEX Optimization Studio,Analytical or scientific software,FALSE
IBM ILOG Inventory Analyst,Inventory management software,FALSE
IBM ILOG LogicNet Plus XE,Materials requirements planning logistics and supply chain software,FALSE
IBM InfoSphere DataStage,Enterprise application integration software,FALSE
IBM InfoSphere Warehouse,Data mining software,FALSE
IBM Information Management System (IMS),Data base user interface and query software,FALSE
IBM Informix,Data base user interface and query software,FALSE
IBM Infosphere Information Server,Data base management system software,FALSE
IBM Intelligent Miner,Data mining software,FALSE
IBM Interactive System Productivity Facility ISPF,Data base management system software,FALSE
IBM Judicial Enforcement Management System JEMS,Data base user interface and query software,FALSE
IBM Lotus 1-2-3,Spreadsheet software,FALSE
IBM Lotus Approach,Data base user interface and query software,FALSE
IBM Lotus LearningSpace,Computer based training software,FALSE
IBM Lotus Notes,Electronic mail software,FALSE
IBM Lotus SameTime,Network conferencing software,FALSE
IBM MVS,Operating system software,FALSE
IBM Maximo Asset Management,Enterprise resource planning ERP software,FALSE
IBM Middleware,Transaction server software,FALSE
IBM NetView,Network monitoring software,FALSE
IBM Netezza TwinFin,Data base reporting software,FALSE
IBM Notes,Electronic mail software,FALSE
IBM Power,Enterprise system management software,FALSE
IBM QRadar SIEM,Network monitoring software,FALSE
IBM Rational,Development environment software,FALSE
IBM Rational Apex,Configuration management software,FALSE
IBM Rational Application Developer,Development environment software,FALSE
IBM Rational Build Forge,Development environment software,FALSE
IBM Rational ClearCase,Configuration management software,FALSE
IBM Rational ClearQuest,Development environment software,FALSE
IBM Rational DOORS,Requirements analysis and system architecture software,FALSE
IBM Rational Data Architect,Metadata management software,FALSE
IBM Rational Functional Tester,Program testing software,FALSE
IBM Rational PurifyPlus,Program testing software,FALSE
IBM Rational Requirements Composer,Requirements analysis and system architecture software,FALSE
IBM Rational RequisitePro,Requirements analysis and system architecture software,FALSE
IBM Rational Robot,Program testing software,FALSE
IBM Rational Rose XDE,Development environment software,FALSE
IBM Rational System Architect,Metadata management software,FALSE
IBM Resource Access Control Facility RACF,Network security or virtual private network VPN management software,FALSE
IBM SPSS Amos,Analytical or scientific software,FALSE
IBM SPSS AnswerTree,Analytical or scientific software,FALSE
IBM SPSS Statistics,Analytical or scientific software,TRUE
IBM Security Network Intrusion Prevention,Network security or virtual private network VPN management software,FALSE
IBM Software Configuration and Library Manager SCLM,Configuration management software,FALSE
"IBM Sterling Configure, Price, Quote",Enterprise resource planning ERP software,FALSE
IBM Terraform,Configuration management software,TRUE
IBM Tivoli Access Management TAM,Access software,FALSE
IBM Tivoli Identity Management TIM,Authentication server software,FALSE
IBM Tivoli NetView Distribution Manager,Filesystem software,FALSE
IBM Tivoli,Access software,FALSE
IBM Unica Enterprise,Financial analysis software,FALSE
IBM WebSphere,Cloud-based management software,FALSE
IBM WebSphere MQ,Cloud-based management software,TRUE
IBM i2 Analyst's Notebook,Data base user interface and query software,FALSE
IBM i2 Transportation Manager,Materials requirements planning logistics and supply chain software,FALSE
IBM iSeries Access,Platform interconnectivity software,FALSE
IBM z/OS operating,Network operation system software,FALSE
IBS MRP,Materials requirements planning logistics and supply chain software,FALSE
IBS Software Services Tour Partner,Customer relationship management CRM software,FALSE
IBS Supply Chain Management,Materials requirements planning logistics and supply chain software,FALSE
ICAM CAM-POST,Computer aided manufacturing CAM software,FALSE
ICANotes,Medical software,FALSE
ICCO CreditSoft,Financial analysis software,FALSE
ICE Dental,Medical software,FALSE
ICIMS,Human resources software,FALSE
ICON programming language,Development environment software,FALSE
ICS Learning Group Inquisiq EX,Computer based training software,FALSE
ICS Software SammyUSA,Medical software,FALSE
ICTraining,Data base user interface and query software,FALSE
IDEA TrialPro,Presentation software,FALSE
IDEAS Software & Training IDEAS Property Clerk,Data base user interface and query software,FALSE
IDEXX Laboratories IDEXX Cornerstone,Medical software,FALSE
IDEXX Laboratories IDEXX VPM,Data base user interface and query software,FALSE
IDM Computer Solutions UltraEdit,Data base management system software,FALSE
IDMS Account Ability,Tax preparation software,FALSE
IDX Groupcast,Calendar and scheduling software,FALSE
IDX Systems IDXtend,Medical software,FALSE
IDX Systems Patient Chart Tracking,Document management software,FALSE
IEA Software Emerald,Data base user interface and query software,FALSE
IES Ecellerate,Compliance software,FALSE
IFS Applications for Supply Chain Management,Materials requirements planning logistics and supply chain software,FALSE
IFT-Pro,Route navigation software,FALSE
IHRSR++,Analytical or scientific software,FALSE
IHS Energy PowerTools,Analytical or scientific software,FALSE
IHS Kingdom,Analytical or scientific software,FALSE
IHS Petra,Analytical or scientific software,FALSE
IHS QUE$TOR,Financial analysis software,FALSE
IK Multimedia GrooveMaker,Music or sound editing software,FALSE
ILOG CPLEX,Analytical or scientific software,FALSE
ILOG OPL-CPLEX Development,Analytical or scientific software,FALSE
IMA Technologies CaseTrakker,Medical software,FALSE
IMAGINE OrthoBASE,Map creation software,FALSE
IMPACT Wealth Distribution Analysis,Financial analysis software,FALSE
IMS Specialty Services IMS Digital Office,Medical software,FALSE
IMS Travel Agent Reservation,Calendar and scheduling software,FALSE
IMSI Design DesignCAD,Computer aided design CAD software,FALSE
IMSI TurboCAD,Computer aided manufacturing CAM software,FALSE
IMSure Solutions SHIPflex,Analytical or scientific software,FALSE
INCORE code,Development environment software,FALSE
INN-Client Server Systems ICSS Atrium,Facilities management software,FALSE
IONA Orbix,Development environment software,FALSE
IOS Health Systems Medios EHR,Medical software,FALSE
IPS of Boston DoubleCheck,Financial analysis software,FALSE
IPS-Sendero Relationship Profitability Manager Catalyst,Customer relationship management CRM software,FALSE
"IPro Restaurant Inventory, Recipe & Menu",Analytical or scientific software,FALSE
IRIS,Graphics or photo imaging software,FALSE
IRIS Seismic Processing Workshop,Analytical or scientific software,FALSE
IRSIM,Analytical or scientific software,FALSE
ISO ClaimSearch,Expert system software,FALSE
ISO NetMap for Claims,Expert system software,FALSE
ISS Construction Manager,Data base user interface and query software,FALSE
ISS RealSecure,Network security or virtual private network VPN management software,FALSE
ITC Integrated Land and Water Information System ILWIS,Map creation software,FALSE
ITEM Software ITEM ToolKit,Analytical or scientific software,FALSE
ITEM Software Spare Cost,Analytical or scientific software,FALSE
ITHAKA JSTOR,Library software,FALSE
ITSpatial InterSCOPE,Map creation software,FALSE
ITT Exelis Visual Information Solutions ENVI,Analytical or scientific software,FALSE
ITT Visual Information Solutions ENVI,Map creation software,FALSE
IWR-PLAN,Analytical or scientific software,FALSE
IXL Learning Quia Web,Web page creation and editing software,FALSE
Iatric Systems MobiLab,Medical software,FALSE
Ibbotson Analyst,Financial analysis software,FALSE
Ibbotson Portfolio Strategist,Financial analysis software,FALSE
Ideal Computer Systems Ideal OPE,Data base user interface and query software,FALSE
Ikon Science RokDoc,Analytical or scientific software,FALSE
Ikonami AT-Learning,Computer based training software,FALSE
Illumina Laboratory Information Management System LIMS,Analytical or scientific software,FALSE
Illusions Online Illusions OnDemand,Business intelligence and data analysis software,FALSE
ImPACT Applications ImPACT,Medical software,FALSE
Image Deposit Exchange Check Station,Access software,FALSE
Image Solutions ISIPublisher,Document management software,FALSE
Image Solutions eCTDXpress,Document management software,FALSE
Image analysis,Analytical or scientific software,FALSE
Image capture and analysis,Analytical or scientific software,FALSE
Image capture,Analytical or scientific software,FALSE
Image databases,Data base user interface and query software,FALSE
Image editing,Graphics or photo imaging software,FALSE
Image enhancement,Graphics or photo imaging software,FALSE
Image exchange networks,Graphics or photo imaging software,FALSE
Image management,Graphics or photo imaging software,FALSE
Image processing,Graphics or photo imaging software,FALSE
Image processors,Analytical or scientific software,FALSE
Image replacement document IRD printing,Graphics or photo imaging software,FALSE
Image scanning,Optical character reader OCR or scanning software,FALSE
Image-Line FL Studio,Music or sound editing software,FALSE
Image-guided surgery,Medical software,FALSE
ImageJ,Graphics or photo imaging software,FALSE
ImageWave MSDSFinder,Data base user interface and query software,FALSE
Imagine Software Imagine Trading,Desktop communications software,FALSE
Imagine That Extend OR,Analytical or scientific software,FALSE
Imaging,Graphics or photo imaging software,FALSE
Immigrant Software Immigrant Professional,Document management software,FALSE
Impact PlanLabX3,Financial analysis software,FALSE
Imperva SecureSphere,Network security and virtual private network VPN equipment software,FALSE
Impro-Visor,Music or sound editing software,FALSE
ImproMed Infinity,Medical software,FALSE
In-Hand Pocket APOD,Financial analysis software,FALSE
InLoox,Project management software,FALSE
InPhase Technologies Group InPhase Concept,Enterprise resource planning ERP software,FALSE
InScribe,Computer based training software,FALSE
InStar Orion,Customer relationship management CRM software,FALSE
InSystems Calligo Document Management,Document management software,FALSE
InSystems Calligo Enterprise,Document management software,FALSE
InVision,Process mapping and design software,FALSE
Incentive management,Human resources software,FALSE
Inception Technologies InfiniTime,Human resources software,FALSE
Incident command system ICS,Project management software,FALSE
Incident tracking,Data base user interface and query software,FALSE
Income tax return preparation,Tax preparation software,FALSE
Incremental compiler,Compiler and decompiler software,FALSE
Index tuning,Data base management system software,FALSE
Indigo Renderer,Graphics or photo imaging software,FALSE
Individualized Educational Program IEP,Data base user interface and query software,FALSE
Indus Lending Solutions,Financial analysis software,FALSE
Industrial Code Recruitpoint.net,Human resources software,FALSE
Industrial Scientific iNET,Industrial control software,FALSE
Industrial control,Industrial control software,FALSE
Industrial job assessment,Analytical or scientific software,FALSE
Industrial production manager and stock control,Industrial control software,FALSE
IndySoft Gage InSite Enterprise,Analytical or scientific software,FALSE
Inetsoft,Data base reporting software,FALSE
InferMed MACRO Electronic Data Capture,Analytical or scientific software,FALSE
Infinite Radiology Opal-RAD,Medical software,FALSE
Infinity CAD Systems AutoSculpt,Computer aided design CAD software,FALSE
Infinity QS ProFicient,Industrial control software,FALSE
InfinityHR,Human resources software,FALSE
InfoLogix HealthTrax Engine,Inventory management software,FALSE
Infoblox NetMRI,Network operating system enhancement software,FALSE
Infoblox security and networking,Administration software,FALSE
Infobright Community Edition ICE,Analytical or scientific software,FALSE
Infocom JACS,Calendar and scheduling software,FALSE
Infocorp Computer Solutions $mart,Point of sale POS software,FALSE
Infocorp Softwear/POS,Point of sale POS software,FALSE
Infor ERP Baan,Enterprise resource planning ERP software,FALSE
Infor ERP SyteLine,Enterprise resource planning ERP software,FALSE
Infor ERP Visual,Enterprise resource planning ERP software,FALSE
Infor Global Solutions Starbuilder,Accounting software,FALSE
Infor Global Solutions eSITE,Data base user interface and query software,FALSE
Infor Industrial Essentials,Enterprise resource planning ERP software,FALSE
Infor Lawson Supply Chain Management,Materials requirements planning logistics and supply chain software,FALSE
Infor SCM,Materials requirements planning logistics and supply chain software,FALSE
Infor SSA Human Capital Management,Human resources software,FALSE
Infor Supply Chain Management,Materials requirements planning logistics and supply chain software,FALSE
Infor XA,Enterprise resource planning ERP software,FALSE
InforSense InforSense,Data base user interface and query software,FALSE
InformaVet ALIS-VET,Medical software,FALSE
Informatica Big Data,Data base management system software,FALSE
Informatica Corporation PowerCenter,Enterprise resource planning ERP software,FALSE
Informatica Data Explorer,Data mining software,FALSE
Informatica PowerCenter,Metadata management software,FALSE
Informatica,Metadata management software,TRUE
Informatik MapDraw Deed Mapper,Map creation software,FALSE
Information Builders WebFOCUS,Data base reporting software,FALSE
Information Resource Products Clinical Coding Expert,Expert system software,FALSE
Information Services Inc. CCC Pathways Appraisal Solution,Data base user interface and query software,FALSE
Information Technology Incorporated Premier Teller,Accounting software,FALSE
Information management subsystem,Medical software,FALSE
Information presentation,Presentation software,FALSE
Information systems integration,Information retrieval or search software,FALSE
InformationActive ActiveData for Excel,Financial analysis software,FALSE
Informed EMS Field Guide,Information retrieval or search software,FALSE
Infosite Technologies DM Warehousing,Inventory management software,FALSE
Infosite Technologies Dispatch-Mate,Materials requirements planning logistics and supply chain software,FALSE
Infospectrum Quick Insure,Customer relationship management CRM software,FALSE
Infostat RIMBase,Data base user interface and query software,FALSE
Infotronics Attendance Enterprise,Time accounting software,FALSE
Infovision Amlib,Library software,FALSE
Infusion management,Medical software,FALSE
Ingenious ProPlan,Materials requirements planning logistics and supply chain software,FALSE
Ingenious ProSched,Materials requirements planning logistics and supply chain software,FALSE
Ingenuity Systems Ingenuity Pathways Analysis,Analytical or scientific software,FALSE
Ingenuware CoronerBase,Data base user interface and query software,FALSE
Inivis AC3D,Graphics or photo imaging software,FALSE
Injury Sciences EDR InSight,Analytical or scientific software,FALSE
Injury tracking,Data base user interface and query software,FALSE
Inkscape,Graphics or photo imaging software,FALSE
Inlet Technologies Semaphore,Analytical or scientific software,FALSE
Inline code expander,Compiler and decompiler software,FALSE
Inmagic DB/TextWorks,Document management software,FALSE
Inmagic Genie,Library software,FALSE
Inmagic TextWorks,Data base user interface and query software,FALSE
InnQuest Software roomMaster,Facilities management software,FALSE
InnQuest roomMaster,Facilities management software,FALSE
InnovMetric PolyWorks,Computer aided design CAD software,FALSE
Innova Financial Solutions Derivatives Expert,Financial analysis software,FALSE
Innovative Business Computer Solutions Spa/Salon Manager,Data base user interface and query software,FALSE
Innovative Interfaces Millennium,Library software,FALSE
Innovative Software Inn-Soft Office Manager,Medical software,FALSE
Innovative Software Solutions Picas,Enterprise resource planning ERP software,FALSE
InsideSales.com,Customer relationship management CRM software,FALSE
Insight Direct ServiceCEO,Data base user interface and query software,FALSE
Insight Software My Vision Express,Medical software,FALSE
Insightful Corporation Confirmit,Customer relationship management CRM software,FALSE
Insightful S-PLUS,Analytical or scientific software,FALSE
Inspection Depot Home Guide,Word processing software,FALSE
Inspection Selection System ISS,Data base user interface and query software,FALSE
Inspection management,Compliance software,FALSE
Inspection marking,Label making software,FALSE
Inspired eLearning iLMS,Computer based training software,FALSE
InstallShield,Configuration management software,FALSE
Installalogy Access Client,Data base user interface and query software,FALSE
Instructional,Computer based training software,FALSE
Instructure Canvas,Computer based training software,FALSE
Instrument control,Medical software,FALSE
Instrument validation,Medical software,FALSE
Insurance Systems WebWriter BackOffice,Customer relationship management CRM software,FALSE
Insurance Technologies Corporation InsurancePro,Enterprise resource planning ERP software,FALSE
Insurance Technologies ForeSight Enterprise,Customer relationship management CRM software,FALSE
Insurance Technology Consultants WOW,Data base user interface and query software,FALSE
Insurance analysis,Financial analysis software,FALSE
Insurance claim processing,Accounting software,FALSE
Insurance claims fraud detection,Analytical or scientific software,FALSE
Insurance rating,Financial analysis software,FALSE
Insureware ICRFS-ELRF,Financial analysis software,FALSE
Intac International Wintac,Data base user interface and query software,FALSE
Intacct ERP,Enterprise resource planning ERP software,FALSE
InteLext Past Masters,Data base user interface and query software,FALSE
InteProc Material Requirements Planning,Materials requirements planning logistics and supply chain software,FALSE
Integra Destiny Loan Origination,Financial analysis software,FALSE
Integra Radionics NeuroSight Arc,Medical software,FALSE
Integrant DebtLogic,Financial analysis software,FALSE
Integrated Automated Fingerprint Identification System IAFIS,Data base user interface and query software,FALSE
Integrated Decision Support Corporation Expert Fuel,Materials requirements planning logistics and supply chain software,FALSE
Integrated Decision Support Corporation Netwise Supply Chain,Materials requirements planning logistics and supply chain software,FALSE
Integrated Decision Support Corporation Route Advice,Route navigation software,FALSE
Integrated Decision Support Corporation Swap Advice,Materials requirements planning logistics and supply chain software,FALSE
Integrated Decision Support Match Advice,Analytical or scientific software,FALSE
Integrated Decision Support Netwise Enterprise,Analytical or scientific software,FALSE
Integrated Decision Support Netwise Frontline,Analytical or scientific software,FALSE
Integrated Environmental Services 3D Master,Computer aided design CAD software,FALSE
Integrated Management Systems Food Connex Cloud,Enterprise resource planning ERP software,FALSE
Integrated Parking Solutions MApp,Data base user interface and query software,FALSE
Integrated Systems Management OmniMD,Medical software,FALSE
Integrated circuit simulation,Analytical or scientific software,FALSE
Integrated construction management,Data base user interface and query software,FALSE
Integrated development environment IDE,Development environment software,FALSE
Integrated materials management,Materials requirements planning logistics and supply chain software,FALSE
Integration testing,Program testing software,FALSE
Integrity verification,Network monitoring software,FALSE
Intel Data Migration,Storage media loading software,FALSE
Intel Integrated Performance Primitives,Development environment software,FALSE
Intel Math Kernel Library,Analytical or scientific software,FALSE
Intelitek spectraCAM Milling,Computer aided manufacturing CAM software,FALSE
Intelitek spectraCAM Turning,Computer aided manufacturing CAM software,FALSE
Intelius,Human resources software,FALSE
Intelladon Enterprise Knowledge Platform EKP,Computer based training software,FALSE
IntelliCAD,Computer aided design CAD software,FALSE
IntelliPDF CURVES,Document management software,FALSE
IntelliTrack 3PL,Materials requirements planning logistics and supply chain software,FALSE
IntelliTrack DMS Check In-Out,Inventory management software,FALSE
IntelliTrack Warehouse Management System (WMS),Inventory management software,FALSE
Intelligen SuperPro Designer,Analytical or scientific software,FALSE
Intelligent Algorithms InfoGIST Platinum Recruiter,Human resources software,FALSE
Intelligent Editing PerfectIt,Word processing software,FALSE
Intelligent Imaging Innovations SlideBook,Graphics or photo imaging software,FALSE
Intelligent Information Conversion Technologies MeritScholar,Computer based training software,FALSE
Intelligrated InControlWare,Materials requirements planning logistics and supply chain software,FALSE
Intellimed,Data base user interface and query software,FALSE
Intellisense Intellisuite,Analytical or scientific software,FALSE
Intellisys Project Desktop,Project management software,FALSE
Intellitax financial solutions,Tax preparation software,FALSE
Intellum Rollbook,Computer based training software,FALSE
InterEnergy Software Building Energy Analyzer PRO,Analytical or scientific software,FALSE
InterMine,Data base management system software,FALSE
Intera Systems Hawk-i,Computer aided manufacturing CAM software,FALSE
InteractElsevier Netter's 3D Interactive Anatomy,Medical software,FALSE
Interactive Mathematical Proof System IMPS,Analytical or scientific software,FALSE
Interactive learning,Multi-media educational software,FALSE
Interactive psychological evaluation,Medical software,FALSE
Interactive radar analysis software IRAS,Analytical or scientific software,FALSE
Interconsult Brann G-JET,Analytical or scientific software,FALSE
Interface Computers Data Loader,Metadata management software,FALSE
Interface definition language IDL,Development environment software,FALSE
Intergraph GeoMedia Transportation Manager,Route navigation software,FALSE
Intergraph INtools,Computer aided design CAD software,FALSE
Intergraph Image Analyst,Graphics or photo imaging software,FALSE
Intergraph ImageStation Stereo Softcopy Kit SSK,Map creation software,FALSE
Intergraph MGE,Map creation software,FALSE
Intergraph Plant Design System PDS,Computer aided design CAD software,FALSE
Intergraph SmartMarine 3D,Computer aided design CAD software,FALSE
Interlock shutdown,Industrial control software,FALSE
Intermediate System to Intermediate System IS-IS,Switch or router software,FALSE
Internal audit,Financial analysis software,FALSE
International Centre for Diffraction Data ICDD DDView,Data base user interface and query software,FALSE
International Material Data System IMDS,Data base user interface and query software,FALSE
International Response Technologies CowChip - Ranch House,Enterprise resource planning ERP software,FALSE
International TechneGroup IGESworks,Computer aided design CAD software,FALSE
Internet Grievance System IGS,Human resources software,FALSE
Internet Protocol Security IPSEC,Network security or virtual private network VPN management software,FALSE
Internet Protocol Television,Internet protocol IP multimedia subsystem software,FALSE
Internet based MLS database,Data base reporting software,FALSE
Internet or intranet image distribution,Medical software,FALSE
Internet search engine,Information retrieval or search software,FALSE
Interoperability testing,Program testing software,FALSE
Interpex IXID,Analytical or scientific software,FALSE
Interpreter,Compiler and decompiler software,FALSE
Interstate connection ICON,Development environment software,FALSE
Interstudio Geo-Tec B,Analytical or scientific software,FALSE
Interuniversity Consortium for Political and Social Research (ICPSR) database,Data base user interface and query software,FALSE
Interviewer,Data base user interface and query software,FALSE
Interwave Technology RS Bizware Scheduler,Materials requirements planning logistics and supply chain software,FALSE
Interwoven RecordsManager,Document management software,FALSE
Interwoven,Document management software,FALSE
Intland Software codeBeamer,Project management software,FALSE
IntraVet,Medical software,FALSE
Intrado SchoolMessenger,Mobile messaging service software,FALSE
Intrax ProcedureNet,Compliance software,FALSE
Intrusion detection system IDS,Network security or virtual private network VPN management software,FALSE
Intrusion prevention system IPS,Network security or virtual private network VPN management software,FALSE
Intuit Lacerte,Tax preparation software,FALSE
Intuit MRI Residential,Data base user interface and query software,FALSE
Intuit ProSeries,Tax preparation software,FALSE
Intuit QuickBooks,Accounting software,TRUE
Intuit QuickBooks Point of Sale,Point of sale POS software,FALSE
Intuit QuickBoooks Payments,Point of sale POS software,FALSE
Intuit TurboTax,Tax preparation software,TRUE
Intusoft ICAP,Analytical or scientific software,FALSE
Inventory control,Inventory management software,FALSE
Inventory management,Inventory management software,FALSE
Inventory tracking,Inventory management software,FALSE
Inventrix Labtrac,Data base user interface and query software,FALSE
Investigation management,Project management software,FALSE
Investigo,Customer relationship management CRM software,FALSE
Investment and business valuation template,Financial analysis software,FALSE
Investment tracking,Financial analysis software,FALSE
Invicti Acunetix,Transaction security and virus protection software,FALSE
Invivo Data EPX ePRO Management,Data base user interface and query software,FALSE
Invoice,Billing and invoicing software,FALSE
IpFilter,Network security and virtual private network VPN equipment software,FALSE
IpTables,Network security and virtual private network VPN equipment software,FALSE
Ipswitch WhatsUp Gold,Network monitoring software,FALSE
Iptor Supply Chain,Inventory management software,FALSE
Iron Mountain Accutrac records management,Document management software,FALSE
IronCAD,Computer aided design CAD software,FALSE
Iseemedia Photovista Panorama,Graphics or photo imaging software,FALSE
Isograph FaultTree,Analytical or scientific software,FALSE
Isograph Markov,Analytical or scientific software,FALSE
Issue tracking,Data base user interface and query software,FALSE
ItemTracker,Inventory management software,FALSE
Iteris Turbo Architecture,Analytical or scientific software,FALSE
Iterum eMedic,Information retrieval or search software,FALSE
Itron Enterprise Energy Management EEM Suite,Analytical or scientific software,FALSE
Ivorix Neurostrategy Finance,Expert system software,FALSE
J&L Financial Planner,Financial analysis software,FALSE
JACAL,Analytical or scientific software,FALSE
JAMAR Technologies PETRAPro,Analytical or scientific software,FALSE
JDA Arthur KnowledgeBase database,Data base user interface and query software,FALSE
JDA Manugistics,Materials requirements planning logistics and supply chain software,FALSE
JDA Master Planning,Materials requirements planning logistics and supply chain software,FALSE
JDA Software Group Advanced Warehouse Replenishment by E3,Enterprise resource planning ERP software,FALSE
JDA Software Group Assortment Planning by Arthur,Enterprise resource planning ERP software,FALSE
JETCAM,Computer aided manufacturing CAM software,FALSE
JETCAM Expert,Computer aided manufacturing CAM software,FALSE
JFrog Artifactory,Development environment software,FALSE
JHDL,Object or component oriented development software,FALSE
JMS Software RCM WorkSaver,Analytical or scientific software,FALSE
JRC navigation,Route navigation software,FALSE
JRP Consulting Plant Wizard,Data base user interface and query software,FALSE
JRP Consulting Survey Wizard,Data base user interface and query software,FALSE
JSTOR database,Information retrieval or search software,FALSE
JTL Enterprises MedIntake,Medical software,FALSE
JUnit,Program testing software,TRUE
JaMBW,Analytical or scientific software,FALSE
Jack Henry & Associates Vertex,Enterprise resource planning ERP software,FALSE
Jackbeat,Music or sound editing software,FALSE
Jackrabbit Technologies Jackrabbit Care,Enterprise resource planning ERP software,FALSE
Jail management,Data base user interface and query software,FALSE
JamBoard,Graphics or photo imaging software,FALSE
James Frazier Associates DataStart,Medical software,FALSE
Jantek Electronics Jupiter Time & Attendance,Time accounting software,FALSE
Jantek Jupiter Time Attendance,Time accounting software,FALSE
Jaspersoft Business Intelligence Suite,Business intelligence and data analysis software,FALSE
JavaScript Object Notation JSON,Web platform development software,TRUE
JavaScript framework,Web platform development software,FALSE
Javamin Composer,Music or sound editing software,FALSE
Jekyll,Web platform development software,FALSE
Jenark Business,Data base user interface and query software,FALSE
Jenkins CI,Enterprise application integration software,TRUE
Jenmar International DL-Plus,Data base user interface and query software,FALSE
Jenss & Associates CompKeeper,Human resources software,FALSE
Jenzabar ERP,Enterprise resource planning ERP software,FALSE
Jenzabar EX,Enterprise resource planning ERP software,FALSE
Jeppesen Marine Nobeltec Admiral,Route navigation software,FALSE
JessX stock simulator,Financial analysis software,FALSE
Jest,Program testing software,FALSE
JetBrains IntelliJ IDEA,Development environment software,FALSE
JetBrains PhpStorm,Web platform development software,FALSE
JetBrains Team City,Development environment software,FALSE
Jewelry design,Computer aided design CAD software,FALSE
Jewelry store point of sale POS,Point of sale POS software,FALSE
Jitterbit,Cloud-based management software,FALSE
Job control language JCL,Operating system software,FALSE
Job costing,Accounting software,FALSE
Job posting,Human resources software,FALSE
Job scheduling,Calendar and scheduling software,FALSE
Job tracking,Project management software,FALSE
JobBOSS,Enterprise resource planning ERP software,FALSE
JobPack MES Scheduler,Materials requirements planning logistics and supply chain software,FALSE
Jobber Computer Plus,Analytical or scientific software,FALSE
John Deere Apex Farm Management,Data base user interface and query software,FALSE
John Hesselberth and Ron Roy GlazeMaster,Analytical or scientific software,FALSE
Johnson Controls Metasys,Facilities management software,FALSE
Joint Prediction of Operons JPOP,Analytical or scientific software,FALSE
Joomla,Web platform development software,FALSE
JudgeIt II,Analytical or scientific software,FALSE
Julia,Development environment software,FALSE
Juniper Networks NetScreen-Security Manager,Network security and virtual private network VPN equipment software,FALSE
Juniper Systems LandMark Mobile,Mobile location based services software,FALSE
Junxure CRM,Customer relationship management CRM software,FALSE
Jupyter Notebook,Object or component oriented development software,FALSE
Jupyter,Object or component oriented development software,FALSE
Jurek Software Pedigree-Draw,Medical software,FALSE
Juris,Data base user interface and query software,FALSE
Just So Software The Property Manager,Data base user interface and query software,FALSE
Just-in-time compiler,Compiler and decompiler software,FALSE
JustBio SeqPainter,Graphics or photo imaging software,FALSE
JustSystems XMetaL,Web page creation and editing software,FALSE
Justice Systems FullCourt Enterprise,Project management software,FALSE
K&K Associates Thermal Analysis Kit TAK,Analytical or scientific software,FALSE
K2 Business Process Automation,Development environment software,FALSE
K9 Bytes K9 Koordinator,Data base user interface and query software,FALSE
KANT,Analytical or scientific software,FALSE
KAPES,Analytical or scientific software,FALSE
KARIO,Analytical or scientific software,FALSE
KCD cabinet design,Computer aided design CAD software,FALSE
KE Software EMu,Data base user interface and query software,FALSE
KELTEC Systems HerdMaster,Data base user interface and query software,FALSE
KEYENCE PLC Ladder Logic,Industrial control software,FALSE
KIKA Veracity,Data base user interface and query software,FALSE
KLA-Tencor PROLITH,Analytical or scientific software,FALSE
KNMI TurboWin,Data base user interface and query software,FALSE
KOffice.org Kplato,Project management software,FALSE
KPB Associates TaxStream,Tax preparation software,FALSE
KRS Enterprises Service First!,Accounting software,FALSE
KSEG,Analytical or scientific software,FALSE
KYPipe,Analytical or scientific software,FALSE
Kahoot!,Multi-media educational software,FALSE
Kali Linux,Program testing software,FALSE
Kalido Information Engine,Data base management system software,FALSE
Kanoodle,Data base user interface and query software,FALSE
Kapwing,Video creation and editing software,FALSE
Kareo Practice Management,Medical software,FALSE
Katchitek Corporation OrthoManager,Medical software,FALSE
Katsura Shareware KS Strobe Tuner,Analytical or scientific software,FALSE
Katsura Shareware ProLevel,Analytical or scientific software,FALSE
Katsura Shareware SoundFrames,Analytical or scientific software,FALSE
KayPENTAX Multi-Speech,Medical software,FALSE
KayPENTAX Nasometer,Medical software,FALSE
Kea Software impDAT,Medical software,FALSE
Keane SCORE,Compliance software,FALSE
Keb Combivis Studio,Industrial control software,FALSE
Keffer Development Services Athletic Trainer System ATS,Data base user interface and query software,FALSE
Kelowna Software L4U,Library software,FALSE
Kennel Link,Data base user interface and query software,FALSE
Kentech Kipware M CNC,Computer aided manufacturing CAM software,FALSE
Kentech Kipware Studio,Computer aided design CAD software,FALSE
Kentech Kipware T CNC,Computer aided manufacturing CAM software,FALSE
Kentech Kipware Trig Kalculator,Analytical or scientific software,FALSE
Kentech Kipware X CNC,Computer aided manufacturing CAM software,FALSE
Kentech PROTALK,Information retrieval or search software,FALSE
Kentech machine shop,Computer aided manufacturing CAM software,FALSE
Keras,Operating system software,FALSE
Ketogenic planning,Analytical or scientific software,FALSE
Kewill Clippership,Materials requirements planning logistics and supply chain software,FALSE
Kewill Compliance Partner,Compliance software,FALSE
Kewill Global Trade and Logistics,Materials requirements planning logistics and supply chain software,FALSE
Kewill Javelin Distribution Ship,Materials requirements planning logistics and supply chain software,FALSE
Keypoint DataDesk,Analytical or scientific software,FALSE
Keysight Intuilink Connectivity,Platform interconnectivity software,FALSE
Keysight Technologies Advanced Design,Computer aided design CAD software,FALSE
Keystroke monitoring,Network monitoring software,FALSE
Kforge,Enterprise system management software,FALSE
Khameleon,Project management software,FALSE
KiCad,Computer aided design CAD software,FALSE
Kidasa Milestones Professional,Project management software,FALSE
KinTraks,Data base user interface and query software,FALSE
Kinematic Engineering MicroMeasure IV,Industrial control software,FALSE
Kirix ProffiPoint,Financial analysis software,FALSE
Kismet,Network security and virtual private network VPN equipment software,FALSE
Kitty Hawk,Analytical or scientific software,FALSE
Klear Estimator,Analytical or scientific software,FALSE
Kleinrock Publishing,Financial analysis software,FALSE
Kliger-Weiss Infosystems,Materials requirements planning logistics and supply chain software,FALSE
Knees Software PT DocTools,Medical software,FALSE
Knight BondPoint,Financial analysis software,FALSE
Kodak Dental Systems Kodak Cosmetic Imaging Module,Graphics or photo imaging software,FALSE
Kodak Dental Systems Kodak ORTHOWARE,Medical software,FALSE
Kodak Dental Systems Kodak PRACTICEWORKS Practice management software PMS,Medical software,FALSE
Kodak Dental Systems Kodak SOFTDENT Practice management software PMS,Medical software,FALSE
KommandCore,Project management software,FALSE
Komplete Kontrol,Music or sound editing software,FALSE
Kongsberg Maritime K-LOG Electronic Logbooks,Data base user interface and query software,FALSE
Kongsberg Maritime K-Log Deck Logbook,Data base user interface and query software,FALSE
Kookaburra Studios Knowledge Presenter,Computer based training software,FALSE
Korchek Technologies CareChek,Medical software,FALSE
Korg EM-1 Editor,Music or sound editing software,FALSE
KornShell,Operating system software,FALSE
Kressa Software SchoolLeader,Enterprise resource planning ERP software,FALSE
Kronos Enterprise Workforce Management,Enterprise resource planning ERP software,FALSE
Kronos Workforce HR,Human resources software,FALSE
Kronos Workforce Payroll,Time accounting software,FALSE
Kronos Workforce Timekeeper,Time accounting software,TRUE
Kubeflow,Analytical or scientific software,FALSE
Kubotek CADKEY Wireframe,Computer aided design CAD software,FALSE
Kubotek KeyCreator Machinist,Computer aided manufacturing CAM software,FALSE
Kubotek USA KeyCreator,Computer aided design CAD software,FALSE
Kuder Navigator,Data base user interface and query software,FALSE
L-Systems X-ONE,Data base user interface and query software,FALSE
LA PRO Loan Administrator Pro,Financial analysis software,FALSE
LAB SUM3D,Computer aided manufacturing CAM software,FALSE
LAMMPS Molecular Dynamics Simulator,Analytical or scientific software,FALSE
LAMP Stack,Web platform development software,FALSE
LAPACK,Development environment software,FALSE
LIDP Consulting Services The Administrator,Enterprise resource planning ERP software,FALSE
LINDO Systems LINDO API,Analytical or scientific software,FALSE
LINDO Systems LINGO,Analytical or scientific software,FALSE
LINDO Systems optimization modeling,Analytical or scientific software,FALSE
LJI Technologies Lumberjack,Data base user interface and query software,FALSE
LMS Imagine.Lab AMESim,Analytical or scientific software,FALSE
LOB RetailPoint,Point of sale POS software,FALSE
LOGSA COMPASS,Analytical or scientific software,FALSE
LOGSA SYSPARS,Analytical or scientific software,FALSE
LP360,Analytical or scientific software,FALSE
LRN Ethics and Compliance Alliance,Compliance software,FALSE
LSA Visual DBR,Materials requirements planning logistics and supply chain software,FALSE
LSA Visual Easy Lean,Materials requirements planning logistics and supply chain software,FALSE
LT Online Corporation LAWTRAC,Data base user interface and query software,FALSE
LUCIA MFISH,Analytical or scientific software,FALSE
LaCerte 1040 Tax Analyzer,Tax preparation software,FALSE
LaTeX,Desktop publishing software,FALSE
LabMagic,Data base user interface and query software,FALSE
LabOne NET,Financial analysis software,FALSE
LabSoft LabNet,Medical software,FALSE
LabTrack Electronic Lab Notebook,Analytical or scientific software,FALSE
LabWare LIMS,Analytical or scientific software,FALSE
Label inspection,Optical character reader OCR or scanning software,FALSE
Label printing,Label making software,FALSE
Label-making,Label making software,FALSE
Labeling,Label making software,FALSE
Labelmaster Software REG-Trieve,Data base user interface and query software,FALSE
Lablite Laboratory Information Management Systems LIMS,Analytical or scientific software,FALSE
LaborSoft LaborForce Arbitration/Appeals Manager module,Human resources software,FALSE
LaborSoft LaborForce Discipline Manager module,Human resources software,FALSE
LaborSoft LaborForce EEO Claims Manager module,Human resources software,FALSE
LaborSoft LaborForce Grievance Manager module,Human resources software,FALSE
LaborSoft LaborForce Incident Tracking module,Human resources software,FALSE
LaborSoft LaborForce Personnel Manager module,Human resources software,FALSE
LaborSoft LaborForce Reporting/Dashboard Manager module,Human resources software,FALSE
Laboratory Automated Quality Control Systems LAQC,Industrial control software,FALSE
Laboratory Systems Group Lab Manager,Data base user interface and query software,FALSE
Laboratory information management system LIMS,Analytical or scientific software,FALSE
Laboratory information system LIS,Medical software,FALSE
Labvantage Solutions LIMS,Analytical or scientific software,FALSE
Ladder Logic,Development environment software,FALSE
Lakes Environmental EcoRisk View,Analytical or scientific software,FALSE
Lakes Environmental Emissions View,Data base user interface and query software,FALSE
Lakes Environmental ISC-AERMOD View,Analytical or scientific software,FALSE
Lakes Environmental SLAB View,Analytical or scientific software,FALSE
Lakes Environmental Software WRPLOT View,Analytical or scientific software,FALSE
Lamar Info Net,Materials requirements planning logistics and supply chain software,FALSE
Lambda Research OSLO,Computer aided design CAD software,FALSE
Lancaster DHIA PCDART,Data base user interface and query software,FALSE
Land & Sea DYNO-MAX,Analytical or scientific software,FALSE
Land Software Customer Pro-File,Medical software,FALSE
Land management databases,Data base user interface and query software,FALSE
LandSerf,Analytical or scientific software,FALSE
Landfill gas analysis,Analytical or scientific software,FALSE
Landlord Software Pro Flipper,Financial analysis software,FALSE
LandlordMax,Data base user interface and query software,FALSE
Landmark Graphics GeoGraphix,Analytical or scientific software,FALSE
Landmark Graphics TOW/cs,Data base user interface and query software,FALSE
Landmark Sales LOG-istics,Inventory management software,FALSE
Landmark SeisWorks,Analytical or scientific software,FALSE
Landmark VIP,Analytical or scientific software,FALSE
Landport Systems Landport,Data base user interface and query software,FALSE
Landscape Management System LMS,Analytical or scientific software,FALSE
Landscape modeling,Graphics or photo imaging software,FALSE
Landtec System Software LFG Pro,Analytical or scientific software,FALSE
Landtitle USA,Data base user interface and query software,FALSE
Langlais Computer Consultants CalMan,Data base user interface and query software,FALSE
Language Engineering Corporation Translate Pro,Foreign language software,FALSE
Language analysis,Analytical or scientific software,FALSE
Language arts educational,Computer based training software,FALSE
Large eddy simulation LES,Analytical or scientific software,FALSE
Laser Substrates PostalXport,Label making software,FALSE
Laser imaging detection and ranging LIDAR,Analytical or scientific software,FALSE
LaserSoft Imaging SilverFast Ai Studio,Graphics or photo imaging software,FALSE
Laserfiche Avante,Document management software,FALSE
Laserfiche Rio,Document management software,FALSE
Laserfiche,Document management software,FALSE
Lathem Time PayClock EZ,Time accounting software,FALSE
Latitude,Office suite software,FALSE
Lattice MediCopia,Medical software,FALSE
Lauriso Software Music Publisher,Music or sound editing software,FALSE
Lavalys Everest,Network monitoring software,FALSE
Law enforcement database,Data base user interface and query software,FALSE
Law enforcement information databases,Data base user interface and query software,FALSE
LawLogix Edge,Data base user interface and query software,FALSE
LawManager,Information retrieval or search software,FALSE
Lawex TrialWorks,Data base user interface and query software,FALSE
Lawson ERP,Enterprise resource planning ERP software,FALSE
Lawson Human Resource Management,Human resources software,FALSE
Lawson Human Resources Suite,Human resources software,FALSE
Lawson S3 Supply Chain Management,Materials requirements planning logistics and supply chain software,FALSE
Lead Activity Analyzer,Accounting software,FALSE
Lead Business Analyzer,Accounting software,FALSE
Leading Market Technologies EXPO,Financial analysis software,FALSE
LeanForward LearnPoint,Computer based training software,FALSE
Learn HQ Activate LMS,Computer based training software,FALSE
Learn.com CourseMaker Studio,Computer based training software,FALSE
Learn.com LearnCenter Talent Management Suite,Enterprise resource planning ERP software,FALSE
Learning Fundamentals Speech Visualization,Medical software,FALSE
Learning Technology Research Institute GLO Maker,Computer based training software,FALSE
Learning management system LMS,Computer based training software,FALSE
Lease Cost Solutions LseMod,Data base user interface and query software,FALSE
Lectra Prima Vision Print Repeat,Graphics or photo imaging software,FALSE
LegacyUSA BakeSmart,Enterprise resource planning ERP software,FALSE
Legal Files,Project management software,FALSE
Legal document,Word processing software,FALSE
Legal research,Information retrieval or search software,FALSE
LegalEdge Law Firm Suite,Data base user interface and query software,FALSE
Legislative Automative Workflow System LAWS,Data base user interface and query software,FALSE
Leica AEROPLAN LiDAR,Flight control software,FALSE
Leica Geosystems ERDAS IMAGINE,Map creation software,FALSE
Leica Geosystems FMS,Mobile location based services software,FALSE
Lemkesoft GraphicConverter,Graphics or photo imaging software,FALSE
Lending,Financial analysis software,FALSE
Lenos marketing automation,Data base user interface and query software,FALSE
Lenox Softworks VideoPoint,Video creation and editing software,FALSE
LeonardoMD Renaissance,Medical software,FALSE
Leprechaun Spa and Salon,Data base user interface and query software,FALSE
Levare Center Court,Calendar and scheduling software,FALSE
Lewis & Ellis LEAPPS,Financial analysis software,FALSE
LexisNexis,Information retrieval or search software,FALSE
LexisNexis Accurint,Data base user interface and query software,FALSE
LexisNexis Applied Discovery,Analytical or scientific software,FALSE
LexisNexis Banko,Information retrieval or search software,FALSE
LexisNexis CaseMap,Data base user interface and query software,FALSE
LexisNexis CheckCite,Word processing software,FALSE
LexisNexis CodeMaster,Data base user interface and query software,FALSE
LexisNexis Company Analyzer,Information retrieval or search software,FALSE
LexisNexis Concordance,Analytical or scientific software,FALSE
LexisNexis CourtLink Strategic Profiles,Analytical or scientific software,FALSE
LexisNexis File and Serve,Document management software,FALSE
LexisNexis Lexis Advance,Information retrieval or search software,FALSE
LexisNexis Lexis Back Office,Accounting software,FALSE
LexisNexis Lexis Front Office,Data base user interface and query software,FALSE
LexisNexis PCLaw,Accounting software,FALSE
LexisNexis RiskWise,Expert system software,FALSE
LexisNexis Shepard's Citations Service,Information retrieval or search software,FALSE
LexisNexis SmartLinx,Information retrieval or search software,FALSE
LexisNexis Time Matters,Data base user interface and query software,FALSE
LexisNexis Total Search,Document management software,FALSE
Lexrotech LxPediatric,Medical software,FALSE
Libera System7,Medical software,FALSE
Library of Congress E-resources Online Catalog,Data base user interface and query software,FALSE
Library of Congress digital collections,Information retrieval or search software,FALSE
Library of Congress online databases,Library software,FALSE
LibreOffice,Office suite software,FALSE
LibreOffice Draw,Process mapping and design software,FALSE
Life Systems Software ChiroSuite EHR,Medical software,FALSE
Life Technologies SOLiD,Analytical or scientific software,FALSE
Life Technologies Vector NTI,Analytical or scientific software,FALSE
Life cycle assessment LCA,Analytical or scientific software,FALSE
Life cycle cost,Analytical or scientific software,FALSE
Lifeline Software RadCalc,Medical software,FALSE
Lifestyles Technologies DietMaster Pro,Medical software,FALSE
Light Blue Software Light Blue,Data base user interface and query software,FALSE
LightSpeed Cloud,Point of sale POS software,FALSE
Lighting calculation,Analytical or scientific software,FALSE
Lilly Software Associates VISUAL DCMS,Inventory management software,FALSE
Lilly Software Associates VISUAL Enterprise,Enterprise resource planning ERP software,FALSE
Linear Technology LTSpice,Analytical or scientific software,FALSE
LinearTeam WinISD,Analytical or scientific software,FALSE
Lingoes,Foreign language software,FALSE
Link Microtek,Analytical or scientific software,FALSE
Link actuated vents LAVENT,Analytical or scientific software,FALSE
Link analysis,Analytical or scientific software,FALSE
Link encryption,Transaction security and virus protection software,FALSE
LinkCAD,Computer aided design CAD software,FALSE
Linspire Nvu,Web page creation and editing software,FALSE
Linux,Operating system software,TRUE
Linux Virtual Server,Application server software,FALSE
Lion Edge Technologies Ranch Manager,Data base user interface and query software,FALSE
LiquidPlanner,Project management software,FALSE
List processing language LISP,Development environment software,FALSE
Listserv,Electronic mail software,FALSE
Litchi,Analytical or scientific software,FALSE
Literature & Latte Scrivener,Word processing software,FALSE
Litigation management,Analytical or scientific software,FALSE
Litigation support,Analytical or scientific software,FALSE
Little Piano,Music or sound editing software,FALSE
Live streaming,Video creation and editing software,FALSE
Load optimization,Materials requirements planning logistics and supply chain software,FALSE
Load testing,Program testing software,FALSE
Load-bearing analysis,Analytical or scientific software,FALSE
Loan application processing,Financial analysis software,FALSE
Loan origination,Financial analysis software,FALSE
Loan tracking,Customer relationship management CRM software,FALSE
Local area network LAN,LAN software,FALSE
Location allocation decision support system LADSS,Analytical or scientific software,FALSE
Location mapping,Map creation software,FALSE
Locomotive distribution,Data base reporting software,FALSE
Log book,Data base user interface and query software,FALSE
LogMatrix NerveCenter,Network monitoring software,FALSE
LogMeIn GoToMeeting,Video conferencing software,FALSE
LogMeIn GoToWebinar,Network conferencing software,FALSE
LogRhythm,Network security or virtual private network VPN management software,FALSE
Logger data manager LDM,Analytical or scientific software,FALSE
Logger,Data base user interface and query software,FALSE
LoggerPC,Analytical or scientific software,FALSE
LogiXML Ad-HOC,Desktop publishing software,FALSE
Logic Design RoboLogix,Analytical or scientific software,FALSE
Logic Group Scanner Digitizing,Optical character reader OCR or scanning software,FALSE
Logic Software Easy Projects.NET,Project management software,FALSE
Logic programming,Program testing software,FALSE
Logic simulators,Analytical or scientific software,FALSE
Logic synthesis,Analytical or scientific software,FALSE
LogicSphere Firstmix,Analytical or scientific software,FALSE
LogicVision icBIST,Analytical or scientific software,FALSE
Logical partition LPAR,Configuration management software,FALSE
LogicalBit Eimas,Data base user interface and query software,FALSE
Logility Voyager WarehousePRO,Inventory management software,FALSE
Logisim,Computer aided design CAD software,FALSE
Logisoft Positive Pos,Point of sale POS software,FALSE
Logistics Cost Estimating,Analytical or scientific software,FALSE
Logistics Support Analysts SmartLogic,Materials requirements planning logistics and supply chain software,FALSE
Logistics management information LMI database,Materials requirements planning logistics and supply chain software,FALSE
Logisuite Enterprise,Materials requirements planning logistics and supply chain software,FALSE
Logisuite Forwarder,Materials requirements planning logistics and supply chain software,FALSE
Logitech 3D Pro,Computer aided design CAD software,FALSE
Logo design,Development environment software,FALSE
Logopress,Computer aided design CAD software,FALSE
Logplot,Analytical or scientific software,FALSE
Lombardi Teamworks,Data base user interface and query software,FALSE
London Computer Systems Rent Manager,Data base user interface and query software,FALSE
Longview Consolidation,Financial analysis software,FALSE
Longview Performance Management Platform,Financial analysis software,FALSE
Longview Solutions Khalix,Financial analysis software,FALSE
Loom,Video creation and editing software,FALSE
Lorenz DocuBridge,Document management software,FALSE
Lorenz eValidator,Document management software,FALSE
Lorenz labelBridge,Document management software,FALSE
Low-level debugger,Program testing software,FALSE
Low-level driver LLD,Analytical or scientific software,FALSE
Low-level virtual machine LLVM compilers,Compiler and decompiler software,FALSE
Lucent VitalSuite,Administration software,FALSE
Lucero System Office Management,Expert system software,FALSE
Lucia CGH,Analytical or scientific software,FALSE
Lucia Comet Assay,Analytical or scientific software,FALSE
Lucia FISH,Analytical or scientific software,FALSE
Lucia Karyo,Analytical or scientific software,FALSE
Lucia Metaphase Finder,Analytical or scientific software,FALSE
Lucid IQ CMP,Data base user interface and query software,FALSE
Lucidchart,Process mapping and design software,FALSE
Lumigent Entegra,Compliance software,FALSE
Lumion,Computer aided design CAD software,FALSE
LunchByte Systems NUTRIKIDS,Enterprise resource planning ERP software,FALSE
LuntBuild,Development environment software,FALSE
Luxology Modo,Graphics or photo imaging software,FALSE
Luxrender,Graphics or photo imaging software,FALSE
Lynchval Systems Lvadmin,Human resources software,FALSE
Lynchval Systems Lvval,Human resources software,FALSE
Lynchval Systems Lvxact,Human resources software,FALSE
Lynk Everest,Customer relationship management CRM software,FALSE
Lyris HQ Web-Analytics Solution,Analytical or scientific software,FALSE
M-Sim,Analytical or scientific software,FALSE
M-Tech Hotel Service Optimization System HotSOS,Facilities management software,FALSE
M-code,Object or component oriented development software,FALSE
M8 Client Billing,Billing and invoicing software,FALSE
MAGGEY Child Care Management,Enterprise resource planning ERP software,FALSE
MAGIX Music Maker,Music or sound editing software,FALSE
MAGIX Software Sound Forge,Music or sound editing software,FALSE
MAGMA MAGMASOFT,Analytical or scientific software,FALSE
MAHLE Powertrain,Computer aided design CAD software,FALSE
MAKER CAD/CAM Services DIEMAKER,Computer aided design CAD software,FALSE
MASS Group FactoryLink SCADA HMI,Industrial control software,FALSE
MASterMind,Expert system software,FALSE
MAX Systems Max-Gold Medical Clinic,Medical software,FALSE
MAX Systems Max-Gold7,Medical software,FALSE
MAYA Nastran,Analytical or scientific software,FALSE
MC2 Systems Auto Librarian,Library software,FALSE
MCNP dose assessment computer code,Analytical or scientific software,FALSE
MD Synergy Medical Appointment Scheduling,Calendar and scheduling software,FALSE
MDC Services DentalMate,Medical software,FALSE
MDS Analytical Technologies GenePix Pro,Analytical or scientific software,FALSE
MDSI OpenCNC,Computer aided manufacturing CAM software,FALSE
MDeverywhere,Medical software,FALSE
MDofficeManager MediVoxx,Medical software,FALSE
MEDENT,Medical software,FALSE
MEDITECH Anatomical Pathology,Medical software,FALSE
MEDITECH Behavioral Health Clinicals,Medical software,FALSE
MEDITECH Blood Bank,Medical software,FALSE
MEDITECH HCIS,Medical software,FALSE
MEDITECH Healthcare Information System HCIS,Medical software,FALSE
MEDITECH Laboratory and Microbiology,Medical software,FALSE
MEDITECH Medical and Practice Management MPM Suite,Medical software,FALSE
MEDITECH Supply Chain Management,Materials requirements planning logistics and supply chain software,FALSE
MEDITECH,Medical software,TRUE
MEMSCAP MEMS Pro,Computer aided design CAD software,FALSE
MENSI 3Dipsos,Computer aided design CAD software,FALSE
MERCURE dose assessment computer codes,Analytical or scientific software,FALSE
MGHworld Travel Agents,Customer relationship management CRM software,FALSE
MHC Document Express,Document management software,FALSE
MI-Assistant MI Management,Enterprise resource planning ERP software,FALSE
MICA Information Systems MICA-MED Practice Manager,Medical software,FALSE
MICRODEM,Map creation software,FALSE
MICROS Systems HSI Profits Series,Point of sale POS software,FALSE
MICROS Systems MICROS 9700 HMS,Point of sale POS software,FALSE
MICROS Systems OPERA Enterprise Solution OES,Facilities management software,FALSE
MICROS Systems OPERA Property Management System PMS,Data base user interface and query software,FALSE
MICROS XBR Loss Prevention,Business intelligence and data analysis software,FALSE
MIDI Maestro,Music or sound editing software,FALSE
MIDI Score Creator,Music or sound editing software,FALSE
MIKAL SMS,Data base user interface and query software,FALSE
MIM Software MIMcardiac,Medical software,FALSE
MIM Software MIMfusion,Medical software,FALSE
MIM Software MIMneuro,Medical software,FALSE
MINDBODY business management,Data base user interface and query software,FALSE
MINISIS MINT,Data base user interface and query software,FALSE
MIR3 Intelligent Notification,Communications server software,FALSE
MIRS Compliance,Compliance software,FALSE
MIT OASES,Analytical or scientific software,FALSE
MITRE ATT&CK,Program testing software,FALSE
MJ Systems Logsleuth,Data base user interface and query software,FALSE
MJICCS PilotLog,Data base user interface and query software,FALSE
MLPU,Analytical or scientific software,FALSE
MNT Northwest MNT Assistant,Medical software,FALSE
MODPATH,Analytical or scientific software,FALSE
MOGO Dental Software MOGO,Medical software,FALSE
MORSE-CG dose assessment computer code,Analytical or scientific software,FALSE
MPAY Millennium,Time accounting software,FALSE
MPI Micro Planner X-Pert,Pattern design software,FALSE
MPMsoft billing,Billing and invoicing software,FALSE
MRA Technologies MRATrack Warehouse Management,Inventory management software,FALSE
MRO Audit Tracker,Financial analysis software,FALSE
MRX Solutions OfficeMaster,Medical software,FALSE
MS*Health Software/CMHC,Medical software,FALSE
MSB Software Astroart,Analytical or scientific software,FALSE
MSC Software Adams,Analytical or scientific software,FALSE
MSC Software Fatigue,Analytical or scientific software,FALSE
MSC Software Nastran,Analytical or scientific software,FALSE
MSC Software Patran,Analytical or scientific software,FALSE
MSI Insight/Discover,Analytical or scientific software,FALSE
MSR Visual Exporter,Data base user interface and query software,FALSE
MSR Visual Exporter Document Library,Document management software,FALSE
MSR Visual Exporter Enterprise Integrator,Enterprise application integration software,FALSE
MTI Systems Costimator JS,Analytical or scientific software,FALSE
MTS Testworks,Data base user interface and query software,FALSE
MUMPS M,Development environment software,FALSE
MWH Soft H2ONET MSX,Analytical or scientific software,FALSE
MWH Soft InfoSWMM,Analytical or scientific software,FALSE
MYOB BusinessEssentials,Accounting software,FALSE
MYOB Premier Accounting Small Business Suite,Accounting software,FALSE
Mac HelpMate,Access software,FALSE
MacKichan Software Scientific Notebook,Analytical or scientific software,FALSE
MacKichan Software Scientific WorkPlace,Analytical or scientific software,FALSE
MacVector,Analytical or scientific software,FALSE
Machine Control Specialists CoilPro,Industrial control software,FALSE
Machine control,Industrial control software,FALSE
Machine monitoring,Industrial control software,FALSE
Machine operation,Industrial control software,FALSE
MachineWorks Ltd. MachineWorks,Computer aided manufacturing CAM software,FALSE
Macromedia Cold Fusion,Web page creation and editing software,FALSE
Macropool Web Research,Data base user interface and query software,FALSE
Macroscopic diffusion,Analytical or scientific software,FALSE
MadCap Software MadCap Flare,Desktop publishing software,FALSE
MadTracker,Music or sound editing software,FALSE
Made2Manage Supply Chain Management,Materials requirements planning logistics and supply chain software,FALSE
Made2Manage Systems M2M ERP,Enterprise resource planning ERP software,FALSE
Madison Technical Software Chempak Plus,Analytical or scientific software,FALSE
Madison Technical Software Enviropak,Analytical or scientific software,FALSE
Madison Technical Software Steampak,Analytical or scientific software,FALSE
Madrigal Soft Tools Delegator,Project management software,FALSE
Maestro Music Software MagicScore,Music or sound editing software,FALSE
Mag+,Mobile operator specific application software,FALSE
Magellan Firmware,Operating system software,FALSE
Magenta MultiMedia Tools Magenta II,Presentation software,FALSE
Magento Analytics,Point of sale POS software,FALSE
MagicLogic Optimization Cube-IQ,Materials requirements planning logistics and supply chain software,FALSE
MagicTracer,Graphics or photo imaging software,FALSE
Magix Vegas Pro,Music or sound editing software,FALSE
Magma Design Automation Blast Create,Analytical or scientific software,FALSE
Magma Design Automation Blast FPGA,Analytical or scientific software,FALSE
Magma Design Automation,Analytical or scientific software,FALSE
Magnify Predictive Targeting,Analytical or scientific software,FALSE
MailChimp,Electronic mail software,FALSE
Main Injector Neutrino Oscillation Search MINOS,Computer aided design CAD software,FALSE
Main Sequence Technologies PCRecruiter,Human resources software,FALSE
Main Sequence Technologies PCRecruiter Resume Inhaler,Human resources software,FALSE
Main Street Softworks Monetra,Point of sale POS software,FALSE
Mainsaver Asset Management,Facilities management software,FALSE
Mainstreet Systems & Software DentaLab/PC II,Data base user interface and query software,FALSE
Mainstreet Systems & Software DentaRX,Word processing software,FALSE
Maintainability prediction,Analytical or scientific software,FALSE
Maintenance documentation,Facilities management software,FALSE
Maintenance information databases,Facilities management software,FALSE
Maintenance management,Facilities management software,FALSE
Maintenance planning and control,Data base user interface and query software,FALSE
Maintenance planning,Facilities management software,FALSE
Maintenance record,Facilities management software,FALSE
Maintenance reporting,Facilities management software,FALSE
Maintenance scheduling,Calendar and scheduling software,FALSE
Maintenance,Enterprise resource planning ERP software,FALSE
Majestic SEO,Web platform development software,FALSE
MakeMusic Finale,Music or sound editing software,FALSE
Making Waves Audio Making Waves,Music or sound editing software,FALSE
ManageMore Cellular Manager,Point of sale POS software,FALSE
ManageMySpa,Data base user interface and query software,FALSE
Management information base MIB,Network operating system enhancement software,FALSE
Management information systems MIS,Enterprise resource planning ERP software,FALSE
ManagerPlus,Facilities management software,FALSE
Manatron CustomCAMA,Analytical or scientific software,FALSE
Manatron MVP Tax,Tax preparation software,FALSE
Manatron ProVal Plus,Analytical or scientific software,FALSE
Mangold INTERACT,Analytical or scientific software,FALSE
Mangold LogSquare,Analytical or scientific software,FALSE
Mangold Soundalyzer,Analytical or scientific software,FALSE
Manhattan Associates PkMS Pickticket,Inventory management software,FALSE
Manhattan Cross Cultural Group Quality Interactions,Customer relationship management CRM software,FALSE
Manhattan Scale,Materials requirements planning logistics and supply chain software,FALSE
Manhattan Supply Chain Process Platform,Materials requirements planning logistics and supply chain software,FALSE
Manitoba HVDC Research Centre PSCAD,Analytical or scientific software,FALSE
Mannus Compliance: EHS,Compliance software,FALSE
MantisBT,Data base user interface and query software,FALSE
Manufacturing Technology Costimater,Financial analysis software,FALSE
Manufacturing execution system MES,Industrial control software,FALSE
Manufacturing reporting,Inventory management software,FALSE
Manufacturing resource planning MRP,Enterprise resource planning ERP software,FALSE
Manusoft Technologies IMOLD,Computer aided manufacturing CAM software,FALSE
Map Maker,Categorization or classification software,FALSE
Map building,Map creation software,FALSE
MapInfo,Map creation software,FALSE
MapInfo MapMarker,Map creation software,FALSE
MapInfo Professional,Map creation software,FALSE
MapInfo StreetPro,Map creation software,FALSE
MapR Converged Data Platform,Data base management system software,FALSE
MapReduce big data,Business intelligence and data analysis software,FALSE
MapScenes Evidence Recorder,Computer aided design CAD software,FALSE
MapScenes Pro,Computer aided design CAD software,FALSE
MapShots EASi Suite,Analytical or scientific software,FALSE
Mapcom systems M4,Facilities management software,FALSE
Maplesoft Maple,Analytical or scientific software,FALSE
Maplesoft MapleSim,Analytical or scientific software,FALSE
Maplewood Software StaffReady,Medical software,FALSE
Mapping,Map creation software,FALSE
Maptech The CAPN,Route navigation software,FALSE
Maptek Vulcan,Analytical or scientific software,FALSE
Mapthematics GeoCart,Map creation software,FALSE
Marathon Data Systems PestPac,Data base user interface and query software,FALSE
Marathon Data Systems ServiceCEO,Data base user interface and query software,FALSE
MarcoSoft Quo Vadis,Route navigation software,FALSE
Marel production system MPS,Industrial control software,FALSE
MariaDB,Data base management system software,FALSE
Marine Software Marine Planned Maintenance,Facilities management software,FALSE
Marine Software Marine Safety Manager,Document management software,FALSE
MarkLogic,Data base user interface and query software,FALSE
Market forecast,Financial analysis software,FALSE
MarketSharp,Customer relationship management CRM software,FALSE
Marketo Marketing Automation,Sales and marketing software,TRUE
Martens Farms Farm Site Mate,Map creation software,FALSE
Martens Farms Farm Trac,Data base user interface and query software,FALSE
Martin D Adamiker's TruFlite,Map creation software,FALSE
Mass Flux Toolkit,Analytical or scientific software,FALSE
Mass appraisal records system MARS,Analytical or scientific software,FALSE
Massage Suite,Medical software,FALSE
Massive Jet,Graphics or photo imaging software,FALSE
Master Cook Deluxe Professional Cook,Data base user interface and query software,FALSE
Master Merchant Systems Music Store,Point of sale POS software,FALSE
Master Ration Calculator,Analytical or scientific software,FALSE
Master Seafloor Digital Database,Information retrieval or search software,FALSE
Master scheduling,Calendar and scheduling software,FALSE
MasterControl MD,Risk management data and analysis software,FALSE
MasterControl TotalPharma,Risk management data and analysis software,FALSE
MasterControl,Risk management data and analysis software,FALSE
MasterPlan,Financial analysis software,FALSE
MasterWriter,Word processing software,FALSE
Mastercam Design,Computer aided design CAD software,FALSE
Mastercam computer-aided design and manufacturing,Computer aided manufacturing CAM software,FALSE
Masters Software CakeBoss,Enterprise resource planning ERP software,FALSE
MatchWare MindView,Pattern design software,FALSE
Material safety data sheet MSDS,Compliance software,FALSE
Materialise Dental SimPLANT,Medical software,FALSE
Materialise Dental SurgiGuide,Medical software,FALSE
Materials Data Incorporated Jade,Analytical or scientific software,FALSE
Materials inventory,Inventory management software,FALSE
Materials management,Materials requirements planning logistics and supply chain software,FALSE
Materials requirement planning MRP,Materials requirements planning logistics and supply chain software,FALSE
Materials resource planning MRP,Materials requirements planning logistics and supply chain software,FALSE
Materials testing,Analytical or scientific software,FALSE
Materilise Magics,Computer aided manufacturing CAM software,FALSE
Math educational,Computer based training software,FALSE
MathWorks Simulink,Analytical or scientific software,FALSE
MathWorks Simulink DSP Blockset,Analytical or scientific software,FALSE
MathWorks Simulink Fixed-Point Blockset,Analytical or scientific software,FALSE
Mathematical simulation,Analytical or scientific software,FALSE
Mathematical,Analytical or scientific software,FALSE
Matheny Pattern Forecaster Plus,Expert system software,FALSE
Mathsoft Mathcad,Computer aided design CAD software,FALSE
Matrix calculation,Analytical or scientific software,FALSE
Mavenlink,Project management software,FALSE
MaxScript,Development environment software,FALSE
MaxSea TIMEZERO,Map creation software,FALSE
MaxSea Time Zero Navigator NOAA,Route navigation software,FALSE
Maxima,Analytical or scientific software,FALSE
Maximal Software MPL Modeling,Analytical or scientific software,FALSE
Maximizer Software Maximizer Enterprise,Customer relationship management CRM software,FALSE
Maxon BodyPaint 3D,Graphics or photo imaging software,FALSE
Maxon Cinema 4D,Video creation and editing software,FALSE
Maxwell Systems American Contractor,Project management software,FALSE
Maxwell Systems Quest Estimator,Project management software,FALSE
Maya Embedded Language MEL,Development environment software,FALSE
Maya HTT I-DEAS,Analytical or scientific software,FALSE
Mayer-Johnson Boardmaker,Graphics or photo imaging software,FALSE
Maynard PlanStaff Manager,Enterprise resource planning ERP software,FALSE
Mazak Mazatrol SMART CNC,Industrial control software,FALSE
McAfee,Transaction security and virus protection software,FALSE
McAfee Enterprise Security Manager,Risk management data and analysis software,FALSE
McAfee VirusScan,Transaction security and virus protection software,FALSE
McAllister Software Systems AVImark,Medical software,FALSE
McCabe Software TRUEchange,Project management software,FALSE
McKesson ANSOS One-Staff,Calendar and scheduling software,FALSE
McKesson Horizon Ambulatory Care,Medical software,FALSE
McKesson Horizon Anatomic Pathology,Medical software,FALSE
McKesson Horizon Blood Bank,Medical software,FALSE
McKesson Horizon Lab,Medical software,FALSE
McKesson Horizon Lab Financials,Accounting software,FALSE
McKesson Horizon MobileCare Phlebotomy,Medical software,FALSE
McKesson Lytec,Medical software,FALSE
McKesson Practice Plus,Medical software,FALSE
McKesson Radiology Manager,Medical software,FALSE
McNeel Rhinoceros 3D,Graphics or photo imaging software,FALSE
McTrans Center TSIS-CORSIM,Analytical or scientific software,FALSE
McTrans HCS+,Analytical or scientific software,FALSE
McTrans TRANSYT-7F,Analytical or scientific software,FALSE
Mdansby The PsychReport,Medical software,FALSE
Mealmaster Cookbook Wizard,Data base user interface and query software,FALSE
Meals Plus,Data base user interface and query software,FALSE
Mean time between failures MBTF,Analytical or scientific software,FALSE
Mean time to failure MTTF,Analytical or scientific software,FALSE
Measure Square,Project management software,FALSE
Measure Square FloorEstimate Pro,Project management software,FALSE
Meat inventory,Inventory management software,FALSE
MecSoft Corporation RhinoCAM,Computer aided manufacturing CAM software,FALSE
MecSoft Corporation VisualMILL,Computer aided manufacturing CAM software,FALSE
MecSoft Corporation VisualTURN,Computer aided manufacturing CAM software,FALSE
Mechanical electrical plumbing MEP design,Computer aided design CAD software,FALSE
Med Math,Medical software,FALSE
MedDataSolutions Regist*r,Medical software,FALSE
MedEZ behavioral healthcare and substance abuse,Medical software,FALSE
MedEvolve eCeno,Medical software,FALSE
MedFORCE Technologies WorkFLOW,Medical software,FALSE
MedQuist DocQment Enterprise Platform,Medical software,FALSE
MedStar Systems DrWorks,Medical software,FALSE
MedXView eCTDauditor,Document management software,FALSE
MedcomSoft Record,Medical software,FALSE
MedePresence,Medical software,FALSE
Medflow Complete,Medical software,FALSE
Medgate Enterprise EHS,Data base user interface and query software,FALSE
Medgen PED,Medical software,FALSE
MediGraph,Accounting software,FALSE
MediNotes Charting Plus,Medical software,FALSE
MediPro Medisoft Clinical,Medical software,FALSE
MediRegs ComplyTrack,Compliance software,FALSE
MediRegs E-dition Compliance Monitor,Compliance software,FALSE
MediRegs Pharmaceutical Regulation Suite,Compliance software,FALSE
MediRegs Regulation and Reimbursement Suite,Compliance software,FALSE
MediRegs Risk Assessment Manager,Compliance software,FALSE
Media storage management,Storage networking software,FALSE
MediaChance Multimedia Builder,Presentation software,FALSE
MediaNet Solutions e-IEP PRO,Data base user interface and query software,FALSE
MediaShout,Presentation software,FALSE
MediaVue,Web page creation and editing software,FALSE
MediaWiki,Web page creation and editing software,FALSE
Mediasoft mediOFFICE,Medical software,FALSE
MedicWare EMR,Medical software,FALSE
Medicaid management information system MMIS,Medical software,FALSE
Medical Outcome Systems eMINI Software Suite,Medical software,FALSE
Medical Scientists HybridAI,Analytical or scientific software,FALSE
Medical Scientists MediSave,Analytical or scientific software,FALSE
Medical Wizards ER & ICU ToolBox,Information retrieval or search software,FALSE
Medical Wizards ER Suite,Information retrieval or search software,FALSE
Medical Wizards Paramedics ToolBox,Information retrieval or search software,FALSE
Medical billing,Billing and invoicing software,FALSE
Medical calculator,Medical software,FALSE
Medical condition coding,Medical software,FALSE
Medical decision support,Medical software,FALSE
Medical digital imaging,Medical software,FALSE
Medical equipment diagnostic,Medical software,FALSE
Medical image processing,Medical software,FALSE
Medical imaging,Medical software,FALSE
Medical information databases,Information retrieval or search software,FALSE
Medical information,Medical software,FALSE
Medical laser control,Medical software,FALSE
Medical procedure coding,Medical software,FALSE
Medical record charting,Medical software,FALSE
Medical records,Medical software,FALSE
Medical reference,Information retrieval or search software,FALSE
Medical surveillance,Analytical or scientific software,FALSE
Medical system integration,Medical software,FALSE
Medical terminology databases,Information retrieval or search software,FALSE
Medicine Rules PowerSEAT 360,Medical software,FALSE
Medidata Rave Data Management,Data base user interface and query software,FALSE
Meditab IMS Orthopedics/Sports Medicine,Medical software,FALSE
Meditab Software AllergyEHR,Medical software,FALSE
Meditwatch Portaflow Advanced,Medical software,FALSE
Mediware ClosedLoop Clinical,Medical software,FALSE
Mediware Information Systems HCLL Donor,Medical software,FALSE
Mediware Information Systems HCLL Transfusion,Medical software,FALSE
Mediware Information Systems LifeTrak,Medical software,FALSE
Mediware Information Systems MediCOE,Medical software,FALSE
Medovation RadRunner,Medical software,FALSE
Medscribbler Enterprise,Medical software,FALSE
Medstat/INFORUM,Information retrieval or search software,FALSE
Medworxx Learning Management,Computer based training software,FALSE
Meeting scheduling,Calendar and scheduling software,FALSE
MeetingMatrix International,Facilities management software,FALSE
Megger PowerDB,Compliance software,FALSE
MemberClicks COMPLETE,Data base user interface and query software,FALSE
Membership databases,Data base user interface and query software,FALSE
Memphis Survey Explorer,Analytical or scientific software,FALSE
Mendel,Analytical or scientific software,FALSE
Mensurix Audio,Analytical or scientific software,FALSE
Mental Images Mental Ray,Graphics or photo imaging software,FALSE
Mentimeter,Presentation software,FALSE
Mentor Graphics BSDArchitect,Analytical or scientific software,FALSE
Mentor Graphics Calibre,Analytical or scientific software,FALSE
Mentor Graphics Expedition Enterprise,Computer aided design CAD software,FALSE
Mentor Graphics Flowmaster,Analytical or scientific software,FALSE
Mentor Graphics LeonardoSpectrum,Analytical or scientific software,FALSE
Mentor Graphics PADS,Computer aided design CAD software,FALSE
Mentor Graphics Precision RTL,Analytical or scientific software,FALSE
Mentor Graphics VeSys Design,Computer aided design CAD software,FALSE
Mentor Graphics Xpedition xDX Designer,Computer aided design CAD software,FALSE
Mentor Graphics,Computer aided design CAD software,FALSE
Menu and nutrition database,Data base user interface and query software,FALSE
Menu planning,Data base user interface and query software,FALSE
Merge Healthcare Merge RIS,Medical software,FALSE
Merge Healthcare eTrials,Data base user interface and query software,FALSE
MergerStat Control Premiums,Financial analysis software,FALSE
MergerStat Price to Earnings Ratios,Financial analysis software,FALSE
Meridian Technologies SurePoint,Data base user interface and query software,FALSE
Merlin Information Services databases,Data base user interface and query software,FALSE
Merlinco MERLIN,Analytical or scientific software,FALSE
Merry Mechanization SMP/IS,Computer aided manufacturing CAM software,FALSE
Mesh generation,Analytical or scientific software,FALSE
Mesoscale modeling,Analytical or scientific software,FALSE
Mesquite Software CSIM,Analytical or scientific software,FALSE
Meta-analysis with interactive explanations MIX,Analytical or scientific software,FALSE
MetaSystems Isis Color Karyotyping,Analytical or scientific software,FALSE
Metal designing,Computer aided design CAD software,FALSE
Metalcam Fikus Visualcam,Computer aided manufacturing CAM software,FALSE
Metalix CAD/CAM System cncKad,Computer aided manufacturing CAM software,FALSE
Metamation MetaCAM,Computer aided manufacturing CAM software,FALSE
Metasploit,Transaction security and virus protection software,FALSE
MeteorJS,Web platform development software,FALSE
Meter reading,Data base reporting software,FALSE
MethodWare ProAudit Advisor,Financial analysis software,FALSE
Methodware ERA,Compliance software,FALSE
MetricStream Compliance Management,Compliance software,FALSE
MetricStream Enterprise Compliance Platform,Compliance software,FALSE
MetricStream Regulatory Reporting,Compliance software,FALSE
Metrix Imageware Surfacer,Computer aided design CAD software,FALSE
Metrologic Group Metrolog XG,Industrial control software,FALSE
Meyer Instruments Optimas,Analytical or scientific software,FALSE
Mi-Co Mi-Forms,Data base user interface and query software,FALSE
Mi-Co,Data base reporting software,FALSE
Michigan State University MSU ProFlex,Analytical or scientific software,FALSE
Micosoft SQL Server Analysis Services SSAS,Business intelligence and data analysis software,FALSE
Micro Estimating FabPlan,Analytical or scientific software,FALSE
Micro Focus OpenView,Network monitoring software,FALSE
Micro Focus TestPartner,Program testing software,FALSE
Micro J Systems PcHunter,Human resources software,FALSE
Micro Video Video Voice Speech Training,Medical software,FALSE
Micro Video Voice Speech Training,Medical software,FALSE
Micro-Press MicroStation PowerDraft,Graphics or photo imaging software,FALSE
MicroBiz,Point of sale POS software,FALSE
MicroBlast Recipe Wizard for Windows,Data base user interface and query software,FALSE
MicroCog Assessment of Cognitive Functioning,Medical software,FALSE
MicroFit HealthWizard,Data base user interface and query software,FALSE
MicroFocus GroupWise,Electronic mail software,FALSE
MicroFour PracticeStudio.NET EMR,Medical software,FALSE
MicroPress VTeX,Desktop publishing software,FALSE
MicroSolve CAMA,Analytical or scientific software,FALSE
MicroStrategy,Business intelligence and data analysis software,FALSE
MicroStrategy Desktop,Enterprise resource planning ERP software,FALSE
MicroStrategy Report Services,Enterprise resource planning ERP software,FALSE
MicroSurvey FieldGenius,Analytical or scientific software,FALSE
MicroSurvey OfficeSync,Analytical or scientific software,FALSE
MicroSurvey Software MicroSurvey CAD,Computer aided design CAD software,FALSE
MicroSurvey Star*Net,Data base reporting software,FALSE
MicroSurveyCAD,Computer aided design CAD software,FALSE
Microarchitecture simulation,Analytical or scientific software,FALSE
Microchip MPLAB Integrated Development Environment (IDE),Development environment software,FALSE
Microelectromechanical systems MEMS simulation,Analytical or scientific software,FALSE
Micromuse NetCool,Network monitoring software,FALSE
Micronetics Xpert Write-up,Accounting software,FALSE
Micropact entellitrak Labor Relations Edition,Human resources software,FALSE
Microscope imaging,Analytical or scientific software,FALSE
Microscopic image capturing,Medical software,FALSE
Microservices Architecture,Application server software,FALSE
Microsoft .NET Framework,Development environment software,TRUE
Microsoft ASP.NET,Web platform development software,TRUE
Microsoft ASP.NET Core MVC,Web platform development software,FALSE
Microsoft Access,Data base user interface and query software,TRUE
Microsoft Active Directory,Internet directory services software,TRUE
Microsoft Active Server Pages ASP,Web platform development software,TRUE
Microsoft ActiveSync,Mobile operator specific application software,FALSE
Microsoft ActiveX,Object or component oriented development software,FALSE
Microsoft Axapta,Enterprise resource planning ERP software,FALSE
Microsoft Azure Data Factory,Cloud-based management software,FALSE
Microsoft Azure DevOps Services,Development environment software,FALSE
Microsoft Azure Sentinel,Network monitoring software,FALSE
Microsoft Azure,Development environment software,TRUE
Microsoft Bing,Data base user interface and query software,FALSE
Microsoft Business Contact Manager,Customer relationship management CRM software,FALSE
Microsoft Business Intelligence BI,Enterprise resource planning ERP software,FALSE
Microsoft Commerce Server,Web platform development software,FALSE
Microsoft DNS Server,Internet directory services software,FALSE
Microsoft Defender Antivirus,Transaction security and virus protection software,FALSE
Microsoft DirectX,Device drivers or system software,FALSE
Microsoft Dynamics,Enterprise resource planning ERP software,FALSE
Microsoft Dynamics AX,Enterprise resource planning ERP software,FALSE
Microsoft Dynamics CRM,Customer relationship management CRM software,FALSE
Microsoft Dynamics ERP,Enterprise resource planning ERP software,FALSE
Microsoft Dynamics GP,Enterprise resource planning ERP software,FALSE
Microsoft Dynamics Marketing,Data base user interface and query software,FALSE
Microsoft Dynamics NAV,Enterprise resource planning ERP software,FALSE
Microsoft Dynamics SL,Enterprise resource planning ERP software,FALSE
Microsoft ESP SDK,Development environment software,FALSE
Microsoft Edge,Internet browser software,TRUE
Microsoft Entourage,Calendar and scheduling software,FALSE
Microsoft Exchange,Electronic mail software,FALSE
Microsoft Expression Blend,Graphical user interface development software,FALSE
Microsoft Expression Design,Graphics or photo imaging software,FALSE
Microsoft Extensible Application Markup Language (XAML),Development environment software,FALSE
Microsoft FRx,Financial analysis software,FALSE
Microsoft Forefront Identify Manager,Authentication server software,FALSE
Microsoft Forefront Threat Management Gateway,Network security or virtual private network VPN management software,FALSE
Microsoft FrontPage,Web page creation and editing software,FALSE
Microsoft Great Plains Personal Data Keeper,Time accounting software,FALSE
Microsoft High Level Shader Language HLSL,Development environment software,FALSE
Microsoft Hyper-V Server,Operating system software,FALSE
Microsoft Hyperterminal,Platform interconnectivity software,FALSE
Microsoft Image Composite Editor,Graphics or photo imaging software,FALSE
Microsoft Internet Explorer,Internet browser software,FALSE
Microsoft Internet Information Services (IIS),Transaction server software,FALSE
Microsoft Internet Information Services (IIS) Manager,Transaction server software,FALSE
Microsoft MapPoint,Map creation software,FALSE
Microsoft Mobile Explorer MME,Internet browser software,FALSE
Microsoft Money,Financial analysis software,FALSE
Microsoft NetMeeting,Video conferencing software,FALSE
Microsoft Network Monitor,Network monitoring software,FALSE
Microsoft Office Document Imaging,Analytical or scientific software,FALSE
Microsoft Office FrontPage,Web page creation and editing software,FALSE
Microsoft Office Live Meeting,Video conferencing software,FALSE
Microsoft Office Mobile,Office suite software,FALSE
Microsoft Office Outlook,Calendar and scheduling software,FALSE
Microsoft OneNote,Word processing software,FALSE
Microsoft Onfolio,Data base user interface and query software,FALSE
Microsoft Outlook,Electronic mail software,TRUE
Microsoft Paint,Graphics or photo imaging software,FALSE
Microsoft Picture It!,Graphics or photo imaging software,FALSE
Microsoft Playwright,Program testing software,FALSE
Microsoft Power Automate,Enterprise application integration software,TRUE
Microsoft Power BI,Business intelligence and data analysis software,TRUE
Microsoft Power Platform,Enterprise application integration software,TRUE
Microsoft PowerShell,Development environment software,TRUE
Microsoft Proclarity,Data base reporting software,FALSE
Microsoft Project,Project management software,TRUE
Microsoft Publisher,Desktop publishing software,FALSE
Microsoft SQL Server,Data base user interface and query software,TRUE
Microsoft SQL Server Compact,Data base management system software,FALSE
Microsoft SQL Server Integration Services SSIS,Enterprise application integration software,TRUE
Microsoft SQL Server Reporting Services SSRS,Data base reporting software,TRUE
Microsoft Security Esssentials,Transaction security and virus protection software,FALSE
Microsoft SharePoint,Document management software,TRUE
Microsoft SharePoint Server,Document management software,FALSE
Microsoft Silverlight,Web platform development software,FALSE
Microsoft System Center,Enterprise system management software,FALSE
Microsoft Systems Management Server,Enterprise system management software,FALSE
Microsoft Team Foundation Server,Project management software,TRUE
Microsoft Teams,Project management software,TRUE
Microsoft Total Quality Control Management,Data base user interface and query software,FALSE
Microsoft Virtual Server,Application server software,FALSE
Microsoft Visio,Process mapping and design software,TRUE
Microsoft Visual Basic,Development environment software,TRUE
Microsoft Visual Basic Scripting Edition VBScript,Development environment software,FALSE
Microsoft Visual Basic for Applications VBA,Development environment software,TRUE
Microsoft Visual Basic.NET,Object or component oriented development software,FALSE
Microsoft Visual Basic.NET Compact Framework CF,Object or component oriented development software,FALSE
Microsoft Visual C# .NET,Object or component oriented development software,FALSE
Microsoft Visual FoxPro,Object oriented data base management software,FALSE
Microsoft Visual InterDev,Web platform development software,FALSE
Microsoft Visual J++,Development environment software,FALSE
Microsoft Visual SourceSafe,Development environment software,FALSE
Microsoft Visual Studio,Development environment software,TRUE
Microsoft Visual Studio Test Professional,Program testing software,FALSE
Microsoft Visual Studio.NET,Development environment software,FALSE
Microsoft Volume Shadow Copy Service,Backup or archival software,FALSE
Microsoft Windows,Operating system software,TRUE
Microsoft Windows Mobile,Operating system software,FALSE
Microsoft Windows Movie Maker,Video creation and editing software,FALSE
Microsoft Windows PowerShell,Operating system software,FALSE
Microsoft Windows Pre-installation Environment,Operating system software,FALSE
Microsoft Windows SDK,Development environment software,FALSE
Microsoft Windows Server,Operating system software,TRUE
Microsoft Windows Sysprep,Configuration management software,FALSE
Microsoft Windows Terminal Services Access Manager,Gateway software,FALSE
Microsoft Windows Vista Business,Operating system software,FALSE
Microsoft Windows XP,Operating system software,FALSE
Microsoft Windows XP Professional,Operating system software,FALSE
Microsoft Word,Word processing software,TRUE
Microsoft Works,Office suite software,FALSE
Microsoft transact-structural query language T-SQL,Data base management system software,FALSE
Microsys MicroMD,Medical software,FALSE
Microwave circuit simulation,Analytical or scientific software,FALSE
Microwind Dsch,Analytical or scientific software,FALSE
Mideo Systems EZDoc Plus,Graphics or photo imaging software,FALSE
MidiSwing,Music or sound editing software,FALSE
Midland Valley 2DMove,Computer aided design CAD software,FALSE
Midland Valley 3DMove,Computer aided design CAD software,FALSE
Midland Valley Move Suite,Computer aided design CAD software,FALSE
Midrange Software XpertHire,Human resources software,FALSE
Midwest Information Systems PAX-it,Graphics or photo imaging software,FALSE
Midwest MicroSystems Cow Sense,Enterprise resource planning ERP software,FALSE
MightyScout,Sales and marketing software,FALSE
Migration,Platform interconnectivity software,FALSE
Migration testing,Program testing software,FALSE
Milano Spa,Data base user interface and query software,FALSE
Mileage logging,Data base user interface and query software,FALSE
Millennium Software Atrex,Point of sale POS software,FALSE
Millennium SpaSalon,Data base user interface and query software,FALSE
Milliman Corporate Affinity,Financial analysis software,FALSE
Milliman ReservePro,Financial analysis software,FALSE
Millisecond Software Inquisit,Analytical or scientific software,FALSE
Millon Behavioral Medicine Diagnostic,Medical software,FALSE
Milsoft DisSPatch,Industrial control software,FALSE
Mincom MineScape,Data base user interface and query software,FALSE
Mind mapping,Pattern design software,FALSE
MindGenius,Pattern design software,FALSE
MindJet MindManager,Process mapping and design software,FALSE
Mine maintenance,Facilities management software,FALSE
MineGeo,Map creation software,FALSE
MineSight,Computer aided design CAD software,FALSE
Minemax iGantt,Data base user interface and query software,FALSE
Minitab,Analytical or scientific software,FALSE
Minnesota Multiphasic Personality Inventory-2 MMPI-2,Medical software,FALSE
Mintel Reports,Information retrieval or search software,FALSE
MinuteMan Systems MinuteMan Project Management,Project management software,FALSE
Miridia Technology AcuGraph,Medical software,FALSE
Missler Software TopSolid,Computer aided manufacturing CAM software,FALSE
Misys Healthcare Systems Misys Tiger,Medical software,FALSE
Misys Healthcare Systems Mysis Tiger,Medical software,FALSE
Mitchell International Mitchell WorkCenter,Project management software,FALSE
Mitchell Manager Invoicing,Billing and invoicing software,FALSE
Mitchell OnDemand5 Manager,Facilities management software,FALSE
Mitek Systems ImageNet Payments,Graphics or photo imaging software,FALSE
Mitre Software GSLOPE,Analytical or scientific software,FALSE
Mixed code generator,Compiler and decompiler software,FALSE
Mixed integer optimizer MINTO,Analytical or scientific software,FALSE
Mlflow,Analytical or scientific software,FALSE
MobiTech Systems Route Sales Trakker,Data base user interface and query software,FALSE
Mobile Data Software VetInfo,Medical software,FALSE
Mobile Dog Grooming Software mGroomer,Calendar and scheduling software,FALSE
Mobile Knowledge Cabmate,Mobile location based services software,FALSE
Mobile building inspection,Data base reporting software,FALSE
Mobile wireless network infrastructure,Wireless software,FALSE
MobileToys MAIDXL,Data base user interface and query software,FALSE
Modal analysis,Analytical or scientific software,FALSE
ModelKinetix ModelMaker,Analytical or scientific software,FALSE
Modelica,Object or component oriented development software,FALSE
Modellium PariTOP,Data base user interface and query software,FALSE
Modernizing Medicine Practice Management,Medical software,FALSE
Modula,Object or component oriented development software,FALSE
Modular Mining Systems DISPATCH,Analytical or scientific software,FALSE
Modular arrangement of predetermined time standards software MODAPTS,Analytical or scientific software,FALSE
ModuleMD Allergy Module,Medical software,FALSE
Modulo Risk Manager,Compliance software,FALSE
MolDraw,Graphics or photo imaging software,FALSE
Molecular Devices Corporation MetaFluor,Graphics or photo imaging software,FALSE
Molecular Devices Corporation MetaMorph,Graphics or photo imaging software,FALSE
Molecular Devices Softmax Pro,Analytical or scientific software,FALSE
Molecular Networks GmbH Biochemical Pathways,Information retrieval or search software,FALSE
Molecular Simulations WebLab ViewerPro,Graphics or photo imaging software,FALSE
Molecular simulation,Analytical or scientific software,FALSE
Molecular visualization,Analytical or scientific software,FALSE
Molsearch Pro,Data base user interface and query software,FALSE
Monash University Low FODMAP Diet App,Analytical or scientific software,FALSE
MoneySoft Corporate Valuation,Financial analysis software,FALSE
MoneyTree Silver Financial Planner (financial analysis feature),Financial analysis software,FALSE
MoneyTree Silver Financial Planner (presentation feature),Presentation software,FALSE
Monitoring and Remediation Optimization System MAROS,Analytical or scientific software,FALSE
Monte Carlo simulation,Analytical or scientific software,FALSE
Montgomery Investment Technology Bonds XL,Financial analysis software,FALSE
Montgomery Investment Technology Exotics XL,Financial analysis software,FALSE
Montgomery Investment Technology FinTools,Financial analysis software,FALSE
Montgomery Investment Technology Options XL,Financial analysis software,FALSE
Montgomery Investment Technology QuoteTools,Financial analysis software,FALSE
Montgomery Investment Technology Risk XL,Financial analysis software,FALSE
Montgomery Investment Technology SigTools,Financial analysis software,FALSE
Montgomery Investment Technology Utility XL,Charting software,FALSE
Moodle,Computer based training software,FALSE
Moody's KMV CreditEdge,Financial analysis software,FALSE
Moody's KMV Decisions,Financial analysis software,FALSE
Moody's KMV FAMAS,Spreadsheet software,FALSE
Moody's KMV Financial Analyst,Financial analysis software,FALSE
Moody's KMV Risk Advisor,Financial analysis software,FALSE
Moody's KMV Risk Analyst,Financial analysis software,FALSE
Moody's RiskCalc,Financial analysis software,FALSE
Morningstar Principia,Financial analysis software,FALSE
Mortware Professional,Data base user interface and query software,FALSE
Mosby's Drug Consult,Information retrieval or search software,FALSE
Mosby's Nutritrac,Analytical or scientific software,FALSE
Mosflm,Analytical or scientific software,FALSE
Moss Adams Profit Mentor,Financial analysis software,FALSE
Motek Priya,Inventory management software,FALSE
Motion analysis,Analytical or scientific software,FALSE
Motion capture,Video creation and editing software,FALSE
Motion control,Industrial control software,FALSE
Motion correction,Medical software,FALSE
Motor testing,Analytical or scientific software,FALSE
MotorMaster+,Analytical or scientific software,FALSE
Motorola Digital Signal Processing (DSP) Assembler,Development environment software,FALSE
Mount Taylor Programs Private Advantage,Enterprise resource planning ERP software,FALSE
Mountainside Software Allergy Lab,Medical software,FALSE
Moxa,Industrial control software,FALSE
Moxi Works MoxiEngage,Customer relationship management CRM software,FALSE
Moxi Works MoxiImpress,Sales and marketing software,FALSE
Moxi Works MoxiPresent,Presentation software,FALSE
Moz search engine optimization SEO,Web platform development software,FALSE
Mozart Music Software Mozart,Music or sound editing software,FALSE
Mozilla Firefox,Internet browser software,TRUE
Mozilla Thunderbird,Electronic mail software,FALSE
MuleSoft,Enterprise application integration software,FALSE
Multi-center traffic management advisor McTMA,Flight control software,FALSE
Multi-channel contact center,Contact center software,FALSE
Multi-functional calculators,Analytical or scientific software,FALSE
Multi-line optical character reader OCR,Optical character reader OCR or scanning software,FALSE
Multi-router traffic grapher MRTG,Network monitoring software,FALSE
MultiGen Paradigm 3D GIS,Computer aided design CAD software,FALSE
MultiGen Paradigm Vega Prime,Computer aided design CAD software,FALSE
Multichannel microelectrode analyzer MMA,Analytical or scientific software,FALSE
Multidata Computer Systems MultiTech,Medical software,FALSE
Multidimensional Expressions MDX,Data base management system software,FALSE
Multimedia video analysis,Video creation and editing software,FALSE
Multipath Corporation Fast Matrix Solver FMS,Analytical or scientific software,FALSE
Multiple Options Animal Shelter Management,Data base user interface and query software,FALSE
Multiple listing service,Data base user interface and query software,FALSE
Multiple trading transaction,Financial analysis software,FALSE
Multiprotocol Label Switching MPLS,Internet protocol IP multimedia subsystem software,FALSE
Multipurpose Interactive Image Processing System MIIPS,Analytical or scientific software,FALSE
Multisensory data representation,Analytical or scientific software,FALSE
Multitask,Calendar and scheduling software,FALSE
Multivariate Software EQS,Analytical or scientific software,FALSE
Multivariate statistical program MVSP,Analytical or scientific software,FALSE
Multiview Accounts Receivable,Accounting software,FALSE
Muncy Plat Pronto,Map creation software,FALSE
Municipal geographic management,Enterprise resource planning ERP software,FALSE
MuseScore,Music or sound editing software,FALSE
Music Director Pro,Data base user interface and query software,FALSE
Music scheduling,Calendar and scheduling software,FALSE
Music,Music or sound editing software,FALSE
MusicDevelopments RapidComposer,Music or sound editing software,FALSE
MusicGraph,Music or sound editing software,FALSE
Musical Palette,Music or sound editing software,FALSE
Musical instrument digital interface MIDI,Music or sound editing software,FALSE
Musilogic HarmonyBuilder,Music or sound editing software,FALSE
Mutation testing,Program testing software,FALSE
Muthen & Muthen Mplus,Analytical or scientific software,FALSE
Mutual fund analysis,Financial analysis software,FALSE
Mxi Technologies Maintenix,Data base user interface and query software,FALSE
My Clients Plus,Medical software,FALSE
MyCommerce RegNow,Point of sale POS software,FALSE
MyComplianceOffice Compliance Operations Management,Compliance software,FALSE
MyFamilySoftware Instant Architect,Computer aided design CAD software,FALSE
MyFitnessPal,Analytical or scientific software,FALSE
Myers Briggs Type Indicator,Medical software,FALSE
Myriad Software Harmony Assistant,Music or sound editing software,FALSE
Myspace,Web page creation and editing software,FALSE
Mzinga On-Demand Learning Suite,Computer based training software,FALSE
NAMD,Analytical or scientific software,FALSE
NC verification,Computer aided manufacturing CAM software,FALSE
NCAR Command Language NCL,Development environment software,FALSE
NCBI RefSeq,Analytical or scientific software,FALSE
NCG Medical Systems d-Chart,Medical software,FALSE
NCH Software Express Invoice,Billing and invoicing software,FALSE
NCR Advanced Checkout Solution,Point of sale POS software,FALSE
NCR Advanced Store,Point of sale POS software,FALSE
NCR NeighborhoodPOS,Point of sale POS software,FALSE
NCR Teradata Warehouse Miner,Data mining software,FALSE
NCSS,Analytical or scientific software,FALSE
NCSS Power Analysis and Sample Size PASS,Analytical or scientific software,FALSE
NDCMedisoft,Accounting software,FALSE
NEO PI-R,Medical software,FALSE
NIIT Technologies WinRisk,Financial analysis software,FALSE
NIKSUN NetDetector,Network security or virtual private network VPN management software,FALSE
NILS INSource,Compliance software,FALSE
NIWA Tideda,Analytical or scientific software,FALSE
NOAA Shoreline Data Explorer,Route navigation software,FALSE
NOW Solutions emPath,Human resources software,FALSE
NPKTools Comp Analytics,Human resources software,FALSE
NPKTools CompXpert,Human resources software,FALSE
NSF Hospitality Rendezvous Events,Data base user interface and query software,FALSE
NUnit,Program testing software,FALSE
NVDIA Gelato,Graphics or photo imaging software,FALSE
NWChem,Analytical or scientific software,FALSE
Nagios,Network monitoring software,FALSE
Narratek Smartype,Word processing software,FALSE
National Archives online databases,Information retrieval or search software,FALSE
National Association of Realtors Online Database,Data base reporting software,FALSE
National Center for Crisis and Continuity Coordination NC4 E Team,Project management software,FALSE
National Concrete & Masonry Estimator,Project management software,FALSE
National Crime Information Center (NCIC) database,Data base user interface and query software,FALSE
National Driver Register NDR,Data base user interface and query software,FALSE
National Fire Incident Reporting System NFIRS,Data base user interface and query software,FALSE
National Geodetic Survey NGS Geodetic Toolkit,Analytical or scientific software,FALSE
National Geodetic Survey NGS VERTCON,Analytical or scientific software,FALSE
National Geophysical Data Center GEODAS,Analytical or scientific software,FALSE
National Institute for Occupational Safety and Health LaModel,Analytical or scientific software,FALSE
National Institute for Occupational Safety and Health NIOSH Life Table Analysis,Analytical or scientific software,FALSE
National Instruments Compact FieldPoint,Analytical or scientific software,FALSE
National Instruments DAQ Assistant,Analytical or scientific software,FALSE
National Instruments LabVIEW,Development environment software,FALSE
National Instruments Multisim,Computer aided design CAD software,FALSE
National Instruments NI Motion Assistant,Computer aided manufacturing CAM software,FALSE
National Instruments NI Vision Builder for Automated Inspection AI,Analytical or scientific software,FALSE
National Instruments NI-DAQmx,Industrial control software,FALSE
National Instruments TestStand,Development environment software,FALSE
National Instruments Ultiboard,Computer aided design CAD software,FALSE
National Integrated Ballistics Information Network NIBIN,Data base user interface and query software,FALSE
National Land Cover Database NLCD,Data base user interface and query software,FALSE
National Law Enforcement Telecommunications System NLETS,Data base user interface and query software,FALSE
National Library of Medicine DOCLINE,Library software,FALSE
National Library of Medicine Medline,Data base user interface and query software,FALSE
National Resources Conservation Service Ecological Site Information System ESIS,Data base user interface and query software,FALSE
National Resources Conservation Service Grazing Spatial Analysis,Analytical or scientific software,FALSE
National Resources Conservation Service NRCS PEDON Description Program PDP,Data base user interface and query software,FALSE
National Resources Conservation Service NRCS Soils Explorer,Data base user interface and query software,FALSE
National Resources Conservation Service Web Soil Survey WSS,Data base user interface and query software,FALSE
National Soil Information System NASIS,Data base user interface and query software,FALSE
National Union Catalog of Manuscript Collections (NUCMC),Information retrieval or search software,FALSE
National pollutant discharge elimination system NPDES compliance,Compliance software,FALSE
NaturaeMed OfficePro,Medical software,FALSE
NaturoPlus,Medical software,FALSE
Naturopathic Clinic,Medical software,FALSE
Natus NeuroWorks,Medical software,FALSE
NaviMedix NaviNet,Medical software,FALSE
NaviNet Open,Medical software,FALSE
NaviSys Front Office,Enterprise resource planning ERP software,FALSE
Naviance Succeed,Data base user interface and query software,FALSE
Navigation,Route navigation software,FALSE
Navigational chart,Route navigation software,FALSE
NavisWorks Jetstream,Computer aided design CAD software,FALSE
Navzilla,Route navigation software,FALSE
NeTLIMS AutoAP,Medical software,FALSE
NeTLIMS AutoFusion,Medical software,FALSE
NeTLIMS AutoLIMS Core Lab,Medical software,FALSE
Nearpod,Multi-media educational software,FALSE
Nebu Dub InterViewer,Project management software,FALSE
Nedstat Sitestat,Analytical or scientific software,FALSE
Needs analysis,Financial analysis software,FALSE
Neill Technologies SpaBiz,Data base user interface and query software,FALSE
Nemetschek Vectorworks Spotlight,Computer aided design CAD software,FALSE
Neo4j,Data base user interface and query software,FALSE
NeoOffice,Office suite software,FALSE
Neoforma Healthcare Products Information Services HPIS Market Intelligence,Information retrieval or search software,FALSE
Neohapsis Certus GRC,Compliance software,FALSE
Neotec WELLFLO,Analytical or scientific software,FALSE
Net Worth Strategies Stock Opter Pro,Financial analysis software,FALSE
NetDimensions Enterprise Knowledge Platform EKP,Computer based training software,FALSE
NetDocuments,Document management software,FALSE
NetEpi,Analytical or scientific software,FALSE
NetIQ,Administration software,FALSE
NetLims AutoLims,Analytical or scientific software,FALSE
NetPrimer,Analytical or scientific software,FALSE
NetScout InfinitiStream Console,Network monitoring software,FALSE
NetScout Sniffer Global Analyzer,Network monitoring software,FALSE
NetScout Sniffer Portable Professional Analyzer,Network monitoring software,FALSE
NetSoft IntelliPath,Medical software,FALSE
NetSuite ERP,Enterprise resource planning ERP software,FALSE
NetSuite NetCRM,Customer relationship management CRM software,FALSE
NetSuite NetERP,Enterprise resource planning ERP software,FALSE
Netreo OmniCenter,Administration software,FALSE
Netscape Navigator,Internet browser software,FALSE
Netsmart Technologies Avatar Clinical Workstation CWS,Medical software,FALSE
Netsmart Technologies CareNet,Medical software,FALSE
Netsmart Technologies Helper,Medical software,FALSE
Network Analysis SINDA-G,Analytical or scientific software,FALSE
Network Instruments Observer Standard,Network monitoring software,FALSE
Network Science IR Mentor Pro,Analytical or scientific software,FALSE
Network address management,Administration software,FALSE
Network addressable storage NAS,Internet directory services software,FALSE
Network and application load and performance testing,Network monitoring software,FALSE
Network and component performance analysis,Network monitoring software,FALSE
Network and system vulnerability assessment,Network security or virtual private network VPN management software,FALSE
Network architecture design,Requirements analysis and system architecture software,FALSE
Network availability monitoring,Network monitoring software,FALSE
Network bridge,Bridge software,FALSE
Network design,Computer aided design CAD software,FALSE
Network directory services,Internet directory services software,FALSE
Network documentation,Administration software,FALSE
Network flow modeling,Administration software,FALSE
Network intrusion detection,Network security and virtual private network VPN equipment software,FALSE
Network intrusion prevention systems NIPS,Network monitoring software,FALSE
Network management,Administration software,FALSE
"Network modeling, mapping, and analysis",Network monitoring software,FALSE
Network reporting,Data base reporting software,FALSE
Network security auditing,Network security or virtual private network VPN management software,FALSE
Network shutdown,Administration software,FALSE
Network storage,Storage networking software,FALSE
Network traffic flow monitoring and analysis,Network monitoring software,FALSE
Network traffic probe,Network monitoring software,FALSE
"Network, hardware, and software auditing",Network monitoring software,FALSE
"Network, server and operating system optimization",Network operating system enhancement software,FALSE
Neural network modeling,Analytical or scientific software,FALSE
NeuralWare,Analytical or scientific software,FALSE
Neuro Innovations Therapist's Toolkit,Medical software,FALSE
NeuroSolutions Trading Solutions,Financial analysis software,FALSE
NeuroSolutions for MatLab,Expert system software,FALSE
Neurobehavioral Systems Presentation,Medical software,FALSE
Neurofax SpikeDetector,Medical software,FALSE
Neurotronics Polysmith,Medical software,FALSE
Nevercenter Silo,Graphics or photo imaging software,FALSE
New Dawn Technologies JustWare Court,Project management software,FALSE
New Horizons Software OrthoExec,Medical software,FALSE
New Millennium Communications Genesis Accounting,Accounting software,FALSE
New World Systems Logos.NET,Accounting software,FALSE
New construction inspection form,Word processing software,FALSE
NewPortWave Year End Solutions,Tax preparation software,FALSE
NewTek Lightwave 3D,Graphics or photo imaging software,FALSE
Newgen Software Technologies OmniDocs,Document management software,FALSE
Newsletter production,Expert system software,FALSE
NexTech EMR & PM,Medical software,FALSE
Nexiq Tech HDS Suite for Palm,Analytical or scientific software,FALSE
Next Limit Maxwell Render,Graphics or photo imaging software,FALSE
NextGen Healthcare Information Systems EMR,Medical software,FALSE
NextGen Healthcare NextGen Practice Management,Medical software,FALSE
Nextech EMR,Medical software,FALSE
Niceware International LabelClinic CT,Medical software,FALSE
Nielsen Arianna,Analytical or scientific software,FALSE
Nielsen Marketbreaks,Analytical or scientific software,FALSE
Niku Clarity,Materials requirements planning logistics and supply chain software,FALSE
Nimblefeet Technologies Captain's Keeper,Data base user interface and query software,FALSE
Ninian Huddle,Project management software,FALSE
Nmap,Transaction security and virus protection software,FALSE
NoSQL,Data base management system software,TRUE
NodeBox,Graphics or photo imaging software,FALSE
Noldus Information Technology FaceReader,Analytical or scientific software,FALSE
Noldus Information Technology The Observer XT,Analytical or scientific software,FALSE
Noldus Information Technology uLog Pro,Analytical or scientific software,FALSE
Nolij Corporation Nolij Transfer,Data base user interface and query software,FALSE
Nolo Quicken Legal Business Pro,Data base user interface and query software,FALSE
Non uniform rational b-splines NURBS,Graphics or photo imaging software,FALSE
Norchard Solutions Succession Wizard,Time accounting software,FALSE
North American Insulation Manufacturers Association NAIMA 3E Plus,Analytical or scientific software,FALSE
North American Regional Climate Change Assessment Program NARCCAP data tables,Information retrieval or search software,FALSE
North American Software Associates Eclipse,Enterprise resource planning ERP software,FALSE
NorthWest Builders Network Plan Analyst,Compliance software,FALSE
Norton AntiVirus,Transaction security and virus protection software,FALSE
NortonLifeLock cybersecurity,Transaction security and virus protection software,FALSE
Notam Development Group Airport Insight,Information retrieval or search software,FALSE
Notation Software Notation Composer,Music or sound editing software,FALSE
NoteWorthy Software NoteWorthy Composer,Music or sound editing software,FALSE
NovaMind Merlin Project Manager,Pattern design software,FALSE
NovaStor NovaBACKUP,Backup or archival software,FALSE
Novariant AutoFarm AF Viewer,Data base user interface and query software,FALSE
Novell NetWare Management Station,Network monitoring software,FALSE
Novell eDirectory,Internet directory services software,FALSE
Novo Customer Tracking,Customer relationship management CRM software,FALSE
Novovision NovoPath,Medical software,FALSE
Nslookup,Network monitoring software,FALSE
NuView EBS,Time accounting software,FALSE
NuView Systems NuViewHR,Human resources software,FALSE
Nuance Dragon NaturallySpeaking,Voice recognition software,FALSE
Nuance OmniPage Professional,Optical character reader OCR or scanning software,FALSE
Nuance PaperPort Professional,Document management software,FALSE
Nuance Power PDF,Document management software,FALSE
Nucletron planning,Medical software,FALSE
Nuesoft Technologies NueMD,Medical software,FALSE
NumPy,Data base user interface and query software,FALSE
Numerical analysis,Analytical or scientific software,FALSE
Numerical control,Industrial control software,FALSE
Numeritek NUMERICA,Analytical or scientific software,FALSE
Nunjucks,Web platform development software,FALSE
Nupro CastView,Industrial control software,FALSE
Nursing documentation,Medical software,FALSE
NutriGenie Optimal Nutrition,Analytical or scientific software,FALSE
Nutrient analysis,Analytical or scientific software,FALSE
Nutrition Balance Analyzer NUTBAL,Analytical or scientific software,FALSE
Nutrition analysis,Analytical or scientific software,FALSE
Nuview Systems Cort HCM,Human resources software,FALSE
Nuvosoft Rwiz,Word processing software,FALSE
O'Brien Grasso RE Software Property Master,Data base user interface and query software,FALSE
O*NET OnLine,Data base user interface and query software,FALSE
O3spaces Workplace,Document management software,FALSE
OCLC ILLiad,Library software,FALSE
OCS Office-Partner,Medical software,FALSE
ODEN Insurance Services State Rules & Regulations,Compliance software,FALSE
OLRAC Electronic Logbook Software Solution,Data base user interface and query software,FALSE
OMICRON Test Universe,Analytical or scientific software,FALSE
OMTI ReporterBase,Data base user interface and query software,FALSE
ONE Software KidsONE,Enterprise resource planning ERP software,FALSE
OPEN MIND Technologies hyperMILL,Computer aided manufacturing CAM software,FALSE
OPIE Practice Management Suite,Medical software,FALSE
OPNET APMXpert,Network operating system enhancement software,FALSE
OPNET SP Sentinel,Network monitoring software,FALSE
OSI TrustWise,Financial analysis software,FALSE
OSI monarch/SGP,Industrial control software,FALSE
OTP ArmaCAD,Computer aided design CAD software,FALSE
OWL Bookkeeping for Realtors,Accounting software,FALSE
Oak Mountain Software AnnuityValue,Financial analysis software,FALSE
Oasys structural design and analysis,Medical software,FALSE
Oberon,Object or component oriented development software,FALSE
Object Management Group Object Request Broker,Transaction server software,FALSE
Object database management system ODBMS,Object oriented data base management software,FALSE
Object oriented development environment,Object or component oriented development software,FALSE
Object oriented programming,Object oriented data base management software,FALSE
Object-oriented programming languages,Object or component oriented development software,FALSE
Objectif Lune PlanetPress Suite,Desktop publishing software,FALSE
Objectif Lune PrintShop Mail,Electronic mail software,FALSE
Objective C,Object or component oriented development software,FALSE
Objective Caml,Object or component oriented development software,FALSE
Objective Decision Contactizer Pro,Data base user interface and query software,FALSE
Objective Electronic Document Management,Document management software,FALSE
OctTools,Analytical or scientific software,FALSE
Octagon StartingPoint,Document management software,FALSE
Octagon ViewPoint eCTD Complete,Document management software,FALSE
Office Gemini Diamond Vision,Analytical or scientific software,FALSE
Office Management Systems Mental Health Office All-in-One,Medical software,FALSE
OfficeMate Software Solutions ExamWRITER,Medical software,FALSE
OfficeMate Software Solutions OfficeMate,Medical software,FALSE
OfficeWork Software TurboProject,Project management software,FALSE
Ohio Automation Integrated Computer Aided Mine Planning System ICAMPS,Analytical or scientific software,FALSE
Ohio Willow Wood OMEGA Tracer,Computer aided design CAD software,FALSE
Oil mapping,Map creation software,FALSE
Olympus Image Analysis,Analytical or scientific software,FALSE
OmegaT,Foreign language software,FALSE
Omeka,Document management software,FALSE
Omni Group OmniGraffle,Pattern design software,FALSE
OmniFleet Equipment Maintenance Management,Calendar and scheduling software,FALSE
OmniMD PT./OT EHR,Medical software,FALSE
OmniMD Sports Medicine EHR,Medical software,FALSE
OmniRIM Records Management Suite,Document management software,FALSE
Omnitech OMNILAB,Medical software,FALSE
Omnitracs Performance Monitoring,Analytical or scientific software,FALSE
On Center On-Screen Takeoff,Project management software,FALSE
On Center Quick Bid,Project management software,FALSE
OnCare Advantage,Enterprise resource planning ERP software,FALSE
OnPoint Digital OnPoint Learning & Performance Suite,Computer based training software,FALSE
OnQue Technologies COBRA OnOne,Human resources software,FALSE
OnShape,Computer aided design CAD software,FALSE
One Mile Up Panel Planner,Computer aided design CAD software,FALSE
One pass compiler,Compiler and decompiler software,FALSE
OneCNC CAD/CAM,Computer aided manufacturing CAM software,FALSE
Online Computer Library Center (OCLC) databases,Library software,FALSE
Online Database Solutions Agent Intelligence,Enterprise resource planning ERP software,FALSE
Online Dictionary for Library and Information Science ODLIS,Library software,FALSE
Online Mendelian Inheritance in Animals OMIA,Data base user interface and query software,FALSE
Online River Software Personal Trainer Pro,Project management software,FALSE
Online advertising reporting,Analytical or scientific software,FALSE
Online analytical processing OLAP,Data base user interface and query software,FALSE
Online data collection,Data base user interface and query software,FALSE
Online database search and retrieval,Information retrieval or search software,FALSE
Online databases,Data base user interface and query software,FALSE
Online image and graphics database,Information retrieval or search software,FALSE
Online informational database,Data base user interface and query software,FALSE
Online library databases,Information retrieval or search software,FALSE
Online medical databases,Information retrieval or search software,FALSE
Online meeting,Video conferencing software,FALSE
Online public records search,Information retrieval or search software,FALSE
Online reference databases,Information retrieval or search software,FALSE
Online registration,Data base user interface and query software,FALSE
Online service manual database,Information retrieval or search software,FALSE
Online title search and property report,Information retrieval or search software,FALSE
Online trading,Desktop communications software,FALSE
Online traffic calculator,Network monitoring software,FALSE
Onset Computer Corporation HOBOware,Analytical or scientific software,FALSE
Ontario Systems FACS,Customer relationship management CRM software,FALSE
Open Dental,Medical software,FALSE
Open Dynamics Collabtive,Project management software,FALSE
Open Graphics Library OpenGL,Graphics or photo imaging software,FALSE
Open Mind Software hyperMILL,Computer aided manufacturing CAM software,FALSE
Open Mind hyperMILL,Computer aided manufacturing CAM software,FALSE
Open Shortest Path First OSPF,Internet protocol IP multimedia subsystem software,FALSE
Open Song Composer,Music or sound editing software,FALSE
Open Source Matters Joomla!,Document management software,FALSE
Open Systems TRAVERSE,Enterprise resource planning ERP software,FALSE
"Open Text Fax Server, RightFax Edition",Fax software,FALSE
Open Text Web Solutions,Document management software,FALSE
Open e-LMS,Computer based training software,FALSE
Open source routing protocols OSPF,Internet protocol IP multimedia subsystem software,FALSE
OpenAI ChatGPT,Development environment software,FALSE
OpenClinica,Data base user interface and query software,FALSE
OpenDocMan,Document management software,FALSE
OpenDroneMap,Map creation software,FALSE
OpenEpi,Analytical or scientific software,FALSE
OpenGL,Graphics or photo imaging software,FALSE
OpenMake Software Meister,Development environment software,FALSE
OpenMake Software Mojo,Development environment software,FALSE
OpenOffice WRITER,Word processing software,FALSE
OpenOffice.org,Office suite software,FALSE
OpenRoads Designer,Computer aided design CAD software,FALSE
OpenService Open NerveCenter,Network security or virtual private network VPN management software,FALSE
OpenStack,Cloud-based management software,FALSE
OpenTable,Data base user interface and query software,FALSE
OpenText Livelink ECM,Content workflow software,FALSE
OpenText eDOCS DM,Document management software,FALSE
OpenVAS,Transaction security and virus protection software,FALSE
OpendTect,Analytical or scientific software,FALSE
Operating log,Data base user interface and query software,FALSE
Operating system monitoring,Operating system software,FALSE
Operating system process control,Network operating system enhancement software,FALSE
Operating system shells,Operating system software,FALSE
Operational Data Store ODS,Data base user interface and query software,FALSE
Operational databases,Data base user interface and query software,FALSE
Operations scheduling,Calendar and scheduling software,FALSE
Operitel LearnFlex,Computer based training software,FALSE
Ophthalmic imaging,Analytical or scientific software,FALSE
Opportunity management system OMS,Financial analysis software,FALSE
OptaSoft Commercial Building Inspector,Compliance software,FALSE
Optical Gaging Products Measure-X,Procedure management software,FALSE
Optical Physics Technologies SUN_CHART,Analytical or scientific software,FALSE
Optical Research Associates LightTools,Computer aided design CAD software,FALSE
Optical analysis,Computer aided design CAD software,FALSE
Optical character reader OCR,Optical character reader OCR or scanning software,FALSE
Optical character recognition OCR,Optical character reader OCR or scanning software,FALSE
Optical imaging,Graphics or photo imaging software,FALSE
Optical scanning,Optical character reader OCR or scanning software,FALSE
Opticks,Analytical or scientific software,FALSE
Optima IAS,Financial analysis software,FALSE
Optimum Logistics LoadPlanner,Materials requirements planning logistics and supply chain software,FALSE
OptionVue Options Analysis,Financial analysis software,FALSE
Optitex 3D Suite,Computer aided design CAD software,FALSE
Optiwave OptiBPM,Computer aided design CAD software,FALSE
Optiwave OptiFDTD,Computer aided design CAD software,FALSE
Optiwave OptiSPICE,Computer aided design CAD software,FALSE
OrCAD Capture,Computer aided design CAD software,FALSE
Oracle Advanced Procurement,Procurement software,FALSE
Oracle Agile Product Lifecycle Management PLM,Enterprise resource planning ERP software,FALSE
Oracle Application Express APEX,Web platform development software,FALSE
Oracle Application Server,Application server software,FALSE
Oracle Beehive,Expert system software,FALSE
Oracle Business Intelligence Discoverer,Data base reporting software,FALSE
Oracle Business Intelligence Enterprise Edition,Business intelligence and data analysis software,FALSE
Oracle Business Intelligence Publisher,Enterprise resource planning ERP software,FALSE
Oracle Business Intelligence Suite,Data base reporting software,FALSE
Oracle Clinical,Data base user interface and query software,FALSE
Oracle Cloud,Cloud-based management software,TRUE
Oracle Darwin,Data mining software,FALSE
Oracle Data Guard,Backup or archival software,FALSE
Oracle Data Integrator,Enterprise application integration software,FALSE
Oracle Database,Data base user interface and query software,TRUE
Oracle Designer,Web platform development software,FALSE
Oracle E-Business Suite,Enterprise resource planning ERP software,FALSE
Oracle E-Business Suite Financials,Financial analysis software,FALSE
Oracle E-Business Suite Human Resources Management,Human resources software,FALSE
Oracle E-Business Suite Logistics,Materials requirements planning logistics and supply chain software,FALSE
Oracle Eloqua,Customer relationship management CRM software,FALSE
Oracle Enterprise Asset Management eAM,Facilities management software,FALSE
"Oracle Enterprise Governance, Risk, and Compliance Manager",Compliance software,FALSE
Oracle Enterprise Manager,Data base management system software,FALSE
Oracle Enterprise Manager Cloud Control,Data base management system software,FALSE
Oracle Essbase,Data base user interface and query software,FALSE
Oracle Flow Manufacturing,Materials requirements planning logistics and supply chain software,FALSE
Oracle Fusion Applications,Enterprise resource planning ERP software,FALSE
Oracle Fusion Middleware,Enterprise application integration software,FALSE
Oracle Golden Gate,Data base management system software,FALSE
Oracle HRIS,Human resources software,FALSE
Oracle Hyperion,Enterprise resource planning ERP software,FALSE
Oracle Hyperion Financial Management,Financial analysis software,FALSE
Oracle Hyperion Planning,Financial analysis software,FALSE
Oracle Insurance Compliance Tracker,Compliance software,FALSE
Oracle Inventory,Inventory management software,FALSE
Oracle JD Edwards EnterpriseOne,Enterprise resource planning ERP software,FALSE
Oracle JD Edwards EnterpriseOne Project Management,Project management software,FALSE
Oracle JDBC,Data base user interface and query software,FALSE
Oracle Java,Object or component oriented development software,TRUE
Oracle Java 2 Platform Enterprise Edition J2EE,Development environment software,TRUE
Oracle Java Enterprise Edition EE,Development environment software,FALSE
Oracle Java Message Service JMS,Object or component oriented development software,FALSE
Oracle JavaServer Pages JSP,Web platform development software,FALSE
Oracle Jdeveloper,Development environment software,FALSE
Oracle Learning Management,Human resources software,FALSE
Oracle Manufacturing Scheduling,Materials requirements planning logistics and supply chain software,FALSE
Oracle Master Data Management MDM Suite,Metadata management software,FALSE
Oracle Migration Workbench,Data base management system software,FALSE
Oracle Net Manager,Network monitoring software,FALSE
Oracle NetSuite,Enterprise resource planning ERP software,FALSE
Oracle PL/SQL,Data base management system software,TRUE
Oracle PeopleSoft,Enterprise resource planning ERP software,TRUE
Oracle PeopleSoft Enterprise,Enterprise resource planning ERP software,FALSE
Oracle PeopleSoft Enterprise Employee Self-Service,Human resources software,FALSE
Oracle PeopleSoft Enterprise Financial Management Solutions,Financial analysis software,FALSE
Oracle PeopleSoft Enterprise Human Resources,Human resources software,FALSE
Oracle PeopleSoft Enterprise Supply Planning Multi-Site Material Planner,Materials requirements planning logistics and supply chain software,FALSE
Oracle PeopleSoft Financials,Enterprise resource planning ERP software,FALSE
Oracle PeopleSoft Human Capital Management,Enterprise resource planning ERP software,FALSE
Oracle PeopleSoft Payroll for North America,Time accounting software,FALSE
Oracle Performance Management Suites,Financial analysis software,FALSE
Oracle Primavera Enterprise Project Portfolio Management,Project management software,TRUE
Oracle Primavera P6 Enterprise Portfolio Project Management,Project management software,FALSE
Oracle Primavera P6 Professional Project Management,Project management software,FALSE
Oracle Primavera,Project management software,FALSE
Oracle Real Application Cluster RAC,Clustering software,FALSE
Oracle Recovery Manager,Backup or archival software,FALSE
Oracle Remote Data Capture,Analytical or scientific software,FALSE
Oracle Reports,Data base reporting software,FALSE
Oracle Retek,Inventory management software,FALSE
Oracle SQL Developer,Development environment software,TRUE
Oracle SQL Loader,Data base reporting software,FALSE
Oracle SQL Plus,Data base reporting software,FALSE
Oracle Self-Service Human Resources,Human resources software,FALSE
Oracle Siebel CRM,Customer relationship management CRM software,FALSE
Oracle Siebel Marketing Resource Management,Customer relationship management CRM software,FALSE
Oracle Siebel Server Sync,Customer relationship management CRM software,FALSE
Oracle Solaris,Operating system software,FALSE
Oracle Taleo,Human resources software,FALSE
Oracle Unified Directory,Internet directory services software,FALSE
Oracle Universal Content Management,Document management software,FALSE
Oracle Warehouse Builder,Metadata management software,FALSE
Oracle WebLogic Server,Application server software,FALSE
Oracle e-Business Suite Supply Chain Management,Materials requirements planning logistics and supply chain software,FALSE
Oracle iPlanet Web Server,Portal server software,FALSE
Oracle,Data base user interface and query software,FALSE
OrangeHRM,Human resources software,FALSE
Orbitz Worldwide Orbitz for Agents,Data base user interface and query software,FALSE
Orbius,Web page creation and editing software,FALSE
Orchard Software Orchard Harvest LIS,Medical software,FALSE
Orchard Software Orchard Pathology,Medical software,FALSE
Order management,Procurement software,FALSE
Ordering and purchasing,Procurement software,FALSE
Ordering,Inventory management software,FALSE
Organic synthesis planning,Analytical or scientific software,FALSE
Orgmation iCare,Enterprise resource planning ERP software,FALSE
OriginLab Origin,Analytical or scientific software,FALSE
Orion Law Management Systems Orion,Data base user interface and query software,FALSE
Orpheus Technology Pro Writing Aid,Word processing software,FALSE
Ortho Computer Systems ViewPoint,Medical software,FALSE
OrthoChart,Medical software,FALSE
Orthoease,Medical software,FALSE
Orthotic fabrication,Computer aided manufacturing CAM software,FALSE
Otometrics OTOsuite,Medical software,FALSE
Outage management system OMS,Industrial control software,FALSE
Outboard engine diagnostic,Analytical or scientific software,FALSE
OutlookSoft,Enterprise resource planning ERP software,FALSE
Overland Conveyor Belt Analyst,Analytical or scientific software,FALSE
Oversight Insights On Demand,Compliance software,FALSE
Ovid SilverPlatter WebSPIRS,Information retrieval or search software,FALSE
Ovo Studios Ovo Logger,Analytical or scientific software,FALSE
Oxford Reference Online,Information retrieval or search software,FALSE
P-STAT,Analytical or scientific software,FALSE
P-Sea WindPlot,Map creation software,FALSE
PANTONE ColorVision ProfilerPlus,Optical character reader OCR or scanning software,FALSE
PANalytical X'Pert Data Collector,Analytical or scientific software,FALSE
PANalytical X'Pert Epitaxy,Analytical or scientific software,FALSE
PAR Technology SpaSoft,Data base user interface and query software,FALSE
PARI/GP,Analytical or scientific software,FALSE
PARTHENON,Computer aided design CAD software,FALSE
PC Dispatch,Mobile location based services software,FALSE
PC Weather Products HURRTRAK,Analytical or scientific software,FALSE
PC-Mapper,Map creation software,FALSE
PC-Progress HYDRUS,Analytical or scientific software,FALSE
PCC EHR,Medical software,FALSE
PCC Pediatric Partner,Medical software,FALSE
PCG Software Virtual Examiner,Audit software,FALSE
PCI Express PCIe,Data base user interface and query software,FALSE
PCI Geomatics Geomatica,Map creation software,FALSE
PCI Geomatics eCognition,Categorization or classification software,FALSE
PCI Geomatics,Analytical or scientific software,FALSE
PCS Revenue Control Systems FASTRAK School Meal,Point of sale POS software,FALSE
PDF Snake Easy Bates,Document management software,FALSE
PDF readers,Document management software,FALSE
PDS Vista,Time accounting software,FALSE
PE INTERNATIONAL GaBi,Analytical or scientific software,FALSE
PE INTERNATIONAL SoFi,Analytical or scientific software,FALSE
PEB XLDent,Medical software,FALSE
PEDYN P2000,Data base user interface and query software,FALSE
PEPID EMS,Information retrieval or search software,FALSE
PEPID RN Critical Care RNCC,Information retrieval or search software,FALSE
PHYLIP,Analytical or scientific software,FALSE
PIBWin,Analytical or scientific software,FALSE
PICS DietMate Professional,Analytical or scientific software,FALSE
PIE Technologies MoneyGuidePro,Financial analysis software,FALSE
PISCES IIB,Analytical or scientific software,FALSE
PLC Automation Intellution iFIX,Industrial control software,FALSE
PLOS Computational Biology,Analytical or scientific software,FALSE
PLplot,Development environment software,FALSE
PM/2 Clinical Planner,Medical software,FALSE
PMC KanbanSIM,Materials requirements planning logistics and supply chain software,FALSE
POSitive Software POSitive for Windows,Point of sale POS software,FALSE
PPD Patient Profiles,Data base user interface and query software,FALSE
PPD eLoader,Data base user interface and query software,FALSE
PPT4Drs Quixote,Medical software,FALSE
PQ Systems CHARTrunner Lean,Industrial control software,FALSE
PQ Systems GAGEpack,Industrial control software,FALSE
PQ Systems MEASUREspy,Industrial control software,FALSE
PQ Systems SQCpack,Analytical or scientific software,FALSE
PREMIER Biosoft Array Designer,Analytical or scientific software,FALSE
PREMIS,Data base user interface and query software,FALSE
PRICE Sytems TruePlanning,Financial analysis software,FALSE
PRINCE,Analytical or scientific software,FALSE
PRO-ductivity Systems Compliance Training Manager Web,Computer based training software,FALSE
PRONTO Xi,Enterprise resource planning ERP software,FALSE
PROPHIX Enterprise,Accounting software,FALSE
PRe Consultants SimaPro,Analytical or scientific software,FALSE
PSTek,Human resources software,FALSE
PT Software Solutions PT Rental Assistant,Data base user interface and query software,FALSE
PTC Arbortext,Desktop publishing software,FALSE
PTC Creo Elements/Pro,Computer aided design CAD software,FALSE
PTC Creo Parametric,Computer aided design CAD software,FALSE
PTC Mathcad,Analytical or scientific software,FALSE
PTC Pro/Cable,Computer aided design CAD software,FALSE
PTC Pro/ENGINEER Mechanica,Computer aided design CAD software,FALSE
PTC Pro/ENGINEER Wildfire,Computer aided design CAD software,FALSE
PTC Pro/INTRALINK,Project management software,FALSE
PTC Pro/Pipe,Computer aided design CAD software,FALSE
PTC Windchill,Document management software,FALSE
PTS Solutions WinJuris Court Solutions,Data base user interface and query software,FALSE
PTV VISUM,Analytical or scientific software,FALSE
PTV Vissim,Analytical or scientific software,FALSE
PUFF,Computer aided design CAD software,FALSE
PV Optics,Analytical or scientific software,FALSE
PVsyst,Analytical or scientific software,FALSE
PWscf,Analytical or scientific software,FALSE
Pacific Solutions FloorRight,Project management software,FALSE
Package location and tracking,Industrial control software,FALSE
Package tracking,Industrial control software,FALSE
Packet analysis,Network monitoring software,FALSE
Packet analyzers,Network monitoring software,FALSE
Packet filter,Transaction security and virus protection software,FALSE
Packet tracing,Network monitoring software,FALSE
Padlet,Computer based training software,FALSE
Page markers,Internet browser software,FALSE
Paint mixing and matching,Analytical or scientific software,FALSE
Paintbrush,Graphics or photo imaging software,FALSE
Paisley AutoAudit,Financial analysis software,FALSE
Paisley Cardmap,Compliance software,FALSE
Paisley Focus Control Assurance,Compliance software,FALSE
Paisley IssueTrack,Financial analysis software,FALSE
Paisley RiskNavigator,Compliance software,FALSE
Palantir Intelligence,Data base user interface and query software,FALSE
Palbridge Ubidesk,Project management software,FALSE
PaleoMag,Analytical or scientific software,FALSE
PaleoTax,Analytical or scientific software,FALSE
Paleontological Statistics PAST,Analytical or scientific software,FALSE
Palisade @Risk,Financial analysis software,FALSE
Palisade Bond @nalyst,Financial analysis software,FALSE
Palisade Evolver,Analytical or scientific software,FALSE
Palisade StatTools,Analytical or scientific software,FALSE
Palm Pal Transana,Project management software,FALSE
Palmtree EMS Field Reference Guide,Information retrieval or search software,FALSE
Palmtree Pocket EKG,Information retrieval or search software,FALSE
Palo Alto Networks Next-Generation Security Platform,Network security and virtual private network VPN equipment software,FALSE
PaloAlto Advertising Plan Pro,Data base user interface and query software,FALSE
Pan American Health Organization SIGEpi,Analytical or scientific software,FALSE
Panopto,Computer based training software,FALSE
Panorama NovaView,Data base reporting software,FALSE
Panorama Technologies ModelWeaver,Video creation and editing software,FALSE
Panoweaver Panorama,Graphics or photo imaging software,FALSE
ParAccel Analytic Database,Data base management system software,FALSE
ParTech PixelPoint POS,Point of sale POS software,FALSE
Paradigm SKUA-GOCAD,Computer aided design CAD software,FALSE
Paragon Financial Services Paragon Financial,Financial analysis software,FALSE
Parallel Geoscience SPW,Analytical or scientific software,FALSE
Parallel,Clustering software,FALSE
Parameter Estimation PEST,Analytical or scientific software,FALSE
Parasoft SOAtest,Program testing software,FALSE
Parature eRealtime,Network conferencing software,FALSE
Parature eTicket,Customer relationship management CRM software,FALSE
Parbat,Analytical or scientific software,FALSE
ParentSquare,Desktop communications software,FALSE
Parking access revenue control,Data base user interface and query software,FALSE
PartMaker SwissCAM,Computer aided manufacturing CAM software,FALSE
Partek Incorporated Partek Genomics Suite,Analytical or scientific software,FALSE
Partial class generator,Compiler and decompiler software,FALSE
Parts classification databases,Data base user interface and query software,FALSE
Parts database,Data base user interface and query software,FALSE
Pascal,Development environment software,FALSE
Pason WellView Field Solution,Data base user interface and query software,FALSE
Password cracker,Transaction security and virus protection software,FALSE
Password management,Authentication server software,FALSE
Past Inspection Query PIQ,Data base user interface and query software,FALSE
PastPerfect Software PastPerfect,Data base user interface and query software,FALSE
Patch and update management,Configuration management software,FALSE
Patch management,Configuration management software,FALSE
PathLogix,Medical software,FALSE
PathView Systems Progeny,Medical software,FALSE
Pathlore LMS,Computer based training software,FALSE
Pathogen Modeling Program PMP,Analytical or scientific software,FALSE
PathogenTracker,Data base user interface and query software,FALSE
Patient Health Questionaire,Medical software,FALSE
Patient billing,Billing and invoicing software,FALSE
Patient charting,Medical software,FALSE
Patient documentation,Medical software,FALSE
Patient electronic medical record EMR,Medical software,FALSE
Patient management,Medical software,FALSE
Patient medical record,Medical software,FALSE
Patient monitoring,Data base user interface and query software,FALSE
Patient record maintenance,Medical software,FALSE
Patient records software for personal digital assistants PDAs,Storage media loading software,FALSE
Patient satisfaction assessment,Analytical or scientific software,FALSE
Patient scheduling,Medical software,FALSE
Patient tracking,Medical software,FALSE
Pattern design,Computer aided design CAD software,FALSE
Pattern recognition,Analytical or scientific software,FALSE
Pattern searching,Analytical or scientific software,FALSE
PatternMaker,Computer aided design CAD software,FALSE
Patternmaking,Computer aided design CAD software,FALSE
Patterson Dental Supply Patterson EagleSoft,Medical software,FALSE
PayData Advanced HR,Time accounting software,FALSE
PayPal Zettle,Point of sale POS software,FALSE
Paychex payroll,Time accounting software,FALSE
Paycor payroll management,Human resources software,FALSE
Paylocity Web Pay,Time accounting software,FALSE
Payment processing,Point of sale POS software,FALSE
Payroll,Time accounting software,FALSE
Pd' Programming Intersection Magic,Analytical or scientific software,FALSE
Pear Deck,Presentation software,FALSE
Pear Technology Fieldman Farmer,Data base user interface and query software,FALSE
Pearson Education PHStat2,Analytical or scientific software,FALSE
Pearson PowerSchool,Enterprise resource planning ERP software,FALSE
PedHunter,Medical software,FALSE
Pedal Powered Software Bicycle Repair Man,Data base user interface and query software,FALSE
PediDraw,Medical software,FALSE
Pedigree drawing and management,Analytical or scientific software,FALSE
PedonCE,Data base user interface and query software,FALSE
Peer-to-Peer Financial Analysis,Financial analysis software,FALSE
Pegasus,Electronic mail software,FALSE
Pegasystems SmartBPM,Enterprise resource planning ERP software,FALSE
Pelion manufacturing process optimization MPO,Materials requirements planning logistics and supply chain software,FALSE
Pemimic Patient Relations Suite,Customer relationship management CRM software,FALSE
Peminic Patient Safety & Quality Suite,Medical software,FALSE
Penchant Software dispatchOffice,Data base user interface and query software,FALSE
Penetration testing,Transaction security and virus protection software,FALSE
Peninsula Software Quicktrack Pro,Inventory management software,FALSE
Penta,Accounting software,FALSE
Pentagon 2000SQL,Data base user interface and query software,FALSE
Pentaho Kettle,Metadata management software,FALSE
Pentana audit work system PAWS,Financial analysis software,FALSE
Penultimate,Word processing software,FALSE
Penzar TopSPICE,Analytical or scientific software,FALSE
People-Trak HR Essentials,Human resources software,FALSE
People-Trak,Human resources software,FALSE
PeopleNet,Materials requirements planning logistics and supply chain software,FALSE
Peopleclick AAPlanner,Human resources software,FALSE
Peopleclick CAAMS,Human resources software,FALSE
Peopleclick Monitor,Human resources software,FALSE
Peopleclick PayStat,Analytical or scientific software,FALSE
Per-Se Technologies ORSOS One-Call,Calendar and scheduling software,FALSE
Perceptive Software ImageNow,Analytical or scientific software,FALSE
Perceptive Software Intelligent Capture,Document management software,FALSE
PercipEnz Technologies OnCore-Clinical Research Management OnCore-CRM,Data base user interface and query software,FALSE
Pereless,Human resources software,FALSE
PerfectByte Ortho,Medical software,FALSE
PerfectLaw All-in-One Suite,Data base user interface and query software,FALSE
PerfectSoftware PerfectHR,Human resources software,FALSE
Perforce Helix,Configuration management software,FALSE
Perforce Software Configuration Management,Configuration management software,FALSE
Perforce,Metadata management software,FALSE
Performance Solutions Technology ManagePro,Customer relationship management CRM software,FALSE
Performance Systems Development TREAT,Analytical or scientific software,FALSE
Performance Technology Associates DocuTools,Desktop publishing software,FALSE
Performance database,Data base user interface and query software,FALSE
Perio charting,Medical software,FALSE
PerkinElmer ChemOffice Chem3D,Analytical or scientific software,FALSE
PerkinElmer ChemOffice ChemDraw,Analytical or scientific software,FALSE
PerkinElmer ChemOffice Suite,Analytical or scientific software,FALSE
PerkinElmer TurboMass,Analytical or scientific software,FALSE
PerkinElmer Turbochrom,Analytical or scientific software,FALSE
Perl,Object or component oriented development software,TRUE
Perl shell,Operating system software,FALSE
Permit administration,License management software,FALSE
Perseus SurveySolutions,Project management software,FALSE
Personable Workflow DMS,Document management software,FALSE
Personal computer diagnostic,Program testing software,FALSE
Personalized Software Childcare Manager,Enterprise resource planning ERP software,FALSE
Personnel management,Human resources software,FALSE
Personnel scheduling,Human resources software,FALSE
Petroleum Software Technologies,Analytical or scientific software,FALSE
Petschedule,Calendar and scheduling software,FALSE
Petz Enterprises V-Tax,Tax preparation software,FALSE
PhantomJS,Web platform development software,FALSE
Pharmaceutical,Medical software,FALSE
Pharmacy management,Enterprise resource planning ERP software,FALSE
Phase Forward Clintrial,Data base user interface and query software,FALSE
Phase Forward InForm GTM,Data base user interface and query software,FALSE
Phase One Capture One,Graphics or photo imaging software,FALSE
Philosopher's Information Center The Philosopher's Index,Data base user interface and query software,FALSE
Phoenix Integration ModelCenter,Analytical or scientific software,FALSE
PhoenixPRO Forest Activity Tracking,Data base user interface and query software,FALSE
PhoneGap,Development environment software,FALSE
Photo editing,Graphics or photo imaging software,FALSE
Photo enhancement,Graphics or photo imaging software,FALSE
PhotoModeler,Computer aided design CAD software,FALSE
Photogrammetric,Map creation software,FALSE
Photon Design CrystalWave,Computer aided design CAD software,FALSE
Photon Design FIMMPROP,Analytical or scientific software,FALSE
Photon Design FIMMWAVE,Computer aided design CAD software,FALSE
Photon Design OmniSim,Computer aided design CAD software,FALSE
Photon Design PICWave,Analytical or scientific software,FALSE
Phrap,Analytical or scientific software,FALSE
Phred,Analytical or scientific software,FALSE
Physical access management,Facilities management software,FALSE
Physical design,Computer aided design CAD software,FALSE
Physical education educational,Computer based training software,FALSE
PhysioTools Tools RG,Medical software,FALSE
Pi Blue OptWorks Excel,Financial analysis software,FALSE
PianoFX STUDIO,Music or sound editing software,FALSE
PianoRollComposer,Music or sound editing software,FALSE
Piazza,Computer based training software,FALSE
Piccolo Software PiccoloTaxi,Mobile location based services software,FALSE
Picis CareSuite,Data base user interface and query software,FALSE
PigCHAMP Care 3000,Data base user interface and query software,FALSE
Pile Dynamics Case Pile Wave Analysis Program CAPWAP,Analytical or scientific software,FALSE
Pile Dynamics Pile Driving Analyzer PDA,Analytical or scientific software,FALSE
Pilgrim Quality Solutions SmartSolve,Compliance software,FALSE
Pilgrim Regulatory Submission,Compliance software,FALSE
Pilot Navigator Software Load Balance,Analytical or scientific software,FALSE
Pimlico Software DateBk,Calendar and scheduling software,FALSE
Piney Creek Digital Protocol,Human resources software,FALSE
Ping Identity,Transaction security and virus protection software,FALSE
Ping,Transaction security and virus protection software,FALSE
Pipepro Pipefitting,Analytical or scientific software,FALSE
Piping and instrumentation design PID,Computer aided design CAD software,FALSE
Piping construction costs estimation,Project management software,FALSE
PipingOffice,Spreadsheet software,FALSE
Pitney Bowes ShipStream Manager,Materials requirements planning logistics and supply chain software,FALSE
Pivotal Z Prestige Scheduler,Materials requirements planning logistics and supply chain software,FALSE
Pix4D Pix4Dcapture,Analytical or scientific software,FALSE
Pix4D Pix4Dmapper,Analytical or scientific software,FALSE
Pix4D,Analytical or scientific software,FALSE
Pixar RenderMan Studio,Video creation and editing software,FALSE
Pixarra TwistedBrush,Graphics or photo imaging software,FALSE
Pixelmator,Graphics or photo imaging software,FALSE
Pixologic Zbrush,Graphics or photo imaging software,FALSE
Place-and-route,Computer aided design CAD software,FALSE
PlanGraphics Citywide GIS Utility,Geographic information system,FALSE
PlanPlus Pro,Financial analysis software,FALSE
PlanScan Portfolio Pathfinder,Financial analysis software,FALSE
PlanSwift,Project management software,FALSE
Planbox,Project management software,FALSE
Planet DDS Denticon,Medical software,FALSE
Planisware,Data base user interface and query software,FALSE
Planit Alphacam,Computer aided manufacturing CAM software,FALSE
Planmeca Oy Dimaxis,Graphics or photo imaging software,FALSE
Planstone,Project management software,FALSE
Plant Clearance Automated Reutilization Screening System PCARSS,Inventory management software,FALSE
Plant design management system PDMS,Computer aided design CAD software,FALSE
Plant information data entry,Data base user interface and query software,FALSE
Plant maintenance,Enterprise resource planning ERP software,FALSE
Plant management,Facilities management software,FALSE
Planview Clarizen,Project management software,FALSE
Planview Process Builder,Enterprise resource planning ERP software,FALSE
Plate reader,Medical software,FALSE
Plateau Learning Management System LMS,Computer based training software,FALSE
Platform as a service PaaS,Cloud-based data access and sharing software,FALSE
Platte River Associates BasinMod,Analytical or scientific software,FALSE
Pleier Audit Management,Financial analysis software,FALSE
Plex Systems Plex Manufacturing Cloud,Enterprise resource planning ERP software,FALSE
Plexis Software Plexis POS,Point of sale POS software,FALSE
Plimus Loan Artist,Financial analysis software,FALSE
Ploticus,Graphics or photo imaging software,FALSE
Plug-in file,Web page creation and editing software,FALSE
Plume modeling,Analytical or scientific software,FALSE
Point of sale POS bookstore,Point of sale POS software,FALSE
Point of sale POS parts and services,Point of sale POS software,FALSE
Point of sale POS payment,Point of sale POS software,FALSE
Point of sale POS restaurant,Point of sale POS software,FALSE
Point-of-View QWriter,Data base user interface and query software,FALSE
PointClickCare healthcare,Medical software,FALSE
Polaris Health Directions Polaris-MH,Medical software,FALSE
Polaris Microsystems AeroLog Pro,Data base user interface and query software,FALSE
Polaris Microsystems CharterLog,Data base user interface and query software,FALSE
Polaris parallelizing compilers,Compiler and decompiler software,FALSE
Polhemus FastSCAN,Computer aided design CAD software,FALSE
Polhemus Fasttrack,Analytical or scientific software,FALSE
Policy issuance,Data base user interface and query software,FALSE
Poll Everywhere,Presentation software,FALSE
PolyBayes,Analytical or scientific software,FALSE
PolyMap,Analytical or scientific software,FALSE
PolySystems Asset Delphi,Financial analysis software,FALSE
Polycom RealPresence,Video conferencing software,FALSE
Polymath Software POLYMATH,Analytical or scientific software,FALSE
Popkin System Architect,Requirements analysis and system architecture software,FALSE
Port scanners,Network monitoring software,FALSE
Portable document file creation,Data conversion software,FALSE
Portalgraphics openCanvas,Graphics or photo imaging software,FALSE
Portfolio analysis,Financial analysis software,FALSE
Portfolio management,Financial analysis software,FALSE
Portswigger BurP Suite,Transaction security and virus protection software,FALSE
Positive pay,Financial analysis software,FALSE
Positive train control PTC,Expert system software,FALSE
Post Once,Human resources software,FALSE
Post-processor,Computer aided manufacturing CAM software,FALSE
Postal Explorer,Mailing and shipping software,FALSE
Postal boundary mapping,Map creation software,FALSE
Postal tracking,Data base user interface and query software,FALSE
Posting,Inventory management software,FALSE
PostingPal,Human resources software,FALSE
Postman,Operating system software,FALSE
Potrace,Data conversion software,FALSE
Power Diary,Medical software,FALSE
Power Real Estate Letters,Expert system software,FALSE
Power Structure,Word processing software,FALSE
Power Tab Editor,Music or sound editing software,FALSE
Power analysis,Analytical or scientific software,FALSE
Power and Precision,Analytical or scientific software,FALSE
Power system modeling,Analytical or scientific software,FALSE
PowerCAD,Computer aided design CAD software,FALSE
PowerMed,Medical software,FALSE
PowerPlace Professional,Human resources software,FALSE
PowerSchool Group PowerSchool SIS,Data base user interface and query software,FALSE
PowerSchool SIS,Data base user interface and query software,FALSE
PowerSoft PowerBuilder,Object or component oriented development software,FALSE
PowerWorld Corporation PowerWorld Simulator,Analytical or scientific software,FALSE
PowerWorld,Analytical or scientific software,FALSE
Powersim PSIM,Analytical or scientific software,FALSE
Practice Management Technologies Visual Private Office,Medical software,FALSE
Practice Partner Patient Records,Medical software,FALSE
Practice Partner Total Practice Partner,Medical software,FALSE
Practice Technology Prevail,Project management software,FALSE
Practice management software PMS,Medical software,FALSE
Practice-Web Dental,Medical software,FALSE
PracticePRO Software Systems QuickPractice,Medical software,FALSE
PracticeSuite Complete Suite,Medical software,FALSE
PracticeWorks Systems Kodak WINOMS CS,Medical software,FALSE
PraxiPower PraxiSchool,Enterprise resource planning ERP software,FALSE
Preactor APS,Materials requirements planning logistics and supply chain software,FALSE
Preactor Finite Capacity Scheduling,Materials requirements planning logistics and supply chain software,FALSE
Precision Data Solutions VoicePower,Word processing software,FALSE
Precision TRA/X,Materials requirements planning logistics and supply chain software,FALSE
Precision analytical aerotriangulation pugging,Map creation software,FALSE
Predator DNC,Computer aided manufacturing CAM software,FALSE
PredictProtein,Analytical or scientific software,FALSE
Predictive toxicology,Analytical or scientific software,FALSE
Premier Software Simtrak Mobility,Data base user interface and query software,FALSE
Presagia Sports,Medical software,FALSE
Presagis Stage,Analytical or scientific software,FALSE
Prescription processing,Medical software,FALSE
Presentation graphics,Presentation software,FALSE
Preventive maintenance,Analytical or scientific software,FALSE
Prezi,Presentation software,FALSE
PricePoint,Data base user interface and query software,FALSE
PricewaterhouseCoopers TeamMate,Financial analysis software,FALSE
Prima Systems OPTIX,Medical software,FALSE
PrimaSoft PC Realtor Organizer Deluxe,Customer relationship management CRM software,FALSE
PrimaSoft PC Small Library Organizer Pro,Library software,FALSE
Primatech AUDITWorks,Compliance software,FALSE
Primavera Cost Management,Financial analysis software,FALSE
Prime Clinical,Accounting software,FALSE
Prime Debt Soft Debt Settlement,Financial analysis software,FALSE
Prime Debt Software Credit Repair,Financial analysis software,FALSE
Primer3,Analytical or scientific software,FALSE
Printed circuit board design,Computer aided design CAD software,FALSE
Printers Software Inc. Presidio,Data base user interface and query software,FALSE
Printing management,Data base user interface and query software,FALSE
Private Practice,Medical software,FALSE
Pro Systems Client Write-Up System for Windows,Accounting software,FALSE
Pro Writing Aid,Word processing software,FALSE
ProCAT Denoto,Word processing software,FALSE
ProCAT Winner,Word processing software,FALSE
ProDoc,Document management software,FALSE
ProEst Software ProEst Estimating,Analytical or scientific software,FALSE
ProForce Highlight Flyer Master,Expert system software,FALSE
ProForce Paralegal Pro-Pack,Desktop publishing software,FALSE
ProForce Ultimate Brochures,Expert system software,FALSE
ProModel,Process mapping and design software,FALSE
ProPay payment processing,Point of sale POS software,FALSE
ProQuest ABI/INFORM Global,Library software,FALSE
ProQuest Archive Finder,Information retrieval or search software,FALSE
ProQuest ERIC,Library software,FALSE
ProQuest Library and Information Science Abstracts LISA,Library software,FALSE
ProQuest Public Affairs Information Service (PAIS) database,Information retrieval or search software,FALSE
ProQuest RefWorks,Data base user interface and query software,FALSE
ProQuest RefWorks RefShare,Web page creation and editing software,FALSE
ProQuest Worldwide Political Science Abstracts,Information retrieval or search software,FALSE
ProSolutions Software Transcend,Data base user interface and query software,FALSE
ProTracker Advantage,Customer relationship management CRM software,FALSE
Probabilistic risk assessment PRA,Analytical or scientific software,FALSE
Procedure scheduling,Medical software,FALSE
Process Heating Assessment and Survey Tool PHAST,Analytical or scientific software,FALSE
Process control,Industrial control software,FALSE
Process reengineering,Project management software,FALSE
Process safety management,Data base user interface and query software,FALSE
Process simulation,Analytical or scientific software,FALSE
ProcessPro Premier,Enterprise resource planning ERP software,FALSE
Procore,Analytical or scientific software,TRUE
Prode PD-Plus,Analytical or scientific software,FALSE
ProducePak Mobile Farm Management,Data base user interface and query software,FALSE
Product development management,Enterprise resource planning ERP software,FALSE
Product lifecycle management PLM,Enterprise resource planning ERP software,FALSE
Product producer databases,Data base user interface and query software,FALSE
Product safety documentation,Compliance software,FALSE
Production Flow Analysis and Simplification Toolkit PFAST,Analytical or scientific software,FALSE
Production control,Industrial control software,FALSE
Production flow analysis,Analytical or scientific software,FALSE
Production planning,Materials requirements planning logistics and supply chain software,FALSE
Production scheduling and planning,Materials requirements planning logistics and supply chain software,FALSE
Production scheduling,Materials requirements planning logistics and supply chain software,FALSE
Production tracking,Inventory management software,FALSE
Professional Solutions ProCare,Enterprise resource planning ERP software,FALSE
Profilers,Program testing software,FALSE
Profit Developers Electronic File Interchange,Accounting software,FALSE
Profitool GearWatch,Inventory management software,FALSE
Profitool software (human resources feature),Human resources software,FALSE
Profitool software (time accounting feature),Time accounting software,FALSE
Progeny Software Progeny Clinical,Medical software,FALSE
Prognosis Innovation Healthcare ChartAccess,Medical software,FALSE
Prognosis Solutions ResolvPRM,Customer relationship management CRM software,FALSE
Program checksumming,Transaction security and virus protection software,FALSE
Program for Energy Analysis of Residences PEAR,Analytical or scientific software,FALSE
Program logging,Data base user interface and query software,FALSE
Programmable logic controller PLC code generation,Development environment software,FALSE
Programmable logic controller PLC,Industrial control software,FALSE
Programming language one PL/I,Development environment software,FALSE
Progress OpenEdge ABL,Development environment software,FALSE
Progress OpenEdge Application Server,Application server software,FALSE
Progress OpenEdge Fathom Replication,Data base management system software,FALSE
Progress Sonic ESB,Enterprise application integration software,FALSE
Progress WebSpeed Workshop,Web platform development software,FALSE
Project Manager Online ProjectManager.com,Project management software,FALSE
Project analysis and costing,Project management software,FALSE
Project data integration,Project management software,FALSE
Project estimation,Project management software,FALSE
Project planning,Project management software,FALSE
Project portfolio management PPM,Enterprise resource planning ERP software,FALSE
Project scheduling,Project management software,FALSE
Project visualization,Computer aided design CAD software,FALSE
Project-Open,Project management software,FALSE
Project.net,Enterprise resource planning ERP software,FALSE
ProjectLibre,Project management software,FALSE
ProjectSend,Internet protocol IP multimedia subsystem software,FALSE
Projecturf,Project management software,FALSE
Prolog,Development environment software,FALSE
Promine,Computer aided design CAD software,FALSE
Promium Element DataSystem LIMS,Analytical or scientific software,FALSE
Proof of delivery POD,Materials requirements planning logistics and supply chain software,FALSE
Propeller Multimedia React2,Medical software,FALSE
Propellerhead Software Reason,Music or sound editing software,FALSE
Property Boulevard,Data base user interface and query software,FALSE
Property Insight TitlePoint,Data base user interface and query software,FALSE
Property Solutions International ResidentPortal,Data base user interface and query software,FALSE
"Property damage, bodily injury, and liability estimation",Financial analysis software,FALSE
Property management system PMS,Data base user interface and query software,FALSE
Property records databases,Data base user interface and query software,FALSE
Property scheduling,Calendar and scheduling software,FALSE
PropertyBoss Solutions PropertyBoss,Data base user interface and query software,FALSE
PropertyInfo SureClose,Document management software,FALSE
PropertyView Solutions Remanage,Data base user interface and query software,FALSE
Propertyware,Data base user interface and query software,FALSE
Proportional integral derivative control PID,Analytical or scientific software,FALSE
Proscan,Analytical or scientific software,FALSE
Prosys Open Platform Communications unified architecture,Industrial control software,FALSE
ProtScale,Analytical or scientific software,FALSE
Protein Explorer,Analytical or scientific software,FALSE
Protein databases,Analytical or scientific software,FALSE
Proteus Engineering FastShip,Analytical or scientific software,FALSE
Protiviti Governance Portal,Compliance software,FALSE
Provalis Research Simstat,Analytical or scientific software,FALSE
Proxima Controller,Music or sound editing software,FALSE
PsyScope,Analytical or scientific software,FALSE
PsyScript,Analytical or scientific software,FALSE
PsyTech Solutions Epitomax,Medical software,FALSE
PsychAssistant,Medical software,FALSE
PsychNotesEMR,Medical software,FALSE
PsychSim,Computer based training software,FALSE
Psyche Systems LabWeb,Medical software,FALSE
Psyche Systems Systematic Blood Bank,Medical software,FALSE
Psyche Systems WindoPath,Medical software,FALSE
Psychiatric assessment,Medical software,FALSE
Psychiatric information databases,Data base user interface and query software,FALSE
Psychological testing,Medical software,FALSE
Psychology Software Tools E-Prime,Analytical or scientific software,FALSE
Psychology Software Tools MRI Simulator,Analytical or scientific software,FALSE
Psychometric testing,Analytical or scientific software,FALSE
Psychophysics Toolbox,Analytical or scientific software,FALSE
Psychrometric chart,Analytical or scientific software,FALSE
Psychsoft !Observe,Data base user interface and query software,FALSE
Psyquel,Medical software,FALSE
PuTTY,Access software,FALSE
Public Access to Court Electronic Records (PACER),Information retrieval or search software,FALSE
Public access to electronic court records PACER,Information retrieval or search software,FALSE
Public genomic databases,Analytical or scientific software,FALSE
Pulsar,Analytical or scientific software,FALSE
Pulse Software ChiroPulse 365,Medical software,FALSE
Pulse Train Bellview CAPTI,Data base user interface and query software,FALSE
Pulse Train Bellview Scan,Optical character reader OCR or scanning software,FALSE
Pulse Train Bellview TCI,Data base user interface and query software,FALSE
Pulse Train Bellview Web,Web page creation and editing software,FALSE
Pulse Train Pulser Web,Presentation software,FALSE
Pulse Train Visual QSL,Data base user interface and query software,FALSE
Purchasing,Procurement software,FALSE
PurchasingNet eProcurement,Procurement software,FALSE
Pure Data PD,Music or sound editing software,FALSE
Purkinje Dossier,Data base user interface and query software,FALSE
PySpark,Data base user interface and query software,FALSE
PyTorch,Data base user interface and query software,TRUE
Python Experimental Economics Toolkit PEET,Analytical or scientific software,FALSE
Python Tools for Visual Studio (PTVS),Object or component oriented development software,FALSE
Pyxis MedStation,Inventory management software,FALSE
Q-Chem,Analytical or scientific software,FALSE
QA Software QMS Materials Management,Materials requirements planning logistics and supply chain software,FALSE
QAD Adaptive ERP,Enterprise resource planning ERP software,FALSE
QAD Marketing Automation,Customer relationship management CRM software,FALSE
QAD shielding computer code,Analytical or scientific software,FALSE
QGIS,Geographic information system,FALSE
QMC CM4D,Data base user interface and query software,FALSE
QMSoftware Receivables Management,Accounting software,FALSE
QPSMR Limited CATI,Data base user interface and query software,FALSE
QPSMR Limited Input,Data base user interface and query software,FALSE
QPSMR Limited Insight,Data base user interface and query software,FALSE
QPSMR Limited Reflect,Presentation software,FALSE
QPuncture II,Medical software,FALSE
QSM SLIM Suite,Data base user interface and query software,FALSE
QSR International NVivo,Data base user interface and query software,FALSE
QUALCOMM Eudora,Electronic mail software,FALSE
QUALCOMM QTRACS,Analytical or scientific software,FALSE
QUALCOMM ViaWeb,Analytical or scientific software,FALSE
QUALCOMM eXtensible Diagnostic Monitor QxDM,Analytical or scientific software,FALSE
QUMAS quality management solution,Compliance software,FALSE
Qarbon ViewletBuilder Professional,Computer based training software,FALSE
Qaulis Research The Ethonograph,Analytical or scientific software,FALSE
Qchart,Medical software,FALSE
Qlik Tech QlikView,Business intelligence and data analysis software,FALSE
Qlik,Business intelligence and data analysis software,FALSE
Qpalm Acupuncture,Medical software,FALSE
Qqest TimeForce,Time accounting software,FALSE
Quad Software Grome,Graphics or photo imaging software,FALSE
Quadkey HR Server,Human resources software,FALSE
QuadraMed Affinity Healthcare Information,Medical software,FALSE
Quadralay WebWorks ePublisher,Web page creation and editing software,FALSE
Quadstone Paramics,Analytical or scientific software,FALSE
QualCorp FormsPlus,Enterprise resource planning ERP software,FALSE
Qualitative analysis,Analytical or scientific software,FALSE
Qualitech Solutions Dynamic Scheduling,Calendar and scheduling software,FALSE
Qualitica RentBoss,Data base user interface and query software,FALSE
Quality Plans & Software HVAC Calculator,Analytical or scientific software,FALSE
Quality Positioning Services Fledermaus,Analytical or scientific software,FALSE
Quality Software Systems LabHealth,Medical software,FALSE
Quality Systems Incorporated Safety Tagging,Data base user interface and query software,FALSE
Quality Systems International WinLIMS,Analytical or scientific software,FALSE
Quality control,Medical software,FALSE
Qualtrics Insight,Project management software,FALSE
Qualtrics Research Suite,Analytical or scientific software,FALSE
Qualys Cloud Platform,Cloud-based protection or security software,FALSE
Quantifying marketability discount QMD modeling,Financial analysis software,FALSE
Quantitative Micro Software EViews,Analytical or scientific software,FALSE
Quantrax Intelec,Customer relationship management CRM software,FALSE
Quantum Software Solutions Quantum Project Manager,Project management software,FALSE
QuantumWise Atomistix ToolKit,Analytical or scientific software,FALSE
Quark Immedia,Web page creation and editing software,FALSE
Quark enterprise publishing,Desktop publishing software,FALSE
QuarkXPress,Desktop publishing software,FALSE
Quest BigBrother,Network monitoring software,FALSE
Quest Central,Data base management system software,FALSE
Quest Erwin Data Modeler,Metadata management software,FALSE
Quest Foglight,Network monitoring software,FALSE
Quest SQL Optimizer for Oracle,Development environment software,FALSE
Quest SharePlex,Data base management system software,FALSE
QuestSuite Professional,Industrial control software,FALSE
QuestaWeb TradeMaster QW,Compliance software,FALSE
Questek Humanis,Human resources software,FALSE
Question interchange profile QUIP,Analytical or scientific software,FALSE
QuestionMark,Human resources software,FALSE
QuestionPro,Analytical or scientific software,FALSE
Questionmark Perception,Analytical or scientific software,FALSE
Questor Systems ARGUS,Data base user interface and query software,FALSE
Questor Systems QScan32,Data base user interface and query software,FALSE
Quick Notes PDQ Podiatry,Medical software,FALSE
Quick Notes QNotes Office EMR,Medical software,FALSE
Quick Plant Energy Profiler,Analytical or scientific software,FALSE
QuickBase business management,Data base user interface and query software,FALSE
QuickCogo,Analytical or scientific software,FALSE
QuickPen DuctDesigner 3D,Computer aided design CAD software,FALSE
QuickQuote QuickFile Agency Management,Enterprise resource planning ERP software,FALSE
Quicken,Accounting software,FALSE
QuikDraw Loan Management,Financial analysis software,FALSE
Quizlet,Computer based training software,FALSE
Quorum PGAS,Data base user interface and query software,FALSE
Quote Software QuoteExpress,Analytical or scientific software,FALSE
QuoteWerks,Financial analysis software,FALSE
QwikQuote,Financial analysis software,FALSE
RADAN Radbend,Computer aided manufacturing CAM software,FALSE
RAE Systems HazRAE,Data base user interface and query software,FALSE
RAT-STATS,Analytical or scientific software,FALSE
RBS GoTour Online,Customer relationship management CRM software,FALSE
RCL Software Media Library Manager,Library software,FALSE
RCS GSelector,Calendar and scheduling software,FALSE
RCS NexGen Digital,Facilities management software,FALSE
REDCap Research Electronic Data Capture,Analytical or scientific software,FALSE
REDUCE,Analytical or scientific software,FALSE
REI Wise Commercial,Financial analysis software,FALSE
RESRAD,Analytical or scientific software,FALSE
REST Assured,Program testing software,FALSE
REScheck,Analytical or scientific software,FALSE
RETScreen,Analytical or scientific software,FALSE
RFID,Inventory management software,FALSE
RFMS Schedule Pro,Calendar and scheduling software,FALSE
RGA AURA,Financial analysis software,FALSE
RGA Facultative Application Console,Financial analysis software,FALSE
RIETAN,Analytical or scientific software,FALSE
RISA Technologies RISA-3D,Computer aided design CAD software,FALSE
RISA Technologies RISAMasonry,Project management software,FALSE
RISC Virtual Training Assistant,Computer based training software,FALSE
RIVERMorph,Data base user interface and query software,FALSE
RIVS automated interview,Human resources software,FALSE
RMS Technology Flitesoft,Data base user interface and query software,FALSE
RNA sequencing,Analytical or scientific software,FALSE
RPIS Silent CMA,Financial analysis software,FALSE
RPIS Silent Flyer,Expert system software,FALSE
RSA RadCalc,Analytical or scientific software,FALSE
RSAC Riparian Mapping,Map creation software,FALSE
RSI ENVI,Analytical or scientific software,FALSE
RSI interactive data language IDL,Analytical or scientific software,FALSE
RSM McGladrey Advanced Practice Solutions Paperless Audit,Financial analysis software,FALSE
RSM McGladrey Auditor Assistant,Financial analysis software,FALSE
RSM McGladrey Clear Pay,Time accounting software,FALSE
RSS Solutions NaView,Materials requirements planning logistics and supply chain software,FALSE
RTA Fleet Management,Industrial control software,FALSE
RTI International SUDAAN,Analytical or scientific software,FALSE
RV Damage Repair Estimator,Data base user interface and query software,FALSE
RVR Systems Compliance,Compliance software,FALSE
Rabbit Semiconductor Dynamic C,Compiler and decompiler software,FALSE
RabbitMQ,Object or component oriented development software,FALSE
Rad Pro Calculator,Analytical or scientific software,FALSE
Radar,Analytical or scientific software,FALSE
Radiant Systems CounterPoint,Enterprise resource planning ERP software,FALSE
Radiation dose calculation,Medical software,FALSE
Radiation therapy equipment,Medical software,FALSE
Radio Beacon WMS,Materials requirements planning logistics and supply chain software,FALSE
Radio frequency identification RFID,Inventory management software,FALSE
Radiological assessment display and control system RADACS,Analytical or scientific software,FALSE
Radiology information systems (RIS),Medical software,FALSE
Radiopharmacy inventory databases,Medical software,FALSE
Radius NetMan,Industrial control software,FALSE
Radius Uni-View,Industrial control software,FALSE
Rail Traffic Track Warrant Control,Expert system software,FALSE
RailComm DocYard,Industrial control software,FALSE
RailTech Software Solutions Rail 21 Management,Inventory management software,FALSE
RailTech Software Systems Mars for the 21st Century,Accounting software,FALSE
Railcar inspection management,Facilities management software,FALSE
Railyard inventory,Inventory management software,FALSE
Railyard management software RMS,Data base user interface and query software,FALSE
RamQuest Total Solution,Enterprise resource planning ERP software,FALSE
RamSoft PowerServer RIS/PACS,Medical software,FALSE
Ramesys Hospitality,Facilities management software,FALSE
Rand McNally World Digital Database,Information retrieval or search software,FALSE
Random forest,Analytical or scientific software,FALSE
Raosoft SURVEYWin,Data base user interface and query software,FALSE
Rapid Assessment Tools R.A.T.,Analytical or scientific software,FALSE
Rapid Intake Unison,Computer based training software,FALSE
Rapid Medical Examiners,Data base user interface and query software,FALSE
Rapid application development RAD,Enterprise application integration software,FALSE
Rapid prototyping,Computer aided manufacturing CAM software,FALSE
Rapid-I RapidMiner,Data mining software,FALSE
Rapid7 Nexpose,Transaction security and virus protection software,FALSE
Rapid7,Transaction security and virus protection software,FALSE
Rapide,Object or component oriented development software,FALSE
Rapiscan Threat Image Projection,Computer based training software,FALSE
RasMol,Analytical or scientific software,FALSE
Rasmussen Software Anzio,Network connectivity terminal emulation software,FALSE
Raster graphics editors,Graphics or photo imaging software,FALSE
Rate calculation,Analytical or scientific software,FALSE
Ravenshead Services WriteItNow,Word processing software,FALSE
RazorSync,Data base user interface and query software,FALSE
Re:discovery Software Proficio,Data base user interface and query software,FALSE
ReCrystallize Crystal Reports,Data base reporting software,FALSE
ReServe Interactive,Data base user interface and query software,FALSE
ReSoft WindFarm,Analytical or scientific software,FALSE
React Native,Web platform development software,FALSE
React Redux,Web platform development software,FALSE
Reactor excursion and release analysis program RELAP,Analytical or scientific software,FALSE
ReadSoft,Document management software,FALSE
ReadyTalk,Network conferencing software,FALSE
Real Edge,Financial analysis software,FALSE
Real Estate Assistant REA,Customer relationship management CRM software,FALSE
Real Estate Center Caparate Calculator,Financial analysis software,FALSE
Real Pro,Financial analysis software,FALSE
Real ear measurement REM,Medical software,FALSE
Real estate and tax,Data base user interface and query software,FALSE
Real estate application contract transmission REACT,Financial analysis software,FALSE
Real estate investment analysis,Financial analysis software,FALSE
Real estate listing databases,Data base user interface and query software,FALSE
Real time operating system RTOS,Operating system software,FALSE
RealBenefits Amortization Loan,Financial analysis software,FALSE
RealData Comparative Lease Analysis,Financial analysis software,FALSE
RealData REIA,Analytical or scientific software,FALSE
RealEasyBooks ezREB,Accounting software,FALSE
RealFlow,Graphics or photo imaging software,FALSE
RealPage OneSite,Data base user interface and query software,FALSE
Reality Star ProAGENT Power Series Presentations,Presentation software,FALSE
Realization Streamliner,Project management software,FALSE
Really Simple Syndication RSS,Web page creation and editing software,FALSE
Realm Business Solutions INSIGHT for ARGUS,Financial analysis software,FALSE
Realtors Property Resource RPR,Data base reporting software,FALSE
Realty Tools Toolkit for Market Share,Financial analysis software,FALSE
RealtyStar AgentOffice,Office suite software,FALSE
RealtyStar Real Estate Assistant,Customer relationship management CRM software,FALSE
RebarWin,Data base user interface and query software,FALSE
Recipe cost control,Materials requirements planning logistics and supply chain software,FALSE
Recipe,Data base user interface and query software,FALSE
RecordKeeper Software School RecordKeeper,Enterprise resource planning ERP software,FALSE
Recordkeeping,Data base user interface and query software,FALSE
Records management,Document management software,FALSE
Recovery audit,Financial analysis software,FALSE
Recovery testing,Program testing software,FALSE
RecoveryPlanner RPX,Enterprise resource planning ERP software,FALSE
Recruit Wizard,Human resources software,FALSE
RecruitTrack,Human resources software,FALSE
Recruitment management,Human resources software,FALSE
Recruitpoint.net,Human resources software,FALSE
Red Giant Trapcode Particular,Graphics or photo imaging software,FALSE
Red Hat Ansible Engine,Configuration management software,FALSE
Red Hat Enterprise Linux,Operating system software,TRUE
Red Hat OpenShift,Application server software,TRUE
Red Hat WildFly,Application server software,FALSE
Red Prarie Warehouse Management,Materials requirements planning logistics and supply chain software,FALSE
Red Rock DeltaGraph,Analytical or scientific software,FALSE
Red Sweater MarsEdit,Web page creation and editing software,FALSE
Red Wing Software CenterPoint Accounting for Agriculture,Accounting software,FALSE
RedBerry Logistics,Materials requirements planning logistics and supply chain software,FALSE
RedPrairie DLx Warehouse,Inventory management software,FALSE
RedPrairie E2e,Materials requirements planning logistics and supply chain software,FALSE
RedSky IT Entirety e-Booking,Facilities management software,FALSE
Redgate SQL Server,Administration software,FALSE
Redi Enterprise Development Redi ERM,Financial analysis software,FALSE
Rediker Software School Office Suite,Enterprise resource planning ERP software,FALSE
Redmine,Project management software,FALSE
Redrock Software TutorTrac,Data base user interface and query software,FALSE
Redtail Technology Our Business Online,Customer relationship management CRM software,FALSE
Reference management,Data base user interface and query software,FALSE
"Refugee, Asylum and Parole System RAPS",Data base user interface and query software,FALSE
RegMon,Program testing software,FALSE
Regional Energy Deployment System ReEDS,Analytical or scientific software,FALSE
Register transfer language RTL,Development environment software,FALSE
Regnow Chrysanth Inventory Manager,Inventory management software,FALSE
Regression testing,Program testing software,FALSE
Regulatory agency compliance,Compliance software,FALSE
Regulatory compliance management,Compliance software,FALSE
Regulussoft Route Accounting,Data base user interface and query software,FALSE
Rehab Documentation Company ReDoc Suite,Medical software,FALSE
Reimbursement screening,Medical software,FALSE
Relational database management,Data base management system software,FALSE
Relational database management system RDMS,Data base management system software,FALSE
Relational database,Data base user interface and query software,FALSE
Relative Values for Physicians,Analytical or scientific software,FALSE
Relativity e-Discovery,Data base user interface and query software,FALSE
Relavis CRM Portal,Customer relationship management CRM software,FALSE
Relex FMEA,Analytical or scientific software,FALSE
Relex Weibull,Analytical or scientific software,FALSE
ReliaSoft Alta 6 Pro,Analytical or scientific software,FALSE
ReliaSoft BlockSim,Analytical or scientific software,FALSE
ReliaSoft Prism,Data base user interface and query software,FALSE
ReliaSoft RCM++,Analytical or scientific software,FALSE
ReliaSoft Weibull++ 6,Analytical or scientific software,FALSE
ReliaSoft XFMEA,Analytical or scientific software,FALSE
Reliability analysis,Analytical or scientific software,FALSE
Reliability centered maintenance RCM,Analytical or scientific software,FALSE
Reliability information,Data base user interface and query software,FALSE
Reliass EAGLE,Analytical or scientific software,FALSE
Remedy Interactive iMitigate,Data base user interface and query software,FALSE
Remote access call center,Access software,FALSE
Remote access,Access software,FALSE
Remote authentication dial-in user service RADIUS,Authentication server software,FALSE
Remote control,Desktop communications software,FALSE
Remote deposit capture,Access software,FALSE
Remote desktop control,Access software,FALSE
Remote install server,Network operation system software,FALSE
Remote monitoring,Network monitoring software,FALSE
Remote operated vehicle ROV dive log,Data base user interface and query software,FALSE
Remote sensing,Analytical or scientific software,FALSE
Renaissance MasterCarpenter,Information retrieval or search software,FALSE
Renoise,Music or sound editing software,FALSE
RepairTRAX,Data base user interface and query software,FALSE
RepeatMasker,Analytical or scientific software,FALSE
Report generation,Word processing software,FALSE
Report writing,Word processing software,FALSE
ReporterWorks,Enterprise resource planning ERP software,FALSE
RequireJS,Web platform development software,FALSE
Requirements analysis,Requirements analysis and system architecture software,FALSE
Requirements management,Requirements analysis and system architecture software,FALSE
RescueConnection Software ShelterConntection,Data base user interface and query software,FALSE
Research Spectrum Survent CATI,Data base user interface and query software,FALSE
Reservation,Data base user interface and query software,FALSE
Residential home inspection form,Word processing software,FALSE
Resolve Legislative Compliance Management,Compliance software,FALSE
Resolve Systems Service Management,Data base user interface and query software,FALSE
Resort Data Processing,Facilities management software,FALSE
Resource Edge TalentHook Sphere,Human resources software,FALSE
Resource Ordering and Statusing System ROSS,Project management software,FALSE
Resource and patient management system RPMS patient registration,Data base reporting software,FALSE
Resource and patient management system RPMS scheduling,Calendar and scheduling software,FALSE
ResourceMate Plus,Library software,FALSE
Resources Calculations Incorporated SoftCost,Analytical or scientific software,FALSE
Respondus,Computer based training software,FALSE
Restaurant Manager,Point of sale POS software,FALSE
Restaurant Operations & Management Spreadsheet Library,Spreadsheet software,FALSE
RestaurantPlus PRO,Point of sale POS software,FALSE
Restructured extended executor REXX,Development environment software,FALSE
Results International Systems Artius Suite,Enterprise resource planning ERP software,FALSE
Resume converter,Human resources software,FALSE
Resume extraction and search,Human resources software,FALSE
Resume processing,Human resources software,FALSE
ResumeRobot,Human resources software,FALSE
Retail management,Data base user interface and query software,FALSE
Retail sales,Point of sale POS software,FALSE
Retain Resource Planning,Enterprise resource planning ERP software,FALSE
Retargetable compiler,Compiler and decompiler software,FALSE
Rethink Ed,Computer based training software,FALSE
Retirement planning,Financial analysis software,FALSE
Retrofit Energy Savings Estimation Model RESEM,Analytical or scientific software,FALSE
Reudink Software ZooEasy,Data base user interface and query software,FALSE
Revcad Software Sheet Lightning,Computer aided design CAD software,FALSE
Reveal Systems Truewire,Expert system software,FALSE
Revelwood,Enterprise resource planning ERP software,FALSE
Reverse engineering,Computer aided design CAD software,FALSE
Revised universal soil loss equation RUSLE,Analytical or scientific software,FALSE
Revision control,Configuration management software,FALSE
Reyburn CyberTuner,Analytical or scientific software,FALSE
Rezdy booking,Calendar and scheduling software,FALSE
Rezgo online booking,Calendar and scheduling software,FALSE
Rezopia,Data base user interface and query software,FALSE
RhinoSoft FTP Voyager,Desktop communications software,FALSE
Rhythm Rascal,Music or sound editing software,FALSE
RibbonSoft QCad,Computer aided design CAD software,FALSE
Rice Simulator for ILP Multiprocessors RSIM,Analytical or scientific software,FALSE
Riege Software International Procars,Materials requirements planning logistics and supply chain software,FALSE
Right Reason Technologies RightTrack,Computer based training software,FALSE
Rinda Technologies DIACOM Marine,Analytical or scientific software,FALSE
RiscStation POSSum,Point of sale POS software,FALSE
Risk analysis,Analytical or scientific software,FALSE
Risk assessment,Network security or virtual private network VPN management software,FALSE
Risk management,Risk management data and analysis software,FALSE
RiskMetrics Group WealthBench,Financial analysis software,FALSE
Risoe National Laboratory Wind Atlas Analysis and Application Program WAsP,Analytical or scientific software,FALSE
River Lake Altimetry Product,Data base user interface and query software,FALSE
Riverbed Technology,Administration software,FALSE
Road design,Computer aided design CAD software,FALSE
Roam Devices Roam Marine Monitor Hub,Expert system software,FALSE
Robot Framework,Program testing software,FALSE
RobotWare DieCast,Computer aided manufacturing CAM software,FALSE
Robotic control,Industrial control software,FALSE
Robotic painting,Industrial control software,FALSE
Robotic simulation,Analytical or scientific software,FALSE
Robotic surgery,Medical software,FALSE
Robotic workstation,Industrial control software,FALSE
Robotics Academy ROBOTC,Computer aided design CAD software,FALSE
Robust Software Overseer Suite,Enterprise resource planning ERP software,FALSE
Roche 454 Life Sciences GS Data Analysis,Analytical or scientific software,FALSE
RockWare ArcMap,Map creation software,FALSE
RockWare ChemFlux,Analytical or scientific software,FALSE
RockWare DepthCon2000,Analytical or scientific software,FALSE
RockWare Erupt,Analytical or scientific software,FALSE
RockWare FIRSTPIX,Analytical or scientific software,FALSE
RockWare GRADIX,Analytical or scientific software,FALSE
RockWare GeoTrig,Analytical or scientific software,FALSE
RockWare Geochemist's Workbench GWB,Analytical or scientific software,FALSE
RockWare Grav2Dc,Analytical or scientific software,FALSE
RockWare Jlog,Analytical or scientific software,FALSE
RockWare MODFLOW,Analytical or scientific software,FALSE
RockWare MicroMODEL,Analytical or scientific software,FALSE
RockWare Plan,Analytical or scientific software,FALSE
RockWare Potent,Analytical or scientific software,FALSE
RockWare QuickSyn,Analytical or scientific software,FALSE
RockWare RockPack III,Analytical or scientific software,FALSE
RockWare RockWorks,Geographic information system,FALSE
RockWare SieveGraph,Graphics or photo imaging software,FALSE
RockWare Stratbugs,Data base user interface and query software,FALSE
RockWare VEGO,Analytical or scientific software,FALSE
RockWare Visual STUNT,Analytical or scientific software,FALSE
RockWare WinSism,Analytical or scientific software,FALSE
Rocket/Folio NXT,Desktop publishing software,FALSE
Rockport Integrated Excel Underwriting,Spreadsheet software,FALSE
Rockware CrossLog,Analytical or scientific software,FALSE
Rockwell Automation Arena,Analytical or scientific software,FALSE
Rockwell Automation,Development environment software,FALSE
Rockwell RSLogix,Program testing software,FALSE
Rockwell RSView,Industrial control software,FALSE
Rogers Software Development SuperSalon,Data base user interface and query software,FALSE
Rogue Wave Software IMSL Numerical Libraries,Analytical or scientific software,FALSE
Roof Builder,Computer aided design CAD software,FALSE
Roof Pro Estimate Software Roof Pro,Data base user interface and query software,FALSE
Roof support design,Computer aided design CAD software,FALSE
RoofLogic,Data base user interface and query software,FALSE
Roofing Calculator,Analytical or scientific software,FALSE
Root Systems SPS Process Management,Customer relationship management CRM software,FALSE
Root cause analysis,Analytical or scientific software,FALSE
Root kit detection,Transaction security and virus protection software,FALSE
Rosch Visionary Systems Visionary Allergy Tracker,Medical software,FALSE
RoseRush Services Shelter Pro,Data base user interface and query software,FALSE
Ross Video Xpression,Video creation and editing software,FALSE
RoughDraft,Word processing software,FALSE
Roundabout Delay RODEL,Analytical or scientific software,FALSE
Roundtable Software Advantage Accounting,Accounting software,FALSE
Route,Network monitoring software,FALSE
Route mapping,Route navigation software,FALSE
Route planning,Map creation software,FALSE
Router,Switch or router software,FALSE
Routeware,Map creation software,FALSE
Routing,Route navigation software,FALSE
Roxio Retrospect,Backup or archival software,FALSE
Royal Alliance VISION2020 Core,Customer relationship management CRM software,FALSE
Ruby,Development environment software,TRUE
Ruby on Rails,Web platform development software,FALSE
RungePincockMinarco XERAS,Financial analysis software,FALSE
RungePincockMinarco XPAC,Analytical or scientific software,FALSE
Rust programming language,Development environment software,FALSE
RxKinetics UD Labels for Windows,Label making software,FALSE
Rytech Software Small Business Inventory Control,Inventory management software,FALSE
S&P Capital IQ,Information retrieval or search software,FALSE
S-Plus,Analytical or scientific software,FALSE
SACLANTCEN,Map creation software,FALSE
SAFARI Video Networks eZediaQTI,Web page creation and editing software,FALSE
SAIC government services and IT support,Industrial control software,FALSE
SAND,Data base management system software,FALSE
SAP APO,Analytical or scientific software,FALSE
SAP Adaptive Server Enterprise,Data base user interface and query software,FALSE
SAP Americas mySAP ERP Human Capital Management HCM,Time accounting software,FALSE
SAP Ariba,Procurement software,FALSE
SAP BEx Report Designer,Data base reporting software,FALSE
SAP Business Intelligence,Data base reporting software,FALSE
SAP Business Objects,Enterprise resource planning ERP software,FALSE
SAP Business One,Enterprise resource planning ERP software,FALSE
SAP BusinessObjects Crystal Reports,Data base reporting software,FALSE
SAP BusinessObjects Data Integrator,Enterprise application integration software,FALSE
SAP BusinessObjects Desktop Intelligence,Data base user interface and query software,FALSE
SAP Concur,Accounting software,TRUE
SAP Crystal Reports,Data base reporting software,FALSE
SAP Crystal Xcelsius,Presentation software,FALSE
SAP Customs Management,Project management software,FALSE
SAP DMS,Document management software,FALSE
SAP EHS Management,Compliance software,FALSE
SAP ERP,Enterprise resource planning ERP software,TRUE
SAP ERP Financials,Enterprise resource planning ERP software,FALSE
SAP ERP Human Capital Management,Enterprise resource planning ERP software,FALSE
SAP ERP Operations,Enterprise resource planning ERP software,FALSE
SAP IQ,Data base management system software,FALSE
SAP Maintenance,Enterprise resource planning ERP software,FALSE
SAP Master Data Management MDM,Metadata management software,FALSE
SAP NetWeaver,Enterprise application integration software,FALSE
SAP NetWeaver BW,Data mining software,FALSE
SAP POS Data Management,Point of sale POS software,FALSE
SAP PowerBuilder,Object or component oriented development software,FALSE
SAP PowerDesigner,Metadata management software,FALSE
SAP Replication Server,Data base management system software,FALSE
SAP SCM,Materials requirements planning logistics and supply chain software,FALSE
SAP Sybase SQL Anywhere,Customer relationship management CRM software,FALSE
SAP business and customer relations management,Enterprise resource planning ERP software,FALSE
SAS Data Integration Server,Metadata management software,FALSE
SAS Data Integration Studio,Enterprise application integration software,FALSE
SAS Enterprise Miner,Data mining software,FALSE
SAS JMP,Analytical or scientific software,FALSE
SAS/CONNECT,Enterprise application integration software,FALSE
SAS/Genetics,Analytical or scientific software,FALSE
SAS/STAT,Analytical or scientific software,FALSE
SBC Systems Benefits Workstation,Human resources software,FALSE
SBS International Maestro Suite,Calendar and scheduling software,FALSE
SBS Keystroke,Point of sale POS software,FALSE
SCALE ORIGEN-S point depletion and decay code,Analytical or scientific software,FALSE
SCC Soft Computer SoftA/R,Accounting software,FALSE
SCC Soft Computer SoftBank,Medical software,FALSE
SCC Soft Computer SoftDonor,Medical software,FALSE
SCC Soft Computer SoftLab,Medical software,FALSE
SCC Soft Computer SoftPath,Medical software,FALSE
SDA Survey,Analytical or scientific software,FALSE
SDS Software Solutions DayCare Information Systems PRO,Enterprise resource planning ERP software,FALSE
SEA.AI Offshore ONE,Mobile location based services software,FALSE
SEDCAD,Computer aided design CAD software,FALSE
SEMC-2D,Analytical or scientific software,FALSE
SGeMS,Analytical or scientific software,FALSE
SHIPNEXT,Materials requirements planning logistics and supply chain software,FALSE
SIDRA INTERSECTION,Analytical or scientific software,FALSE
SIL International The Linguist's Shoebox,Analytical or scientific software,FALSE
SIS SEMCI PARTNER,Enterprise resource planning ERP software,FALSE
SKILL FMEA,Object or component oriented development software,FALSE
SKM Systems Analysis Power,Analytical or scientific software,FALSE
SMART service management and route tracking,Data base user interface and query software,FALSE
SMEsource BillingOrchard,Billing and invoicing software,FALSE
SMS Valet,Point of sale POS software,FALSE
SMSi Twister Data Integrator,Enterprise application integration software,FALSE
SNOINO RCM Pro,Analytical or scientific software,FALSE
SNOINO Ttree,Analytical or scientific software,FALSE
SOAPware EMR,Medical software,FALSE
SOLAR-2,Analytical or scientific software,FALSE
SPAW,Analytical or scientific software,FALSE
SPLAT!,Analytical or scientific software,FALSE
SPMLab,Analytical or scientific software,FALSE
SPX/OTC Genisys ConnecTech PC,Analytical or scientific software,FALSE
SQLite,Data base management system software,FALSE
SRC Cash Flow Analyzer Pro,Financial analysis software,FALSE
SRC Cash Flow Forecasting,Accounting software,FALSE
SRSsoft SRS EHR,Medical software,FALSE
SS&C PTS,Financial analysis software,FALSE
SS&C Technologies Skyline Property Management,Data base user interface and query software,FALSE
SSA Global BPCS,Enterprise resource planning ERP software,FALSE
SSA Global Infinium Financial Management,Enterprise resource planning ERP software,FALSE
SSA Global Supply Chain Management,Materials requirements planning logistics and supply chain software,FALSE
SSA Global Warehouse Management System WMS,Materials requirements planning logistics and supply chain software,FALSE
SST Development Group SSToolbox,Analytical or scientific software,FALSE
SST Development Group Stratus,Data base user interface and query software,FALSE
STARLIMS,Medical software,FALSE
STAT! Systems QD Clinical,Medical software,FALSE
STATISTICA,Analytical or scientific software,FALSE
STI Computer Services ChartMaker,Medical software,FALSE
SUPREM,Analytical or scientific software,FALSE
SURFDriver Software WinSURF,Analytical or scientific software,FALSE
SUSTAIN Justice Edition,Data base user interface and query software,FALSE
SVArTracker,Music or sound editing software,FALSE
SVRPLOT,Analytical or scientific software,FALSE
SWIVEL,Materials requirements planning logistics and supply chain software,FALSE
SYSPRO business,Enterprise resource planning ERP software,FALSE
SYSTAT,Analytical or scientific software,FALSE
SaTScan,Analytical or scientific software,FALSE
SaaS SurveyMonkey,Project management software,FALSE
Saba Centra,Computer based training software,FALSE
Sabre Airline Solutions SabreSonic Customer Sales & Service,Customer relationship management CRM software,FALSE
Sabre Airline Solutions SabreSonic Ticket,Data base user interface and query software,FALSE
Sabre Central Command,Enterprise resource planning ERP software,FALSE
Sabre travel agent,Aviation ground support software,FALSE
Safari Software Products Safari,Human resources software,FALSE
Safe Software FME,Analytical or scientific software,FALSE
Safety Software OSHALOG 300,Data base user interface and query software,FALSE
Safety Status Measurement System SafeStat,Data base user interface and query software,FALSE
Safety instrumented system SIS,Industrial control software,FALSE
Safety integrity level SIL,Compliance software,FALSE
"Safety, health, and environmental management",Compliance software,FALSE
Saga Practice Manager,Data base user interface and query software,FALSE
Sage 100 Contractor,Data base user interface and query software,FALSE
Sage 100 ERP,Enterprise resource planning ERP software,FALSE
Sage 300 Construction and Real Estate,Data base user interface and query software,FALSE
Sage 50 Accounting,Accounting software,FALSE
Sage Accounting,Analytical or scientific software,FALSE
Sage Active Planner,Enterprise resource planning ERP software,FALSE
Sage BusinessWorks,Accounting software,FALSE
Sage CPAAccounts Payable,Accounting software,FALSE
Sage CPAAccounts Receivable,Accounting software,FALSE
Sage CPAClient Checkbook,Accounting software,FALSE
Sage CPADocument Manager,Document management software,FALSE
Sage Construction Anywhere,Project management software,FALSE
Sage EDP Payroll Tax,Compliance software,FALSE
Sage ERP Accpac,Enterprise resource planning ERP software,FALSE
Sage Fixed Asset Solution FAS,Accounting software,FALSE
Sage HRMS,Human resources software,FALSE
Sage HandiSoft HandiLedger,Compliance software,FALSE
Sage MAS 200 ERP,Enterprise resource planning ERP software,FALSE
Sage MAS 500,Financial analysis software,FALSE
Sage MAS 90 ERP,Enterprise resource planning ERP software,FALSE
Sage MIP Fund Accounting,Accounting software,FALSE
Sage Medical Manager,Accounting software,FALSE
Sage Peachtree Premium Accounting for Manufacturing,Accounting software,FALSE
Sage Platinum for Windows PFW,Enterprise resource planning ERP software,FALSE
Sage Reference Online,Information retrieval or search software,FALSE
Sage SalesLogix,Customer relationship management CRM software,FALSE
Sage Simply Accounting,Accounting software,FALSE
Sage Software Sage50,Accounting software,FALSE
Sage Timeslips,Time accounting software,FALSE
Sageworks ProfitCents,Accounting software,FALSE
Saigun Technologies EmpXtrack,Human resources software,FALSE
Sakai CLE,Computer based training software,FALSE
Salary.com,Data base user interface and query software,FALSE
Sale processing,Point of sale POS software,FALSE
Sales Automation,Sales and marketing software,FALSE
Sales Tax Tools Sales Tax Researcher,Financial analysis software,FALSE
Sales analysis,Financial analysis software,FALSE
Sales force automation,Customer relationship management CRM software,FALSE
Sales management,Point of sale POS software,FALSE
Sales processing,Point of sale POS software,FALSE
SalesInSync,Data base reporting software,FALSE
Salesforce Marketing Cloud,Web page creation and editing software,FALSE
Salesforce Visualforce,Graphical user interface development software,FALSE
Salesforce,Customer relationship management CRM software,TRUE
Salesforce.com Salesforce CRM,Customer relationship management CRM software,FALSE
Salford Systems CART,Data mining software,FALSE
Salford Systems TreeNet,Analytical or scientific software,FALSE
Salix Applied Earthcare Erosion Draw,Analytical or scientific software,FALSE
Samarind RMS,Compliance software,FALSE
Samba,Filesystem software,FALSE
SamePage StudioCRM,Customer relationship management CRM software,FALSE
Sampson Data Pattern Index,Financial analysis software,FALSE
Sanders Software Consulting FarmBooks,Accounting software,FALSE
Saner Software ShrinkRapt,Medical software,FALSE
Santa Maria Software Counterman Pro,Point of sale POS software,FALSE
Saora Keepoint,Data base user interface and query software,FALSE
Saperion ECM,Document management software,FALSE
Sapro Systems Paymee,Accounting software,FALSE
SatView,Analytical or scientific software,FALSE
Satellite database,Data base user interface and query software,FALSE
Satellite image databases,Data base user interface and query software,FALSE
Satori Group proCube,Financial analysis software,FALSE
Satori Paint,Graphics or photo imaging software,FALSE
Savant MobileRanger,Data base user interface and query software,FALSE
SavingFace,Graphics or photo imaging software,FALSE
Savitr RecruitX,Human resources software,FALSE
Sawhney ExecPlan,Financial analysis software,FALSE
Sawtooth Choice-Base Conjoint CBS,Analytical or scientific software,FALSE
Sawtooth Composite Product Mapping CPM,Analytical or scientific software,FALSE
Sawtooth SSI Web,Desktop publishing software,FALSE
Scadex Technologies MAESTRO,Data base user interface and query software,FALSE
Scala,Object or component oriented development software,TRUE
Scalable vector graphics SVG,Development environment software,FALSE
ScanSoft Naturally Speaking,Voice recognition software,FALSE
ScanSoft PaperPort Pro,Document management software,FALSE
Scanlon Associates LogPak,Compliance software,FALSE
Scanner imaging,Graphics or photo imaging software,FALSE
Scanning,Optical character reader OCR or scanning software,FALSE
Scantron Technologies eListen,Data base user interface and query software,FALSE
Scantron imaging,Optical character reader OCR or scanning software,FALSE
ScenarioNow RetireNow,Financial analysis software,FALSE
ScheduleVIEW,Calendar and scheduling software,FALSE
Scheduling databases,Data base user interface and query software,FALSE
Schematic capture,Computer aided design CAD software,FALSE
Schematic design entry,Computer aided design CAD software,FALSE
Schematic editors,Computer aided design CAD software,FALSE
Scheme,Development environment software,FALSE
Schlumberger ECLIPSE,Analytical or scientific software,FALSE
Schlumberger GeoFrame,Analytical or scientific software,FALSE
Schlumberger Inside Reality,Computer aided design CAD software,FALSE
Schlumberger PIPESIM,Analytical or scientific software,FALSE
Schlumberger PVTi,Analytical or scientific software,FALSE
Schlumberger Petrel E&P,Analytical or scientific software,FALSE
Schneider Electric CitectSCADA,Industrial control software,FALSE
Schneider Electric Direct Coordination,Analytical or scientific software,FALSE
ScholarCare,Enterprise resource planning ERP software,FALSE
School Attendance Keeper,Data base user interface and query software,FALSE
SchoolDESX,Enterprise resource planning ERP software,FALSE
Schoology,Computer based training software,FALSE
Schuyler House SchuyLab,Medical software,FALSE
SciGraphica,Analytical or scientific software,FALSE
SciLab,Analytical or scientific software,FALSE
SciPy,Object or component oriented development software,FALSE
SciQuest PE TurboChrom,Analytical or scientific software,FALSE
Science educational,Computer based training software,FALSE
Scientech Safety Monitor,Analytical or scientific software,FALSE
Scientech WinNUPRA,Analytical or scientific software,FALSE
Scientific Learning Fast ForWord,Computer based training software,FALSE
Scientific Software Group 3DFATMIC,Computer aided design CAD software,FALSE
Scientific Software Group 3DFEMFAT,Computer aided design CAD software,FALSE
Scientific Software Group AQUA3D,Analytical or scientific software,FALSE
Scientific Software Group AQUASEA,Analytical or scientific software,FALSE
Scientific Software Group AQUIPACK,Analytical or scientific software,FALSE
Scientific Software Group AT123D,Analytical or scientific software,FALSE
Scientific Software Group AquaDyn,Analytical or scientific software,FALSE
Scientific Software Group Aquifer win32,Analytical or scientific software,FALSE
Scientific Software Group BIO1D,Analytical or scientific software,FALSE
Scientific Software Group BIOF&T,Analytical or scientific software,FALSE
Scientific Software Group BIOSLURP,Analytical or scientific software,FALSE
Scientific Software Group BioTrends,Analytical or scientific software,FALSE
Scientific Software Group CHASM,Analytical or scientific software,FALSE
Scientific Software Group ChemGraph,Data base user interface and query software,FALSE
Scientific Software Group DTM,Map creation software,FALSE
Scientific Software Group EVS,Computer aided design CAD software,FALSE
Scientific Software Group Enviro-Base Pro,Data base user interface and query software,FALSE
Scientific Software Group EnviroScape,Analytical or scientific software,FALSE
Scientific Software Group FEFLOW,Analytical or scientific software,FALSE
Scientific Software Group Filter Drain FD,Analytical or scientific software,FALSE
Scientific Software Group GFLOW,Analytical or scientific software,FALSE
Scientific Software Group HYDROGEOCHEM,Analytical or scientific software,FALSE
Scientific Software Group HydroGeo Analyst,Analytical or scientific software,FALSE
Scientific Software Group Infinite Extent,Analytical or scientific software,FALSE
Scientific Software Group MARS 2-D/3-D,Analytical or scientific software,FALSE
Scientific Software Group MIDUSS,Analytical or scientific software,FALSE
Scientific Software Group MIGRATE,Analytical or scientific software,FALSE
Scientific Software Group MINTEQA2,Analytical or scientific software,FALSE
Scientific Software Group MOCDENSE,Analytical or scientific software,FALSE
Scientific Software Group MODFLOWT,Analytical or scientific software,FALSE
Scientific Software Group MODPUMP,Analytical or scientific software,FALSE
Scientific Software Group MODRET,Analytical or scientific software,FALSE
Scientific Software Group MOFAT,Analytical or scientific software,FALSE
Scientific Software Group MOVER,Analytical or scientific software,FALSE
Scientific Software Group MS-VMS,Analytical or scientific software,FALSE
Scientific Software Group MT3D99,Analytical or scientific software,FALSE
Scientific Software Group ModTech,Analytical or scientific software,FALSE
Scientific Software Group MohrView,Analytical or scientific software,FALSE
Scientific Software Group OILVOL,Analytical or scientific software,FALSE
Scientific Software Group POLLUTE,Analytical or scientific software,FALSE
Scientific Software Group QHM,Analytical or scientific software,FALSE
Scientific Software Group QuickSoil,Analytical or scientific software,FALSE
Scientific Software Group RISC WorkBench,Analytical or scientific software,FALSE
Scientific Software Group RMT,Map creation software,FALSE
Scientific Software Group SEQUENCE,Analytical or scientific software,FALSE
Scientific Software Group SESOIL,Analytical or scientific software,FALSE
Scientific Software Group SLAEM/MLAEM,Analytical or scientific software,FALSE
Scientific Software Group SOILPARA,Analytical or scientific software,FALSE
Scientific Software Group SOLUTRANS,Analytical or scientific software,FALSE
Scientific Software Group SURF,Map creation software,FALSE
Scientific Software Group SVFlux,Analytical or scientific software,FALSE
Scientific Software Group SVHeat,Analytical or scientific software,FALSE
Scientific Software Group Soil Vapor Extraction BioSVE,Analytical or scientific software,FALSE
Scientific Software Group StepMaster,Analytical or scientific software,FALSE
Scientific Software Group TUFLOW,Analytical or scientific software,FALSE
Scientific Software Group VAM2D,Analytical or scientific software,FALSE
Scientific Software Group WinFlow,Analytical or scientific software,FALSE
Scientific Software Group WinTran,Analytical or scientific software,FALSE
Scientific Software GroupWHI UnSAT Suite,Data base user interface and query software,FALSE
Scientific Software GroupWinFence,Analytical or scientific software,FALSE
Scientific Software International BILOG-MG,Analytical or scientific software,FALSE
Scientific Software International HLM,Analytical or scientific software,FALSE
Scientific Software International LISREL,Analytical or scientific software,FALSE
Scientific Software International MULTILOG,Analytical or scientific software,FALSE
Scientific Software International PARSCALE,Analytical or scientific software,FALSE
Scientific Software International SSI Hierarchical Linear and Non-Linear Modeling HLM,Analytical or scientific software,FALSE
Scientific Software International SSI LISREL,Analytical or scientific software,FALSE
Scientific Software International TESTFACT,Analytical or scientific software,FALSE
Scientific analysis,Analytical or scientific software,FALSE
Sciforma,Project management software,FALSE
Scikit-learn,Development environment software,FALSE
Scott Systems MaxxTraxx Pro,Facilities management software,FALSE
Screaming Frog SEO Spider,Web platform development software,FALSE
Screen magnification,Device drivers or system software,FALSE
Screen reader,Device drivers or system software,FALSE
Screencast-O-Matic,Video creation and editing software,FALSE
Screencastify,Video creation and editing software,FALSE
Scribus,Desktop publishing software,FALSE
ScriptPerfection Power Writer,Word processing software,FALSE
Scriptella,Metadata management software,FALSE
Scripting,Word processing software,FALSE
SeaMonkey,Internet browser software,FALSE
Seacoast Laboratory Data Systems SurroundLab AR,Accounting software,FALSE
Seacoast Laboratory Data Systems SurroundLab Plus,Medical software,FALSE
Search engine marketing SEM,Sales and marketing software,FALSE
Search engine optimization SEO,Business intelligence and data analysis software,FALSE
Search engine results pages SERP,Data base user interface and query software,FALSE
Searchable online catalogs,Information retrieval or search software,FALSE
Searchmetrics Suite,Business intelligence and data analysis software,FALSE
Seasafe Marine Software Seasafe,Analytical or scientific software,FALSE
Seasia Consulting School Wizard,Enterprise resource planning ERP software,FALSE
Seattle Systems Shapemaker,Computer aided design CAD software,FALSE
Seaworthy Systems Shipboard Automated Maintenance Management SAMM,Facilities management software,FALSE
Seco Tools Seco Point,Inventory management software,FALSE
Second Foundation NaviMeat,Enterprise resource planning ERP software,FALSE
Secure internet filtering,Transaction security and virus protection software,FALSE
Secure shell SSH,Desktop communications software,FALSE
Secure web gateway,Gateway software,FALSE
Securities analysis,Financial analysis software,FALSE
Security assertion markup language SAML,Web platform development software,FALSE
Security incident management,Network security or virtual private network VPN management software,FALSE
Security risk assessment,Transaction security and virus protection software,FALSE
Security testing,Program testing software,FALSE
SeeByte SeeTrack,Analytical or scientific software,FALSE
SeeRite Flash and Match,Computer based training software,FALSE
Seeing Machines faceLAB,Graphical user interface development software,FALSE
Seesaw,Multi-media educational software,FALSE
Segue SilkPerformer,Program testing software,FALSE
Seimens Healthineers,Medical software,FALSE
Seismic Micro-Technology KINGDOM,Analytical or scientific software,FALSE
Seismic interpretation,Analytical or scientific software,FALSE
Seismic visualization,Analytical or scientific software,FALSE
Selectica Contract Performance Management,Data base user interface and query software,FALSE
Selenium,Program testing software,TRUE
Semichem AMPAC,Analytical or scientific software,FALSE
Semicron,Point of sale POS software,FALSE
SendGrid,Electronic mail software,FALSE
Sendouts Recruiting,Human resources software,FALSE
Sensory Computer Systems SIMS,Analytical or scientific software,FALSE
Sentai Pinpoint,Inventory management software,FALSE
Sentient Online MarketPrice,Human resources software,FALSE
SentryOne SQL Sentry,Data base management system software,FALSE
Sequence database,Data base user interface and query software,FALSE
SequentiX TreeMe,Analytical or scientific software,FALSE
Serenic Navigator CommunityCare,Medical software,FALSE
Serenity Software Editor,Word processing software,FALSE
Serif DrawPlus,Graphics or photo imaging software,FALSE
Serif PagePlus,Desktop publishing software,FALSE
ServiceMax,Data base user interface and query software,FALSE
ServiceNow,Data base user interface and query software,TRUE
Session Initiation Protocol SIP,Internet protocol IP multimedia subsystem software,FALSE
Shafer Service,Data base user interface and query software,FALSE
SharedPlan Software SharedPlan Pro,Project management software,FALSE
Sharetech Tabs Plus,Time accounting software,FALSE
SharpCam Ltd. SharpCam,Computer aided manufacturing CAM software,FALSE
Shell script,Operating system software,TRUE
Shilstone seeMIX,Analytical or scientific software,FALSE
Shiny,Object or component oriented development software,FALSE
ShipConstructor,Computer aided design CAD software,FALSE
ShipWorks,Materials requirements planning logistics and supply chain software,FALSE
Shipment processing,Mailing and shipping software,FALSE
Shipping Solutions,Compliance software,FALSE
Shipping and freight management,Materials requirements planning logistics and supply chain software,FALSE
ShootQ photography studio management,Data base user interface and query software,FALSE
ShootZilla,Data base user interface and query software,FALSE
Shop management,Facilities management software,FALSE
Shopify,Point of sale POS software,FALSE
ShoreTel,Communications server software,FALSE
Shortcuts Software Shortcuts Spa,Data base user interface and query software,FALSE
Showing Suite HomeFeedback,Data base user interface and query software,FALSE
Showing Suite HomeFollowup,Data base user interface and query software,FALSE
Showing Suite Showing Calendar,Calendar and scheduling software,FALSE
Showing Suite real estate,Data base user interface and query software,FALSE
Shrodinger Jaguar,Analytical or scientific software,FALSE
SiSense Prism,Data base reporting software,FALSE
Side Effects Houdini,Video creation and editing software,FALSE
Side Effects Software Houdini,Graphics or photo imaging software,FALSE
SideFX Houdini,Graphics or photo imaging software,FALSE
Siemens APOGEE Building Automation,Industrial control software,FALSE
Siemens Energy and Automation,Industrial control software,FALSE
Siemens Hearing Instruments Practice Navigator,Medical software,FALSE
Siemens ModelSim,Analytical or scientific software,FALSE
Siemens NOVIUS Lab,Medical software,FALSE
Siemens NX,Computer aided manufacturing CAM software,FALSE
Siemens PLM,Analytical or scientific software,FALSE
Siemens PSS Product Suite,Analytical or scientific software,FALSE
Siemens Patient Identification Check,Medical software,FALSE
Siemens Power Plant Automation SPPA,Industrial control software,FALSE
Siemens SHELXTL,Analytical or scientific software,FALSE
Siemens SIENET Sky,Medical software,FALSE
Siemens SIMATIC HMI,Industrial control software,FALSE
Siemens SIMATIC STEP 7,Industrial control software,FALSE
Siemens SIMATIC WinCC,Industrial control software,FALSE
Siemens SINUMERIK CNC,Industrial control software,FALSE
Siemens Soarian Financials,Accounting software,FALSE
Siemens Soarian Scheduling,Calendar and scheduling software,FALSE
Siemens Solid Edge,Computer aided design CAD software,FALSE
Siemens Spectrum Power TG,Industrial control software,FALSE
Siemens Spectrum PowerCC Distribution Management,Industrial control software,FALSE
Siemens Teamcenter,Project management software,FALSE
Siemens Teleperm,Industrial control software,FALSE
Siemens UGS Jack,Analytical or scientific software,FALSE
Siemens UGS NX,Computer aided design CAD software,FALSE
Sierra Scientific Software CRIS,Data base user interface and query software,FALSE
SigmaTEK SigmaNEST,Computer aided manufacturing CAM software,FALSE
Sigmetrix CETOL 6 Sigma,Analytical or scientific software,FALSE
Sigmund Software Sigmund Enterprise Management,Medical software,FALSE
SignCAD Systems SignCAD,Computer aided design CAD software,FALSE
Signal analysis,Analytical or scientific software,FALSE
Signal detection,Analytical or scientific software,FALSE
Signal integrity simulation,Analytical or scientific software,FALSE
Signal synthesizers,Analytical or scientific software,FALSE
Signet Nobeltec Catch,Map creation software,FALSE
Silk Road technology OpenHire,Human resources software,FALSE
Silver Peak,Network operating system enhancement software,FALSE
Silverbyte Systems Optima Property Management System PMS,Facilities management software,FALSE
SimWindows,Analytical or scientific software,FALSE
Simple API for XML SAX,Object or component oriented development software,FALSE
Simple DirectMedia Layer SDL,Development environment software,FALSE
Simple Model of the Atmospheric Radiative Transfer of Sunshine SMARTS,Analytical or scientific software,FALSE
Simple mail transfer protocol SMTP,Operating system software,FALSE
Simple network management protocol SNMP,Administration software,FALSE
SimpleClinic Practice Management,Medical software,FALSE
Simplifi pixifi,Data base user interface and query software,FALSE
Simply Hearing Software Simply Hearing OMS,Medical software,FALSE
Simply Studio,Data base user interface and query software,FALSE
Simsol for Adjusters,Financial analysis software,FALSE
Simulation and modeling,Analytical or scientific software,FALSE
Simulation of fires in enclosures SOFIE,Analytical or scientific software,FALSE
Simulation program with integrated circuit emphasis SPICE,Analytical or scientific software,FALSE
Simulation,Analytical or scientific software,FALSE
Simultaneous location and mapping SLAM,Analytical or scientific software,FALSE
Single sign-on SSO,Authentication server software,FALSE
Sirona SIDEXIS XG,Graphics or photo imaging software,FALSE
SirsiDynix Symphony,Library software,FALSE
Sirus GT Construction Accounting,Accounting software,FALSE
Site Manager,Document management software,FALSE
Site mapping,Map creation software,FALSE
Site remediation management,Compliance software,FALSE
SiteComp Survey,Map creation software,FALSE
SiteMaster SiteSmart,Data base user interface and query software,FALSE
Sitecore CMS,Content workflow software,FALSE
Situation resource tracking,Mobile location based services software,FALSE
Skencil,Graphics or photo imaging software,FALSE
SkillSoft SkillPort,Computer based training software,FALSE
SkillTRAN Job Browser Pro,Data base user interface and query software,FALSE
SkillTRAN OASYS,Data base user interface and query software,FALSE
Skylog Services Skylog Pro,Data base user interface and query software,FALSE
Skype,Desktop communications software,FALSE
Skyscape 5-Minute Clinical Consult,Medical software,FALSE
Skyscape AnesthesiaDrugs,Medical software,FALSE
Skyscape Rosen and Barkin's 5-Minute Emergency Medicine Consult,Information retrieval or search software,FALSE
Skyscape medical,Information retrieval or search software,FALSE
Skyward School Management,Enterprise resource planning ERP software,FALSE
Skywire Software InsBridge,Enterprise resource planning ERP software,FALSE
Skywire Software Policyware,Enterprise resource planning ERP software,FALSE
Slack,Cloud-based data access and sharing software,TRUE
Sleep analysis,Medical software,FALSE
Slido interaction,Network conferencing software,FALSE
Small Business Computers of New England AP Easy,Medical software,FALSE
Smalltalk,Object or component oriented development software,FALSE
Smart Data Solutions RS Solutions,Data base user interface and query software,FALSE
Smart Digital Holter Monitor,Medical software,FALSE
Smart Equipment Repair,Data base user interface and query software,FALSE
Smart Link Corporation ImTranslator,Foreign language software,FALSE
Smart Solutions IEP Anywhere,Data base user interface and query software,FALSE
Smart card management,Point of sale POS software,FALSE
SmartBear Software Automated Build Studio,Development environment software,FALSE
SmartBear Software AutomatedQA TestComplete,Program testing software,FALSE
SmartCAMcnc SmartCAM,Computer aided manufacturing CAM software,FALSE
SmartDraw,Process mapping and design software,FALSE
SmartDraw Legal,Graphics or photo imaging software,FALSE
SmartDraw VP,Charting software,FALSE
Smartsheet,Project management software,FALSE
SmithMicro Anime Studio,Graphics or photo imaging software,FALSE
SmithMicro Manga Studio,Graphics or photo imaging software,FALSE
SmithMicro SoftwarePoser,Graphics or photo imaging software,FALSE
Smithsonian Institution digital archives,Information retrieval or search software,FALSE
SmugMug Flickr,Graphics or photo imaging software,FALSE
Snakemake,Analytical or scientific software,FALSE
Snap Survey,Data base user interface and query software,FALSE
Snap-On ShopKey,Facilities management software,FALSE
Sneakers Software DVMax Practice,Medical software,FALSE
Sniffer Investigator,Network monitoring software,FALSE
Snorasson Holdings CCNow,Point of sale POS software,FALSE
Snort,Network monitoring software,FALSE
Snugg Home Snugg Pro,Analytical or scientific software,FALSE
Social Solutions ETO,Medical software,FALSE
Social Work Software ClientTouch,Medical software,FALSE
Social computing,Web page creation and editing software,FALSE
Social media sites,Web page creation and editing software,FALSE
Social network analysis,Analytical or scientific software,FALSE
Social networking platforms,Web page creation and editing software,FALSE
Social networking,Web page creation and editing software,FALSE
Social studies educational,Computer based training software,FALSE
Socorro Scientific Software Refract2K,Analytical or scientific software,FALSE
Socrates Contractor's Library,Word processing software,FALSE
SofTech CADRA,Computer aided design CAD software,FALSE
Soffront CRM Portal,Customer relationship management CRM software,FALSE
Soft Essentials Vending Essentials,Data base user interface and query software,FALSE
Soft Servo Systems LadderWorks PLC,Industrial control software,FALSE
Soft Trac Microix Timesheet,Time accounting software,FALSE
SoftBrands Fourth Shift Edition,Enterprise resource planning ERP software,FALSE
SoftCafe MenuPro,Desktop publishing software,FALSE
SoftCafe ScheduleWriter,Human resources software,FALSE
SoftCare CenterCare,Enterprise resource planning ERP software,FALSE
SoftChalk LessonBuilder,Computer based training software,FALSE
SoftEmpire Electrical Calculations,Analytical or scientific software,FALSE
SoftICE,Analytical or scientific software,FALSE
SoftLab PHEdesign,Analytical or scientific software,FALSE
SoftMed ChartLocater,Document management software,FALSE
SoftMed ChartRelease,Data base reporting software,FALSE
SoftMed ChartReserve,Document management software,FALSE
SoftPro real estate closing and title,Project management software,FALSE
SoftPsych Psychiatric Diagnosis,Medical software,FALSE
SoftRisk Technologies SoftRisk SQL,Data base user interface and query software,FALSE
SoftSource CADview,Computer aided design CAD software,FALSE
SoftZymics VisualEnzymics,Analytical or scientific software,FALSE
SofterWare DonorPerfect,Customer relationship management CRM software,FALSE
SofterWare EZ-CARE2,Enterprise resource planning ERP software,FALSE
Softimage Extreme,Graphics or photo imaging software,FALSE
Softpedia ShopInvo,Point of sale POS software,FALSE
Softphone,Helpdesk or call center software,FALSE
Softrail AEI Automatic Yard Tracking,Industrial control software,FALSE
Softrail AEI Rail & Road Manager,Inventory management software,FALSE
Softrax Revenue Management,Accounting software,FALSE
Softree Technical Systems Terrain,Map creation software,FALSE
Softrip Travel,Customer relationship management CRM software,FALSE
Softstar Costar COCOMO II,Financial analysis software,FALSE
Softtruck CargoWiz,Materials requirements planning logistics and supply chain software,FALSE
Software AG Underwriting Solution,Financial analysis software,FALSE
Software AG enterprise,Data base reporting software,FALSE
Software Bisque CCDSoft,Analytical or scientific software,FALSE
Software Design Associates Computer Fencing System CFS,Project management software,FALSE
Software Motif MyEMR,Medical software,FALSE
Software Technology PracticeMaster,Customer relationship management CRM software,FALSE
Software Technology Tabs3,Accounting software,FALSE
Software as a service SaaS,Cloud-based data access and sharing software,FALSE
Software asset management SAM,Data base user interface and query software,FALSE
Software distribution management,Administration software,FALSE
Software distribution,Configuration management software,FALSE
Software libraries,Development environment software,FALSE
Software on Sailboats Desktop Sales Manager,Customer relationship management CRM software,FALSE
Softworks Global PESoftOne,Computer based training software,FALSE
Softworx Solutions ChiroWrite,Medical software,FALSE
Soil Survey Geographic SSURGO,Data base user interface and query software,FALSE
Soil information databases,Data base user interface and query software,FALSE
Soil mapping,Map creation software,FALSE
SoilVision Systems SVGrainsize,Analytical or scientific software,FALSE
SoilVision Systems SVOFFICE,Data base user interface and query software,FALSE
Sokkia Imap,Map creation software,FALSE
Sokkia Spectrum Survey Suite,Analytical or scientific software,FALSE
SolTrace,Analytical or scientific software,FALSE
Solar Advisor Model,Analytical or scientific software,FALSE
Solar analysis,Analytical or scientific software,FALSE
Solar and Wind Energy Resource Assessment SWERA,Analytical or scientific software,FALSE
SolarWinds,Cloud-based protection or security software,FALSE
Solera Audatex Estimating,Project management software,FALSE
SolidCAM CAM,Computer aided manufacturing CAM software,FALSE
SolidCAM iMachining,Computer aided manufacturing CAM software,FALSE
SolidWorks COSMOSWorks,Analytical or scientific software,FALSE
SolidWorks Enterprise PDM,Project management software,FALSE
Solidity,Development environment software,FALSE
Solution Specialties TRACKER,Data base user interface and query software,FALSE
Solutions Technology & Software HR Premier,Financial analysis software,FALSE
Solutions by Design ScreenPlay,Medical software,FALSE
Solvcalv,Analytical or scientific software,FALSE
Somat eDAQ,Analytical or scientific software,FALSE
Sona Systems Experiment Management,Project management software,FALSE
SonarQube,Program testing software,FALSE
Sonic Studio audio,Music or sound editing software,FALSE
Sonicwall SonicOS Enhanced,Network security or virtual private network VPN management software,FALSE
Sonoma Wire Works RiffWorks,Music or sound editing software,FALSE
Sony Creative Software Vegas Movie Studio,Video creation and editing software,FALSE
Sony Sound Forge,Music or sound editing software,FALSE
Sorenson Media Sorenson Squeeze,Video creation and editing software,FALSE
Sortation,Industrial control software,FALSE
Sound development,Video creation and editing software,FALSE
Sound pressure analysis equipment,Analytical or scientific software,FALSE
SoundPLAN,Analytical or scientific software,FALSE
Source code editor,Program testing software,FALSE
Source code management SCM,Development environment software,FALSE
Source code migration,Development environment software,FALSE
Sourcing Simulator,Procurement software,FALSE
Southern Data Systems TellerPro,Accounting software,FALSE
Southwest Research Institute NASGRO,Analytical or scientific software,FALSE
SpED Forms,Data base user interface and query software,FALSE
Spa management,Data base user interface and query software,FALSE
SpaGuru,Data base user interface and query software,FALSE
Sparta Systems TrackWise,Compliance software,FALSE
SpartaTrac,Medical software,FALSE
Spatial Analysis and Decision Assistance SADA,Analytical or scientific software,FALSE
Spatial decision support systems SDSS,Map creation software,FALSE
Special Agent,Enterprise resource planning ERP software,FALSE
Special Education Student Information System SESIS,Data base user interface and query software,FALSE
Special education educational,Computer based training software,FALSE
Specialist Data Solutions OctoPlus,Medical software,FALSE
Specialized Business Solutions Keystroke POS,Point of sale POS software,FALSE
Specialized Data Systems School Office,Enterprise resource planning ERP software,FALSE
Specialized Data Systems Ultra Farm,Accounting software,FALSE
Specification,Word processing software,FALSE
Specimen labeling,Label making software,FALSE
Specimen tracking,Medical software,FALSE
SpecsInTact,Project management software,FALSE
SpectraMedi EasyFlow,Medical software,FALSE
SpectraQuest,Computer aided design CAD software,FALSE
SpectraSoft AppointmentsCS,Calendar and scheduling software,FALSE
SpectraSoft AppointmentsPRO,Calendar and scheduling software,FALSE
SpectraSoft DocuPRO,Medical software,FALSE
Spectral Dynamics STAR,Analytical or scientific software,FALSE
Spectral Dynamics Star Acoustics,Analytical or scientific software,FALSE
Spectral Dynamics Star Modal,Analytical or scientific software,FALSE
Spectrophotometer analysis,Analytical or scientific software,FALSE
Spectroscopy databases,Data base user interface and query software,FALSE
Spectroscopy,Analytical or scientific software,FALSE
Spectrum K12 School Solutions Encore,Data base user interface and query software,FALSE
Spectrum Software Micro-Cap,Analytical or scientific software,FALSE
Speech analysis,Analytical or scientific software,FALSE
Speech recognition,Voice recognition software,FALSE
SpeedType,Word processing software,FALSE
SpeedUp Trans,Word processing software,FALSE
Speediware SpeedEEO,Human resources software,FALSE
Spellex AccuCount,Spell checkers,FALSE
Spelling and grammar checking,Spell checkers,FALSE
Spillman Technologies Records Management,Data base user interface and query software,FALSE
Spillman Technologies Spillman Computer-Aided Dispatch,Helpdesk or call center software,FALSE
SpiritWorks Software Development Rental Property Tracker Plus,Data base user interface and query software,FALSE
Splunk Enterprise,Cloud-based management software,TRUE
SplutterFish Brazil,Graphics or photo imaging software,FALSE
SportSoft Equipment Manager,Inventory management software,FALSE
Spreadsheet applications,Spreadsheet software,FALSE
Spreadsheet programs,Spreadsheet software,FALSE
Spreadware Business Financial Analysis,Financial analysis software,FALSE
Spreadware Business Valuator,Financial analysis software,FALSE
Spreadware Pro Forma,Financial analysis software,FALSE
Spring Boot,Application server software,TRUE
Spring Framework,Web platform development software,TRUE
Springshare LibGuides,Web platform development software,FALSE
Sprut Technology SprutCAM,Computer aided manufacturing CAM software,FALSE
Square,Point of sale POS software,FALSE
Squeegee,Cloud-based data access and sharing software,FALSE
St. Paul Travelers e-CARMA,Data base user interface and query software,FALSE
Stac Software ReachOut,Desktop communications software,FALSE
Stack smashing protection SSP,Transaction security and virus protection software,FALSE
Staff scheduling,Calendar and scheduling software,FALSE
Staffing Solutions Enterprises Staff Matrix,Human resources software,FALSE
StaffingSoft Staffing Edition,Human resources software,FALSE
Stamps.com,Data base user interface and query software,FALSE
Standard & Poor's Capital IQ Compustat,Information retrieval or search software,FALSE
Standard Installation and Division Personnel Reporting System SIDPERS,Human resources software,FALSE
Standard generalized markup language SGML,Development environment software,FALSE
Standardized general markup language SGML,Development environment software,FALSE
Standpipe Studios Vertabase,Project management software,FALSE
Stanford Business Software MINOS,Analytical or scientific software,FALSE
Stanford Business Software SNOPT,Analytical or scientific software,FALSE
Star Software Fixed Asset Depreciation,Financial analysis software,FALSE
Star Software Materiality Calculator,Financial analysis software,FALSE
Star Tec Software Hercules Export,Materials requirements planning logistics and supply chain software,FALSE
StarData,Analytical or scientific software,FALSE
Starcal,Analytical or scientific software,FALSE
Starkey Laboratories ProHear,Medical software,FALSE
Starpint Software Super Slug,Analytical or scientific software,FALSE
Starre Enterprises Star Bill of Lading,Materials requirements planning logistics and supply chain software,FALSE
StartingAClothingLine.com Digital Fashion Pro,Computer aided design CAD software,FALSE
Stat-Ease Design-Ease,Analytical or scientific software,FALSE
Stat-Ease Design-Expert,Analytical or scientific software,FALSE
StatCoder.com STAT E&M Coder,Medical software,FALSE
StatCom Patient Flow Logistics Enterprise Suite,Medical software,FALSE
StatPac,Analytical or scientific software,FALSE
StatPoint STATGRAPHICS Centurion,Analytical or scientific software,FALSE
StatPoint StatGraphics Plus,Graphics or photo imaging software,FALSE
StataCorp Stata,Analytical or scientific software,FALSE
State Soil Geographic STATSGO Database,Data base user interface and query software,FALSE
State crime information databases,Data base user interface and query software,FALSE
State diagram,Computer aided design CAD software,FALSE
Statgraphics,Analytical or scientific software,FALSE
Static Free Software Electric VLSI Design,Computer aided design CAD software,FALSE
Static analysis,Program testing software,FALSE
Static strength prediction,Analytical or scientific software,FALSE
Statistical Solutions BMDP,Analytical or scientific software,FALSE
Statistical Solutions SOLAS,Analytical or scientific software,FALSE
Statistical energy analysis SEA,Analytical or scientific software,FALSE
Statistical process control SPC data collection devices,Industrial control software,FALSE
Statistical process control SPC,Industrial control software,FALSE
Statistical processing,Analytical or scientific software,FALSE
Statistics databases,Data base user interface and query software,FALSE
Steam System Tool Suite,Analytical or scientific software,FALSE
Steele Mutual Fund and Variable Annuity Expert,Financial analysis software,FALSE
Steinberg Cubase Pro,Music or sound editing software,FALSE
Stellar Processes EZ Sim,Analytical or scientific software,FALSE
Stenco Technologies Farm Trends,Data base user interface and query software,FALSE
Stenograph Case CATalyst,Word processing software,FALSE
Stenovations Digital CAT,Word processing software,FALSE
Stereolithography SLA rapid prototyping,Computer aided manufacturing CAM software,FALSE
Steroplotter,Graphics or photo imaging software,FALSE
Stewart Computational Chemistry MOPAC,Analytical or scientific software,FALSE
Stochastic modeling,Analytical or scientific software,FALSE
Storage area network SAN,Storage networking software,FALSE
Storage management,Backup or archival software,FALSE
Storm Music Studio,Music or sound editing software,FALSE
Stormdance CatsCradle,Foreign language software,FALSE
Stormwater hydrology,Computer aided design CAD software,FALSE
Stormwater runoff modeling,Analytical or scientific software,FALSE
Storymind StoryWeaver,Word processing software,FALSE
StrainSim,Analytical or scientific software,FALSE
Strand7,Analytical or scientific software,FALSE
Strat-Tech Deer Hunting Expert,Analytical or scientific software,FALSE
StrataCare StrataWare eReview,Expert system software,FALSE
Stratasys FDM MedModeler,Analytical or scientific software,FALSE
Strategic BCP ResilienceONE,Enterprise resource planning ERP software,FALSE
Strategic Business Systems Proof of Delivery,Materials requirements planning logistics and supply chain software,FALSE
Strategic Reporting Systems ReportSmith,Data base reporting software,FALSE
Stratford Group INMASS/MRP,Materials requirements planning logistics and supply chain software,FALSE
Stratitec TimeIPS,Compliance software,FALSE
Street address databases,Data base user interface and query software,FALSE
Stress analysis,Analytical or scientific software,FALSE
Stress testing,Program testing software,FALSE
Striker Systems SS-Die Design,Computer aided design CAD software,FALSE
Striker Systems SS-Draw Form,Computer aided design CAD software,FALSE
Striker Systems SS-Profile,Computer aided manufacturing CAM software,FALSE
Striker Systems SS-Punch,Computer aided manufacturing CAM software,FALSE
Striker Systems SS-Strip Design,Computer aided design CAD software,FALSE
String oriented symbolic language SNOBOL,Development environment software,FALSE
Stromberg Enterprise,Time accounting software,FALSE
Strong Concepts TEAPAC,Analytical or scientific software,FALSE
Stroud & Associates Employee Benefits Administration,Human resources software,FALSE
Structural Dynamics StruCAD*3D,Computer aided design CAD software,FALSE
Structure prediction,Analytical or scientific software,FALSE
Structure query language SQL,Data base user interface and query software,FALSE
Structured Query Report SQR,Data base management system software,FALSE
Structured data entry,Data base user interface and query software,FALSE
Structured query language SQL,Data base user interface and query software,TRUE
Student and Exchange Visitor Information System SEVIS,Data base user interface and query software,FALSE
Student information systems SIS,Data base user interface and query software,FALSE
Student record,Data base user interface and query software,FALSE
Studio of Analytical Models STANMOD,Analytical or scientific software,FALSE
StudioCloud,Data base user interface and query software,FALSE
StudioPlus Spectra,Data base user interface and query software,FALSE
StudyManager Sponsor Edition,Data base user interface and query software,FALSE
Style guide databases,Data base user interface and query software,FALSE
Stylite eGroupWare,Project management software,FALSE
Substance Flow Analysis STAN,Analytical or scientific software,FALSE
Substation automation,Industrial control software,FALSE
Substation monitoring,Industrial control software,FALSE
SuccessWare service management,Data base user interface and query software,FALSE
Suddenly Smart SmartBuilder,Computer based training software,FALSE
Sugar CRM,Customer relationship management CRM software,FALSE
SugarCRM Sugar UX,Customer relationship management CRM software,FALSE
SugarSync,Backup or archival software,FALSE
SumQuest,Analytical or scientific software,FALSE
SumTime Software SumTime,Medical software,FALSE
SumTotal Systems ToolBook,Computer based training software,FALSE
SumTotal Systems TotalLMS,Computer based training software,FALSE
Summary Systems Fleet Commander,Materials requirements planning logistics and supply chain software,FALSE
Summation Blaze,Document management software,FALSE
Summit Ordering Systems RvInvoiceWriter,Point of sale POS software,FALSE
Summit Software CarePoint,Medical software,FALSE
Summit Software Summit Biofuels Accounting,Accounting software,FALSE
Sun Microsystems Cobalt,Graphics or photo imaging software,FALSE
Sun Microsystems Java,Object or component oriented development software,FALSE
Sun Microsystems Java Persistence API,Object or component oriented development software,FALSE
Sun Microsystems Java Servlet API,Object or component oriented development software,FALSE
Sun Microsystems Sun ONE,Transaction server software,FALSE
Sun Nuclear MapCHECK,Medical software,FALSE
SunGard BancWare,Financial analysis software,FALSE
SunGard Financial Systems AddVantage,Financial analysis software,FALSE
SunGard Frontier,Financial analysis software,FALSE
SunGard Higher Education Banner Financial Aid,Data base user interface and query software,FALSE
SunGard Higher Education Banner Unified Digital Campus,Enterprise resource planning ERP software,FALSE
SunGard Kiodex Risk Workbench,Financial analysis software,FALSE
SunGard LockBox,Document management software,FALSE
SunGard MicroHedge,Financial analysis software,FALSE
SunGard NotiFind,Network operation system software,FALSE
SunGard Pentamation IEPplus,Data base user interface and query software,FALSE
SunGard PlanningStation,Financial analysis software,FALSE
SunGard Public Sector IFAS,Enterprise resource planning ERP software,FALSE
SunGard WebPlaid,Financial analysis software,FALSE
Sunflow Render,Graphics or photo imaging software,FALSE
Sungard Assurance,Enterprise resource planning ERP software,FALSE
Sungard Higher Education PowerFAIDS,Data base user interface and query software,FALSE
Sungard Relius,Financial analysis software,FALSE
Sunquest Information Systems Sunquest Clinical Financials,Accounting software,FALSE
Sunquest Information Systems Sunquest CoPathPlus,Medical software,FALSE
Sunquest Information Systems Sunquest Collection Manager,Medical software,FALSE
Sunquest Information Systems Sunquest Laboratory,Medical software,FALSE
Sunquest Information Systems Sunquest Transfusion Manager,Medical software,FALSE
Sunrise Software CropSave,Analytical or scientific software,FALSE
SuperANOVA,Analytical or scientific software,FALSE
Supervisory control and data acquisition SCADA,Industrial control software,FALSE
Supply chain capacity planning,Materials requirements planning logistics and supply chain software,FALSE
Supply chain event management,Materials requirements planning logistics and supply chain software,FALSE
Supply documentation,Medical software,FALSE
Supply inventory,Inventory management software,FALSE
Supply ordering,Procurement software,FALSE
Sure Will Writer,Desktop publishing software,FALSE
SureQuest Systems Square 1,Medical software,FALSE
Surface III,Map creation software,FALSE
Surface modeling,Analytical or scientific software,FALSE
Surface water modeling system SMS,Analytical or scientific software,FALSE
Surgery workflow communication,Medical software,FALSE
Surpass management,Library software,FALSE
Survey Sense,Human resources software,FALSE
SurveyWiz,Web page creation and editing software,FALSE
Sustainable Management Approaches and Revitalization Tools SMARTe,Analytical or scientific software,FALSE
Swan River Estimiser Pro,Analytical or scientific software,FALSE
Swan River Software Estimiser Pro,Project management software,FALSE
SwarMala,Music or sound editing software,FALSE
Sweep analysis,Analytical or scientific software,FALSE
SweetWARE SmallPICS,Enterprise resource planning ERP software,FALSE
SweetWARE nutraCoster,Analytical or scientific software,FALSE
SweetWARE nutraCoster Professional,Analytical or scientific software,FALSE
SweetWARE stockCoster,Inventory management software,FALSE
Swisslog WarehouseManager,Materials requirements planning logistics and supply chain software,FALSE
Switch,Switch or router software,FALSE
Sword Achiever Compliance Portal Dashboard,Compliance software,FALSE
SyMetric Sciences SyMetric,Data base user interface and query software,FALSE
SyberWorks Training Center,Computer based training software,FALSE
Syborg Systems MicroTec,Analytical or scientific software,FALSE
Sycle practice management,Medical software,FALSE
Sylvan Software Complete Medical Pharmaceutical Spell Checker,Spell checkers,FALSE
Sylvan Software DropChute Pro,Desktop communications software,FALSE
Sylvan Software ShortCut,Word processing software,FALSE
Symantec Altiris Deployment Solution,Configuration management software,FALSE
Symantec Blue Coat Data Loss Prevention,Network monitoring software,FALSE
Symantec Endpoint Protection,Transaction security and virus protection software,FALSE
Symantec Ghost Solution Suite,Computer imaging software,FALSE
Symantec Intruder Alert,Network monitoring software,FALSE
Symantec LiveState,Backup or archival software,FALSE
Symantec Norton Utilities,Filesystem software,FALSE
Symantec PGP,Network security and virtual private network VPN equipment software,FALSE
Symantec Veritas File,Filesystem software,FALSE
Symantec Veritas NetBackup,Backup or archival software,FALSE
Symantec Veritas Volume Manager,Filesystem software,FALSE
Symantec Visual Cafe,Development environment software,FALSE
Symantec pcAnywhere,Desktop communications software,FALSE
Symark PowerBroker,Access software,FALSE
Symbolic debugger,Program testing software,FALSE
Symmetrica,Analytical or scientific software,FALSE
Symphony GOLD,Materials requirements planning logistics and supply chain software,FALSE
SynDiag,Medical software,FALSE
SynaMed EMR,Medical software,FALSE
Synapse Adaptive Connect Outloud,Internet browser software,FALSE
Synapse outSPOKEN,Device drivers or system software,FALSE
Synaptec LawBase Case Management,Data base user interface and query software,FALSE
Sync Essentials Trade Accountant,Financial analysis software,FALSE
Synergistic Office Solutions SOS Case Manager,Medical software,FALSE
Synergy International Systems Synergy CaseTrack,Data base user interface and query software,FALSE
Synergy Software KaleidaGraph,Analytical or scientific software,FALSE
Synopsys Design Compiler,Analytical or scientific software,FALSE
Synopsys HSIM,Analytical or scientific software,FALSE
Synopsys HSPICE,Analytical or scientific software,FALSE
Synopsys Hercules,Analytical or scientific software,FALSE
Synopsys PrimeTime,Analytical or scientific software,FALSE
Synopsys Saber,Analytical or scientific software,FALSE
Synopsys Taurus Medici,Analytical or scientific software,FALSE
Synopsys TetraMax ATPG,Analytical or scientific software,FALSE
Synopsys electronic design,Analytical or scientific software,FALSE
Synplicity Synplify,Analytical or scientific software,FALSE
Syntactically awesome style sheets SASS,Web platform development software,FALSE
Syntec Systems Insight,Data base user interface and query software,FALSE
Synthematix StructureSearch,Analytical or scientific software,FALSE
Syscon Court Clerk,Project management software,FALSE
Systat Software LISA.lims,Analytical or scientific software,FALSE
Systat Software SigmaPlot,Analytical or scientific software,FALSE
Systat Software SigmaStat,Analytical or scientific software,FALSE
Systat Software TableCurve,Analytical or scientific software,FALSE
System Innovators,Point of sale POS software,FALSE
System and data disaster recovery,Backup or archival software,FALSE
System for Electronic Rate and Form Filing SERFF,Compliance software,FALSE
System testing,Program testing software,FALSE
System3 POS,Point of sale POS software,FALSE
SystemVerilog,Development environment software,FALSE
Systems Union Group MIS DecisionWare,Financial analysis software,FALSE
Systems analysis programs for hands on integrated reliability evaluation software SAPHIRE,Analytical or scientific software,FALSE
Systems and application deployment and migration,Configuration management software,FALSE
Systems and applications migration,Development environment software,FALSE
Systems and data disaster recovery,Backup or archival software,FALSE
Systems integration,Enterprise application integration software,FALSE
Systemware,Document management software,FALSE
TANKS,Analytical or scientific software,FALSE
TCG Technologies i-CAM,Data base user interface and query software,FALSE
TCI XML Credit Interface,Information retrieval or search software,FALSE
TCS Hotel Software Guest Tracker,Facilities management software,FALSE
TEAM Engineering FEMAP,Analytical or scientific software,FALSE
TECHBASE,Analytical or scientific software,FALSE
TECSYS EliteSeries,Materials requirements planning logistics and supply chain software,FALSE
TECSYS PointForce Enterprise,Materials requirements planning logistics and supply chain software,FALSE
TELCOR Billing Information,Billing and invoicing software,FALSE
TELEDYNE CARIS,Map creation software,FALSE
TERRASCIENCES TerraStation,Analytical or scientific software,FALSE
THOMAS Global Register,Information retrieval or search software,FALSE
TIBCO Spotfire,Business intelligence and data analysis software,FALSE
TIBCO Spotfire S+,Business intelligence and data analysis software,FALSE
TKSoftware RCM,Graphical user interface development software,FALSE
TMW Enterprise Transportation Management,Materials requirements planning logistics and supply chain software,FALSE
TMW PowerSuite,Enterprise resource planning ERP software,FALSE
TNS MarketWhys,Analytical or scientific software,FALSE
TNS Miriad,Analytical or scientific software,FALSE
TOPAZ Enterprise Software Suite,Data base user interface and query software,FALSE
TOPS Engineering MaxLoad Pro,Materials requirements planning logistics and supply chain software,FALSE
TOTE code,Development environment software,FALSE
TPNassist,Analytical or scientific software,FALSE
TRACKUM Repair Manager,Data base user interface and query software,FALSE
TRAX Animal Control and Dog Warden Officer,Data base user interface and query software,FALSE
TRC Consultants PHDWin,Analytical or scientific software,FALSE
TRL Software TRANSYT,Analytical or scientific software,FALSE
TRMI Airport AVI,Data base user interface and query software,FALSE
TRS Software TomCADD,Computer aided design CAD software,FALSE
TSS Wireless Fleet Management Suite,Mobile location based services software,FALSE
TTP LabTech comPOUND,Analytical or scientific software,FALSE
TUBA,Data base user interface and query software,FALSE
TURBO Spring-Stat,Analytical or scientific software,FALSE
TabIt,Music or sound editing software,FALSE
TablEdit,Music or sound editing software,FALSE
Tablet application,Mobile operator specific application software,FALSE
Tabs3 PracticeMaster,Data base user interface and query software,FALSE
Tactile graphic production kits,Pattern design software,FALSE
Tadpoles,Desktop communications software,FALSE
Tailor Master,Customer relationship management CRM software,FALSE
Tailwind Management Systems Tailwind,Materials requirements planning logistics and supply chain software,FALSE
Take Solutions PharmaReady Document Management,Document management software,FALSE
Talend Big Data Integration,Data base management system software,FALSE
Talend Data Fabric,Metadata management software,FALSE
Talend Open Studio,Enterprise application integration software,FALSE
TalendForge,Data base management system software,FALSE
Talent Technology HireDesk,Human resources software,FALSE
Talent Technology Resume Mirror,Human resources software,FALSE
Talent Technology Talemetry,Human resources software,FALSE
TalentHook,Human resources software,FALSE
Talisma Knowledgebase,Data base user interface and query software,FALSE
Tangible Media Group Luminous Table,Computer aided design CAD software,FALSE
Tangier Sky Scheduler View,Data base user interface and query software,FALSE
Tangle S Creations Your Insurance Office,Customer relationship management CRM software,FALSE
Tanium,Enterprise system management software,FALSE
Tanner EDA L-Edit,Computer aided design CAD software,FALSE
Tanner EDA T-SPICE,Analytical or scientific software,FALSE
Tanner Research L-Edit,Computer aided design CAD software,FALSE
TapLogic FarmLogic,Data base user interface and query software,FALSE
TapRooT,Analytical or scientific software,FALSE
Tape backup,Backup or archival software,FALSE
Tariff databases,Data base user interface and query software,FALSE
Task analysis,Analytical or scientific software,FALSE
TaskJuggler,Project management software,FALSE
TatukGIS Editor,Geographic information system,FALSE
Tave Studio Manager,Data base user interface and query software,FALSE
Tax accounting,Tax preparation software,FALSE
Tax compliance property tax management,Compliance software,FALSE
Tax planning,Financial analysis software,FALSE
Tcpdump,Network monitoring software,FALSE
TeamDynamixHE,Project management software,FALSE
Tebis computer aided design,Computer aided manufacturing CAM software,FALSE
TechExcel ServiceWise,Customer relationship management CRM software,FALSE
TechHackers Convertible Bond @nalyst,Financial analysis software,FALSE
TechHackers Credit @nalyst,Financial analysis software,FALSE
TechHackers Exotic @nalyst,Financial analysis software,FALSE
TechHackers Financial @nalyst,Financial analysis software,FALSE
TechHackers IRO @nalyst,Financial analysis software,FALSE
TechHackers MBS @nalyst,Financial analysis software,FALSE
TechHackers Swap @nalyst,Financial analysis software,FALSE
TechOnSoftware HazMatCE Pro,Information retrieval or search software,FALSE
TechSmith Camtasia,Video creation and editing software,FALSE
TechSmith Morae,Program testing software,FALSE
TechSmith Snagit,Graphics or photo imaging software,FALSE
Technical Data Management System TDMS,Document management software,FALSE
Technical Perspectives CLASS IEP,Data base user interface and query software,FALSE
Technical manual database,Information retrieval or search software,FALSE
Technicost LOS,Financial analysis software,FALSE
Technis BETAPLUS,Analytical or scientific software,FALSE
Technology Group International Enterprise 21 ERP,Enterprise resource planning ERP software,FALSE
Technomedia Hodes iQ,Human resources software,FALSE
Technos Astra R-Nesting,Computer aided manufacturing CAM software,FALSE
Technos Astra S-Nesting,Computer aided manufacturing CAM software,FALSE
Technovation Software ImmigrationPro,Document management software,FALSE
Techsia Techlog,Analytical or scientific software,FALSE
Tecplot Focus,Analytical or scientific software,FALSE
Tecplot,Analytical or scientific software,FALSE
TekSoft CAMWorks,Computer aided manufacturing CAM software,FALSE
Tekla,Computer aided design CAD software,FALSE
Teknik Segala OSI Plant Information PI,Industrial control software,FALSE
Tektronix EZ-TEST,Analytical or scientific software,FALSE
Telania eLeaP Learning Management System LMS/LCMS,Computer based training software,FALSE
TeleTracking PreAdmit-Tracking,Materials requirements planning logistics and supply chain software,FALSE
Teleconferencing,Video conferencing software,FALSE
Teledyne Odom Hydrographic ODOM eChart,Data base user interface and query software,FALSE
Telelogic System Architect,Analytical or scientific software,FALSE
Telemation e-CRM,Customer relationship management CRM software,FALSE
Telemetry,Medical software,FALSE
Teleo Practice Services The Complete Practitioner,Medical software,FALSE
Telephone analysis,Analytical or scientific software,FALSE
Telephone records,Data base user interface and query software,FALSE
Telephone triage,Medical software,FALSE
Telephony,Internet protocol IP multimedia subsystem software,FALSE
Teleradiology,Medical software,FALSE
Telluride Software Classic Trak-It,Project management software,FALSE
Telnet programs,Network connectivity terminal emulation software,FALSE
Telogis GeoBase,Map creation software,FALSE
Telvent DTN ProphetX,Financial analysis software,FALSE
Telvent Responder Outage Management System OMS,Industrial control software,FALSE
TempWorks recruiting and staffing,Human resources software,FALSE
Template design,Computer aided design CAD software,FALSE
Tenable Nessus,Transaction security and virus protection software,FALSE
Tenrox Project Workforce Management,Project management software,FALSE
Tension Technology International OPTIMOOR,Analytical or scientific software,FALSE
TensorFlow,Analytical or scientific software,TRUE
Teradata Active Enterprise Data Warehouse,Data base user interface and query software,FALSE
Teradata BTEQ,Data base user interface and query software,FALSE
Teradata Database,Data base management system software,TRUE
Teradata FastExport,Document management software,FALSE
Teradata FastLoad,Data mining software,FALSE
Teradata Parallel Transporter,Data mining software,FALSE
Teradata Tpump,Data mining software,FALSE
Teradata,Data base user interface and query software,FALSE
Terminal emulation,Network connectivity terminal emulation software,FALSE
TerraSeer ClusterSeer,Analytical or scientific software,FALSE
Terrace Consulting AgencyInsight,Enterprise resource planning ERP software,FALSE
Terrain surface mapping,Map creation software,FALSE
Terrasolid TerraScan,Analytical or scientific software,FALSE
Tesseract Benefits Manager,Human resources software,FALSE
Tesseract Human Resources Manager,Human resources software,FALSE
Tessitura Network Tessitura,Enterprise resource planning ERP software,FALSE
Test automation,Analytical or scientific software,FALSE
Test data generator,Analytical or scientific software,FALSE
Test design,Program testing software,FALSE
Test implementation,Program testing software,FALSE
Test interpretation,Analytical or scientific software,FALSE
Test result delivery,Medical software,FALSE
Test routing,Medical software,FALSE
Test scoring,Optical character reader OCR or scanning software,FALSE
TestNG,Program testing software,FALSE
Tetrahex Fractal Finance,Financial analysis software,FALSE
Texas Instruments Code Composer Studio CCStudio,Development environment software,FALSE
Texas Medical Software SpringCharts EMR,Medical software,FALSE
Texas Transportation Institute TTI Progression Analysis and Signal System Evaluation Routine PASSER,Analytical or scientific software,FALSE
Text mining,Data mining software,FALSE
Text reader,Computer based training software,FALSE
Text scanning,Optical character reader OCR or scanning software,FALSE
Text to speech,Text to speech conversion software,FALSE
Textco BioSoftware Gene Inspector,Analytical or scientific software,FALSE
Textile Management Systems RollMaster,Data base user interface and query software,FALSE
Textron Systems Geospatial Solutions RemoteView,Analytical or scientific software,FALSE
The Associated Press ENPS,Video creation and editing software,FALSE
The CAD Zone The Crime Zone,Graphics or photo imaging software,FALSE
The Foundry Nuke,Video creation and editing software,FALSE
The Gallagher Group DataCare,Enterprise resource planning ERP software,FALSE
The Garland Group RiskKey,Compliance software,FALSE
The Gene Explorer,Analytical or scientific software,FALSE
The General Store,Point of sale POS software,FALSE
The Gordian Group PROGEN Online,Project management software,FALSE
The Groomer's Write Hand,Data base user interface and query software,FALSE
The Human Equation InSite LMS,Computer based training software,FALSE
The IPIX Real Estate Wizard hometour360 Wizard,Graphics or photo imaging software,FALSE
The MathWizards MathViews,Analytical or scientific software,FALSE
The MathWorks MATLAB,Analytical or scientific software,TRUE
The MathWorks Real-Time Workshop,Analytical or scientific software,FALSE
The MathWorks Signal Processing Toolbox,Analytical or scientific software,FALSE
The MathWorks Stateflow,Analytical or scientific software,FALSE
The MathWorks Symbolic Math Toolbox,Analytical or scientific software,FALSE
The MathWorks Wavelet Toolbox,Analytical or scientific software,FALSE
The Mathworks Control System Toolbox,Analytical or scientific software,FALSE
The Mathworks Data Acquisition Toolbox,Analytical or scientific software,FALSE
The Mathworks Embedded Coder,Analytical or scientific software,FALSE
The Mathworks SimBiology,Analytical or scientific software,FALSE
The Mortgage Office Loan Origination,Financial analysis software,FALSE
The Mortgage Office Loan Servicing,Financial analysis software,FALSE
The Napa Group NAPA,Computer aided design CAD software,FALSE
The Nature Conservancy Weed Information Management System WIMS,Data base user interface and query software,FALSE
The Nutrition Company FoodWorks,Analytical or scientific software,FALSE
The Omni Group OmniPlan,Project management software,FALSE
The Pixel Farm PFTrack,Graphics or photo imaging software,FALSE
The Protein Investigator,Analytical or scientific software,FALSE
The Retail Solution,Point of sale POS software,FALSE
The Sackett Group MacPac for Legal,Word processing software,FALSE
The Systems Workplace TDOCS,Medical software,FALSE
The Tova Company Test of Variables of Attention,Medical software,FALSE
The University of Tennessee FORDISC,Analytical or scientific software,FALSE
The Virtual Genetics Lab,Analytical or scientific software,FALSE
The Weatherization Assistant,Analytical or scientific software,FALSE
The vOICe Learning Edition,Device drivers or system software,FALSE
TherAssist,Medical software,FALSE
TheraClin Systems iMAPR,Medical software,FALSE
TheraManager,Medical software,FALSE
Therapeutic orthoptic,Medical software,FALSE
Thermal Analysis Systems The Energy Analyst,Analytical or scientific software,FALSE
Thermal Dynamics Ground Loop Design GLD,Analytical or scientific software,FALSE
Thermal Radiation Analysis System TRASYS,Analytical or scientific software,FALSE
Thermal Synthesizer System TSS,Analytical or scientific software,FALSE
Thermal analysis,Analytical or scientific software,FALSE
Thermal design,Computer aided design CAD software,FALSE
Thermal indoor climate simulation,Analytical or scientific software,FALSE
Thermo Fisher Scientific Ion Reporter,Analytical or scientific software,FALSE
Thermo Fisher Scientific Laboratory Information Management Systems LIMS,Analytical or scientific software,FALSE
Thermo ToxLab,Analytical or scientific software,FALSE
Thinc Technologies Virtual School,Enterprise resource planning ERP software,FALSE
Think3 ThinkDesign Engineering,Computer aided design CAD software,FALSE
Thomson CompuMark SAEGIS,Information retrieval or search software,FALSE
Thomson Creative Solutions Engagement CS,Financial analysis software,FALSE
Thomson Creative Solutions Financial Analysis CS,Financial analysis software,FALSE
Thomson Dialog,Graphics or photo imaging software,FALSE
Thomson EndNote,Data base user interface and query software,FALSE
Thomson Financial Investext,Information retrieval or search software,FALSE
Thomson GoSystem MyTaxInfo,Spreadsheet software,FALSE
Thomson GoSystem Tax,Tax preparation software,FALSE
Thomson ONE Advisor,Financial analysis software,FALSE
Thomson PPC e-Tools Suite,Financial analysis software,FALSE
Thomson Reuters CLEAR,Data base user interface and query software,FALSE
Thomson Reuters Elite Billing Manager,Billing and invoicing software,FALSE
Thomson Reuters Elite Enterprise,Accounting software,FALSE
Thomson Reuters Elite ProLaw,Project management software,FALSE
Thomson Reuters EndNote,Data base user interface and query software,FALSE
Thomson Reuters FileCabinet CS,Document management software,FALSE
Thomson Reuters GoFileRoom,Content workflow software,FALSE
Thomson Reuters Liquent CoreDossier Submission Accelerator for eCTD,Document management software,FALSE
Thomson Reuters Liquent InSight Suite,Compliance software,FALSE
Thomson Reuters LiveNote Stream,Video creation and editing software,FALSE
Thomson Reuters Paisley Enterprise GRC,Compliance software,FALSE
Thomson Reuters Risk Management,Risk management data and analysis software,FALSE
Thomson Reuters Tradeweb,Financial analysis software,FALSE
Thomson Reuters UltraTax CS,Tax preparation software,FALSE
Thomson Reuters Web of Science,Library software,FALSE
Thomson Reuters Westlaw,Information retrieval or search software,FALSE
Thomson Reuters Westlaw Edge,Information retrieval or search software,FALSE
Thomson Reuters WestlawNext,Information retrieval or search software,FALSE
Thomson Reuters WestlawNext Litigator,Legal management software,FALSE
Thomson Scientific Dialog,Data base user interface and query software,FALSE
Thomson West Cowles Estate Practice,Document management software,FALSE
Thomson West FindLaw,Information retrieval or search software,FALSE
Thomson West LiveNote,Word processing software,FALSE
Thomson West ProLaw,Customer relationship management CRM software,FALSE
Thought Technology BioGraph Infiniti,Analytical or scientific software,FALSE
ThoughtWorks Studio Mingle,Project management software,FALSE
Thoughtful Systems Scheduling Manager for Auto Detailing,Calendar and scheduling software,FALSE
Threaded code compiler,Compiler and decompiler software,FALSE
Three-dimensional 3D computer aided design CAD,Computer aided design CAD software,FALSE
Three-dimensional 3D solid modeling,Computer aided manufacturing CAM software,FALSE
Three-dimensional 3D virtual surgery,Medical software,FALSE
Three-dimensional graphics,Graphics or photo imaging software,FALSE
Three-dimensional modeling,Computer aided design CAD software,FALSE
Three-dimensional motion capture,Analytical or scientific software,FALSE
Three-dimensional parametric design,Computer aided design CAD software,FALSE
Three-dimensional scanning,Optical character reader OCR or scanning software,FALSE
Three-dimensional simulation translation,Analytical or scientific software,FALSE
Thriveworks TherapyBuddy,Calendar and scheduling software,FALSE
Tibco S-PLUS,Analytical or scientific software,FALSE
Tibco Scribe,Analytical or scientific software,FALSE
TickQuest NeoTicker,Charting software,FALSE
Ticket Alternative Express Entry,Optical character reader OCR or scanning software,FALSE
Ticket information tracking,Helpdesk or call center software,FALSE
Ticket issuing,Data base user interface and query software,FALSE
Ticket scanning,Optical character reader OCR or scanning software,FALSE
Tidepool Scientific Software Comprehensive Environmental Toxicity Information System CETIS,Data base user interface and query software,FALSE
Tidepool Scientific Software ToxCalc,Analytical or scientific software,FALSE
Tier generator,Development environment software,FALSE
TietoEnator ProMatch,Financial analysis software,FALSE
Tigerpaw,Customer relationship management CRM software,FALSE
Tigris Cabie,Development environment software,FALSE
TileGem,Computer aided design CAD software,FALSE
Timberlake Consultants OxMetrics,Analytical or scientific software,FALSE
Time and Attendance Collection System TACS,Human resources software,FALSE
Time and attendance,Time accounting software,FALSE
Time and motion analysis,Analytical or scientific software,FALSE
Time and payroll management,Time accounting software,FALSE
Time card,Human resources software,FALSE
Time recording,Time accounting software,FALSE
Time report,Time accounting software,FALSE
Time reporting,Time accounting software,FALSE
Time series modeling TSM,Analytical or scientific software,FALSE
Time sharing option TSO,Compiler and decompiler software,FALSE
Time tracking,Time accounting software,FALSE
TimePlus Payroll,Time accounting software,FALSE
TimePro Legal Software TimePro,Accounting software,FALSE
TimeSolv Legal,Accounting software,FALSE
TimeTrak Systems ClocTrack,Time accounting software,FALSE
TimeTrak Systems SchedTrak,Calendar and scheduling software,FALSE
TimeValue,Financial analysis software,FALSE
Timekeeping,Time accounting software,FALSE
Timeline,Charting software,FALSE
Timing analysis,Analytical or scientific software,FALSE
Timpani Chat,Network conferencing software,FALSE
Timpani Contact Center,Contact center software,FALSE
Timpani Email,Contact center software,FALSE
Tips Standard Securities Calculation Bond Analytics Module,Financial analysis software,FALSE
Tips Standard Securities Calculation Mortgage-Backed Analytics Module,Financial analysis software,FALSE
ToadSoft Toad,Development environment software,FALSE
Token Ring,Switch or router software,FALSE
TokenWorks Magnetic Card Reader,Point of sale POS software,FALSE
TokenX,Data mining software,FALSE
Tolerance analysis,Analytical or scientific software,FALSE
TonalEnergy Tuner & Metronome,Analytical or scientific software,FALSE
Tonality Systems Symoblic Composer,Music or sound editing software,FALSE
Tool center point TCP setting,Industrial control software,FALSE
Tool command language Tcl,Development environment software,FALSE
ToothPics,Medical software,FALSE
Top Systems T-FLEX CAM,Computer aided manufacturing CAM software,FALSE
TopCAATs,Financial analysis software,FALSE
TopDogLegal,Data base user interface and query software,FALSE
TopHat,Analytical or scientific software,FALSE
TopProducer,Customer relationship management CRM software,FALSE
Topaz Software Symplifi (CRM feature),Customer relationship management CRM software,FALSE
Topaz Software Symplifi (business analysis feature),Expert system software,FALSE
Topline Software Solutions Topline Service Manager,Data base user interface and query software,FALSE
Topographic database,Information retrieval or search software,FALSE
Topographic map,Map creation software,FALSE
Torrid Retirement Planner,Financial analysis software,FALSE
Total Officer Personnel Management Information System TOPMIS,Human resources software,FALSE
Total Turnkey Solutions E-Vision,Data base user interface and query software,FALSE
Total quality management TQM,Project management software,FALSE
TouchSuite Salon,Point of sale POS software,FALSE
TourCMS,Data base user interface and query software,FALSE
TourTech Systems TourTools,Customer relationship management CRM software,FALSE
TourWriter,Data base user interface and query software,FALSE
Towers Perrin MoSes,Financial analysis software,FALSE
Toxicology databases,Data base user interface and query software,FALSE
Traceability,Inventory management software,FALSE
Traceroute,Network monitoring software,FALSE
TrackPro Services TrackPro Manager,Accounting software,FALSE
Tracks,Data base user interface and query software,FALSE
Tracware AeroTrac,Enterprise resource planning ERP software,FALSE
Trade Bindery Software Bindery Estimating,Accounting software,FALSE
Trade Bindery Software Bindery Management,Enterprise resource planning ERP software,FALSE
TradeTec Computer Systems TallyWorks Logs,Inventory management software,FALSE
TradeTec TallyWorks Logs,Inventory management software,FALSE
TradeTec TallyWorks TimeTracker,Human resources software,FALSE
TradeTools Financial Market Databases,Information retrieval or search software,FALSE
TradeTools Monthly U.S. Economic Database,Information retrieval or search software,FALSE
Tradesman&apos;s Software Master Estimator,Analytical or scientific software,FALSE
Tradesman's Software Master Estimator,Project management software,FALSE
Tradeweb Markets Tradeweb,Financial analysis software,FALSE
Trading Blox,Financial analysis software,FALSE
Traffic control,Industrial control software,FALSE
Traffic management advisor TMA,Flight control software,FALSE
Traffic record databases,Data base user interface and query software,FALSE
Traffic shapers,Network operating system enhancement software,FALSE
Traffic signal,Industrial control software,FALSE
Trafficware SimTraffic,Computer aided design CAD software,FALSE
Trafficware SynchroGreen,Analytical or scientific software,FALSE
TrainCaster LMS,Computer based training software,FALSE
TrainOnTrack Learning Management System LMS,Computer based training software,FALSE
TranWare Enterprise Suite,Data base user interface and query software,FALSE
Trancite Logic Systems ScenePD,Graphics or photo imaging software,FALSE
Trane System Analyzer,Analytical or scientific software,FALSE
Trane TRACE,Analytical or scientific software,FALSE
Transact-SQL,Data base user interface and query software,TRUE
Transaction accounting,Accounting software,FALSE
Transaction processing,Data base user interface and query software,FALSE
Transas Group PISCES2,Analytical or scientific software,FALSE
Transcend Technologies Group benefitsCONNECT,Human resources software,FALSE
Transcription,Word processing software,FALSE
Transient reactor analysis code TRAC,Analytical or scientific software,FALSE
Transmission line simulators,Analytical or scientific software,FALSE
Transoft Solutions AutoTURN,Computer aided design CAD software,FALSE
Transparent Interconnection of Lots of Links TRILL,Switch or router software,FALSE
TranspoLink BidLeads,Data base user interface and query software,FALSE
Transportation management,Mobile location based services software,FALSE
Transportation management system TMS,Mobile location based services software,FALSE
Transportation planning,Analytical or scientific software,FALSE
Transtek Compass ERP,Enterprise resource planning ERP software,FALSE
Trapcode Particular,Graphics or photo imaging software,FALSE
Travel Agent CMS,Data base user interface and query software,FALSE
TravelCarma,Data base user interface and query software,FALSE
Traverse PC,Map creation software,FALSE
Travii reservation,Data base user interface and query software,FALSE
Travis,Program testing software,FALSE
Travis Software TravisFlex,Human resources software,FALSE
Treasury Enforcement Communications System TECS,Data base user interface and query software,FALSE
Treatment planning,Medical software,FALSE
TreeAge Software TreeAge Pro,Analytical or scientific software,FALSE
TreeView,Analytical or scientific software,FALSE
Treeno Software Treeno Content Server,Document management software,FALSE
Trend Micro TippingPoint,Network security and virtual private network VPN equipment software,FALSE
TrendTracker Compliance Solution,Compliance software,FALSE
Trendsetter Software ProAnalyst,Financial analysis software,FALSE
TriZetto QNXT,Data base user interface and query software,FALSE
TrialWorks,Data base user interface and query software,FALSE
Triangle Research Collaborative Observational Coding System OCS,Analytical or scientific software,FALSE
Trigon Road Forte Leave Management,Human resources software,FALSE
Trigram Software AcuBase Pro,Medical software,FALSE
Trimble AgGPS EZ-Map,Map creation software,FALSE
Trimble AgGPS MultiPlane,Map creation software,FALSE
Trimble CENGEA,Enterprise resource planning ERP software,FALSE
Trimble Digital Fieldbook,Map creation software,FALSE
Trimble Farm Works,Data base user interface and query software,FALSE
Trimble GPS Pathfinder Office,Map creation software,FALSE
Trimble Geomatics Office,Analytical or scientific software,FALSE
Trimble HYDROpro,Map creation software,FALSE
Trimble MyTopo Terrain Navigator Pro,Map creation software,FALSE
Trimble Pathfinder Office,Map creation software,FALSE
Trimble SketchUp Pro,Computer aided design CAD software,TRUE
Trimble TerraSync,Geographic information system,FALSE
Trimble Terramodel,Computer aided design CAD software,FALSE
Trimble Total Control,Analytical or scientific software,FALSE
Trinity Software Solutions BEACON,Medical software,FALSE
Triple G ULTRA Laboratory Information,Analytical or scientific software,FALSE
Triple Point Commodity XL,Financial analysis software,FALSE
Tripod Data Systems COGO,Map creation software,FALSE
Tripod Data Systems Foresight,Computer aided design CAD software,FALSE
Tripod Data,Analytical or scientific software,FALSE
Tripos SYBYL,Analytical or scientific software,FALSE
Tritech Financial Systems General Insurance Management System GIMS,Enterprise resource planning ERP software,FALSE
Triton Elics International Isis,Analytical or scientific software,FALSE
Triton Elics International SeaClass,Analytical or scientific software,FALSE
Trivantis CourseMill,Computer based training software,FALSE
Trivantis Lectora,Computer based training software,FALSE
Trix TracTrix,Data conversion software,FALSE
Tropics Claims Reserve Management,Data base user interface and query software,FALSE
Tropics workers' compensation,Financial analysis software,FALSE
TruckersHelper,Data base user interface and query software,FALSE
True Audio WinSpeakerz,Analytical or scientific software,FALSE
True North Computer Retail Plus,Point of sale POS software,FALSE
TrueCrypt,Network security and virtual private network VPN equipment software,FALSE
Truepianos,Music or sound editing software,FALSE
Tucows ChemBase,Data base user interface and query software,FALSE
Tumbleweed SecureTransport,Transaction server software,FALSE
Tumblr,Web page creation and editing software,FALSE
Tunable Instrument Tuner,Analytical or scientific software,FALSE
TuneLab,Analytical or scientific software,FALSE
Tunic OnlyPure,Analytical or scientific software,FALSE
Turning Technologies TurningPoint,Multi-media educational software,FALSE
Turtle Creek Software Goldenseal,Project management software,FALSE
Turtle Creek Software Goldenseal (accounting feature),Accounting software,FALSE
Turtle Creek Software Goldenseal (calendar and scheduling feature),Calendar and scheduling software,FALSE
Turtle Creek Software Goldenseal (time accounting feature),Time accounting software,FALSE
Turtle Creek Software Goldenseal Architect,Financial analysis software,FALSE
TuxGuitar,Music or sound editing software,FALSE
Twelve Tone Matrix Calculator,Music or sound editing software,FALSE
Twelve Tone Row Analyzer,Music or sound editing software,FALSE
Twiki,Content workflow software,FALSE
Twin Tier Technologies MIMS,Data base user interface and query software,FALSE
Twin Tiers Technologies CIMS,Data base user interface and query software,FALSE
Twin Tiers Technologies MIMS,Data base user interface and query software,FALSE
TwinPeaks Software Visual Z-Bake,Enterprise resource planning ERP software,FALSE
Twitter,Instant messaging software,FALSE
Two-dimensional 2D computer aided design CAD,Computer aided design CAD software,FALSE
Two-dimensional graphics,Graphics or photo imaging software,FALSE
Tyler Technologies MUNIS,Enterprise resource planning ERP software,FALSE
Tyler Technologies Odyssey Case Manager,Project management software,FALSE
TypeScript,Object or component oriented development software,TRUE
U.S. Department of Agriculture USDA National Nutrient Database,Data base user interface and query software,FALSE
U.S. Department of Agriculture USDA WinSRM,Analytical or scientific software,FALSE
UA Business Software Professional Edition,Accounting software,FALSE
UBI Biotracker,Inventory management software,FALSE
UCN inContact Workforce Management Software WFM,Human resources software,FALSE
UDA Technologies ConstructionSuite,Data base user interface and query software,FALSE
UGS I-DEAS,Computer aided design CAD software,FALSE
UGS Solid Edge,Computer aided design CAD software,FALSE
UNI-GROUP Lockpave Pro,Computer aided design CAD software,FALSE
UNI/CARE Pro-Filer,Medical software,FALSE
UNISTAT Statistical Package,Analytical or scientific software,FALSE
UNITIME,Time accounting software,FALSE
UNIX,Operating system software,TRUE
UNIX Shell,Operating system software,TRUE
UNSATFLOW,Analytical or scientific software,FALSE
UPS Intelliverse,Materials requirements planning logistics and supply chain software,FALSE
UPS Logistics Technologies Roadnet Transportation Suite,Materials requirements planning logistics and supply chain software,FALSE
UPS WorldShip,Materials requirements planning logistics and supply chain software,FALSE
USDA Child Nutrition Database,Data base user interface and query software,FALSE
USDA Comet,Analytical or scientific software,FALSE
"USDA Database for Inventory, Monitoring and Assessment (DIMA)",Analytical or scientific software,FALSE
USDA Forest Vegetation Simulator FVS,Analytical or scientific software,FALSE
USDA NRCS Soil Data Viewer,Map creation software,FALSE
USDA NRCS VegSpec,Data base user interface and query software,FALSE
USDA SamplePoint,Analytical or scientific software,FALSE
USPS.com,Materials requirements planning logistics and supply chain software,FALSE
USyCaMs,Computer aided design CAD software,FALSE
UTQUANT,Analytical or scientific software,FALSE
Ubuntu,Operating system software,FALSE
UgCS,Analytical or scientific software,FALSE
Ulead PhotoImpact,Graphics or photo imaging software,FALSE
Ulrichsweb,Library software,FALSE
Ultimate Software UltiPro,Human resources software,FALSE
Ultimate Software UltiPro Workplace,Human resources software,FALSE
Unawave,Project management software,FALSE
Uncamco Ucam,Computer aided manufacturing CAM software,FALSE
Underhill Geomatics Copan,Analytical or scientific software,FALSE
Underware Design DTAB,Music or sound editing software,FALSE
Underwriting,Financial analysis software,FALSE
Unger Software Methusaleh,Financial analysis software,FALSE
UniFocus Watson Human Resources Manager,Human resources software,FALSE
UniResMan,Facilities management software,FALSE
Unicorn HRO Open4,Human resources software,FALSE
Unidata GEMPAK,Analytical or scientific software,FALSE
Unidata Gempak Analysis and Rendering Program GARP,Analytical or scientific software,FALSE
Unidata Integrated Data Viewer IDV,Analytical or scientific software,FALSE
Unidata McIDAS-X,Analytical or scientific software,FALSE
Unidata Network common data form NetCDF,Development environment software,FALSE
Unified messaging,Mobile messaging service software,FALSE
Unified modeling language UML,Requirements analysis and system architecture software,FALSE
Unique Identification UID system databases,Data base user interface and query software,FALSE
Uniscribe,Analytical or scientific software,FALSE
UnisonCare UniCharts,Medical software,FALSE
Unit conversion,Analytical or scientific software,FALSE
Unit testing,Program testing software,FALSE
United Nations Food and Agriculture Organization Livestock and Environment Toolbox LEAD,Analytical or scientific software,FALSE
United Systems and Software Individual Life and Health Administration,Enterprise resource planning ERP software,FALSE
Unity Technologies Unity,Development environment software,FALSE
Universal Software Solutions VersaVision,Medical software,FALSE
Universal Tax Systems TaxWise,Tax preparation software,FALSE
Universal Technical Systems TK Solver,Analytical or scientific software,FALSE
Universal parcel shipping,Materials requirements planning logistics and supply chain software,FALSE
University of Arizona RangeView,Analytical or scientific software,FALSE
University of California Thesaurus Linguae Graecae TLG,Dictionary software,FALSE
Unlimited Learning Resources Valusource Pro,Financial analysis software,FALSE
Unreal Technology Unreal Engine,Development environment software,FALSE
Upland Consulting Group Repair Traq,Project management software,FALSE
Upperspace DesignCAD,Computer aided design CAD software,FALSE
Upperspace ModelCAD,Computer aided design CAD software,FALSE
Upside Learning UpsideLMS,Computer based training software,FALSE
Upside Software UpsideContract,Data base user interface and query software,FALSE
UrbanSim,Computer aided design CAD software,FALSE
Usability testing,Program testing software,FALSE
User interface design,Program testing software,FALSE
UserZoom,Program testing software,FALSE
VAMP/VASP,Analytical or scientific software,FALSE
VASP Data Viewer,Analytical or scientific software,FALSE
VBRhapsody,Music or sound editing software,FALSE
VCG Pointwing,Human resources software,FALSE
VECTORsgi Check Management Solution,Document management software,FALSE
VECTORsgi Image Exchange Solution,Graphics or photo imaging software,FALSE
VERBI MAXQDA,Analytical or scientific software,FALSE
VIA Information Tools MAN-IT,Industrial control software,FALSE
VISICU eICU,Medical software,FALSE
VLC Media Player,Music or sound editing software,FALSE
VME PowerPC VxWorks,Operating system software,FALSE
VMWare ESX Server,Application server software,FALSE
VMWare Workstation,Operating system software,FALSE
VMware,Clustering software,FALSE
VSCOnline VPMi,Project management software,FALSE
VSN International GenStat,Analytical or scientific software,FALSE
VSNi ASReml,Analytical or scientific software,FALSE
VSNi GenStat,Analytical or scientific software,FALSE
VUE Benefits Manager,Human resources software,FALSE
VUE Compensation Management,Human resources software,FALSE
VX Corporation VX Mold & Die,Computer aided design CAD software,FALSE
Valen Technologies Risk Manager,Financial analysis software,FALSE
Valiant Vantage,Time accounting software,FALSE
Valley Agricultural Software DairyCOMP 305,Data base user interface and query software,FALSE
Valley Agricultural Software Feed Watch,Expert system software,FALSE
ValtamTech Flight Crew Log,Calendar and scheduling software,FALSE
ValuSoft MasterCook,Data base user interface and query software,FALSE
ValuSource BIZCOMPS,Financial analysis software,FALSE
Value Analysis,Analytical or scientific software,FALSE
ValueTech Report Builder,Word processing software,FALSE
Vanguard Software Vanguard Sales Manager,Customer relationship management CRM software,FALSE
Vantage MCIF,Customer relationship management CRM software,FALSE
Vantage Point Software HRA,Human resources software,FALSE
VantageMed ChartKeeper,Medical software,FALSE
Variable frequency drive VFD,Industrial control software,FALSE
Varian Medical,Medical software,FALSE
Variogram Estimation and Spatial Prediction plus Error Vesper,Analytical or scientific software,FALSE
Varsity ShipSoft Supply Chain Execution Suite,Materials requirements planning logistics and supply chain software,FALSE
Vasont Content Management,Document management software,FALSE
VayTek VoxBlast,Analytical or scientific software,FALSE
Vebnet FIX&FLEX,Human resources software,FALSE
Vector 35 Binary Ninja,Compiler and decompiler software,FALSE
Vector CANalyzer,Analytical or scientific software,FALSE
Vector CANoe,Development environment software,FALSE
Vector Canape,Analytical or scientific software,FALSE
Vector Fields OPERA-3d,Analytical or scientific software,FALSE
Vector Software VectorCast,Program testing software,FALSE
Vector database,Data base management system software,FALSE
Vector drawing,Graphics or photo imaging software,FALSE
VectorDesigner,Graphics or photo imaging software,FALSE
VectorWorks ARCHITECT,Computer aided design CAD software,FALSE
Vectorworks Designer,Computer aided design CAD software,FALSE
Vectorworks Machine Design,Computer aided design CAD software,FALSE
Vehicle identification number VIN database,Data base user interface and query software,FALSE
Vehicle information databases,Data base user interface and query software,FALSE
Vehicle inspection databases,Data base user interface and query software,FALSE
Vehicle location and tracking,Industrial control software,FALSE
Vehicle management,Data base user interface and query software,FALSE
Velvet,Analytical or scientific software,FALSE
Vendor management,Customer relationship management CRM software,FALSE
Ventsim,Analytical or scientific software,FALSE
Verdict Systems Sanction,Presentation software,FALSE
VeriFone PC Charge Pro,Point of sale POS software,FALSE
Verilog,Development environment software,FALSE
Verispan Patient Parameters,Information retrieval or search software,FALSE
Verisurf Metrology,Industrial control software,FALSE
Veritas NetBackup,Backup or archival software,FALSE
Veritune Verituner,Analytical or scientific software,FALSE
Verity Software House ModFit LT,Analytical or scientific software,FALSE
Verity TELEform,Document management software,FALSE
Vernon Systems Limited Vernon CMS,Data base user interface and query software,FALSE
Vero International VISI-Mould,Computer aided design CAD software,FALSE
Vero International VISI-Series,Computer aided manufacturing CAM software,FALSE
Vero Software ALPHACAM,Computer aided design CAD software,FALSE
Vero Software ALPHACAM Milling,Computer aided manufacturing CAM software,FALSE
Vero Software ALPHACAM Turning,Computer aided manufacturing CAM software,FALSE
Vero Software Edgecam,Computer aided manufacturing CAM software,FALSE
Vero Software PEPS,Computer aided manufacturing CAM software,FALSE
Vero Software RADAN,Computer aided manufacturing CAM software,FALSE
Vero Software SMIRTsoftware,Computer aided manufacturing CAM software,FALSE
Vero Software SURFCAM,Computer aided manufacturing CAM software,FALSE
Vero Software VISI,Computer aided manufacturing CAM software,FALSE
Vero Software WorkNC,Computer aided manufacturing CAM software,FALSE
Vero Software machining STRATEGIST,Computer aided manufacturing CAM software,FALSE
VersaDyne small engine test,Analytical or scientific software,FALSE
Versatile Software Systems VersaSoft Chiro,Medical software,FALSE
Vertafore ImageRight,Data base user interface and query software,FALSE
Vertical Solutions Easy-Farm Accounting,Accounting software,FALSE
Vertican Technologies Collection Master,Accounting software,FALSE
Very high speed integrated circuit VHSIC hardware description language VHDL simulation,Analytical or scientific software,FALSE
Very high-speed integrated circuit VHSIC hardware description language VHDL,Development environment software,FALSE
Vestas Wind Systems A/S Vestas Remote Panel,Industrial control software,FALSE
Vestibular Technologies ScreenTRAK,Medical software,FALSE
Vestibular diagnostic,Medical software,FALSE
Veterinary practice management software PMS,Medical software,FALSE
Vetport,Medical software,FALSE
Vibration analysis,Analytical or scientific software,FALSE
Video analysis,Analytical or scientific software,FALSE
Video conference,Video conferencing software,FALSE
Video content editing,Video creation and editing software,FALSE
Video decoder,Video creation and editing software,FALSE
Video development,Video creation and editing software,FALSE
Video digitizers,Video creation and editing software,FALSE
Video editing,Video creation and editing software,FALSE
Video encoder,Video creation and editing software,FALSE
Video file conversion,Data conversion software,FALSE
Video game,Action games,FALSE
Video production,Video creation and editing software,FALSE
Video retrieval,Information retrieval or search software,FALSE
Videoconferencing,Video conferencing software,FALSE
Vienna Ab-Initio Simulation Package VASP,Analytical or scientific software,FALSE
Vieux & Associates Vflow,Analytical or scientific software,FALSE
Vigilant,Point of sale POS software,FALSE
Vignette Content Management,Content workflow software,FALSE
Vignette Portal,Portal server software,FALSE
Viking data editor,Data base user interface and query software,FALSE
Vimeo,Video creation and editing software,FALSE
Viper,Analytical or scientific software,FALSE
Virage VS Archive,Document management software,FALSE
Virtify eCTD,Document management software,FALSE
Virtual Battlespace 2 VBS2,Analytical or scientific software,FALSE
Virtual Benefits Administrator,Human resources software,FALSE
Virtual Case Management,Project management software,FALSE
Virtual Corporation Sustainable Planner,Enterprise resource planning ERP software,FALSE
Virtual Gibbs CADD/CAM,Computer aided manufacturing CAM software,FALSE
Virtual Router Redundancy Protocol VRRP,Switch or router software,FALSE
Virtual Software Virtual Timecard,Time accounting software,FALSE
Virtual Systems Mail-Shop,Customer relationship management CRM software,FALSE
Virtual instrument,Music or sound editing software,FALSE
Virtual interaction simulator,Analytical or scientific software,FALSE
Virtual local area network management,Network security or virtual private network VPN management software,FALSE
Virtual network computing VNC,Platform interconnectivity software,FALSE
Virtual private networking VPN,Network security or virtual private network VPN management software,FALSE
Virtual reality computed tomography CT imaging,Medical software,FALSE
Virtual reality game,Action games,FALSE
Virtual reality modeling language VRML,Computer aided design CAD software,FALSE
Virtual reality,Graphics or photo imaging software,FALSE
Virtual simulation,Medical software,FALSE
VirtualBoss,Project management software,FALSE
Virus detection,Transaction security and virus protection software,FALSE
Virus protection,Transaction security and virus protection software,FALSE
Virus scanning,Transaction security and virus protection software,FALSE
Vis5d+,Analytical or scientific software,FALSE
Visi-Trak True-Trak 20/20,Computer aided manufacturing CAM software,FALSE
Visible Razor,Configuration management software,FALSE
Vision InfoSoft Plumbing Bid Manager,Project management software,FALSE
Vision Management Consulting IEP PlaNET,Data base user interface and query software,FALSE
VisionScience Software Acuity Pro,Medical software,FALSE
Visionary Legal Technologies Visionary Professional,Presentation software,FALSE
Visionary Medical Systems Visionary OFFICE PM,Medical software,FALSE
Visiv SharpEye,Music or sound editing software,FALSE
Visual Computer Solutions Crossing Guard Scheduling,Calendar and scheduling software,FALSE
Visual Health Information The Trainer's Exercise Toolbox,Desktop publishing software,FALSE
Visual Health Information VHI PC-Kits,Medical software,FALSE
Visual Lease,Data base user interface and query software,FALSE
Visual MODFLOW Pro,Analytical or scientific software,FALSE
Visual Molecular Dynamics VMD,Graphics or photo imaging software,FALSE
Visual Numerics PV-WAVE,Analytical or scientific software,FALSE
Visual Numerics TS-WAVE,Analytical or scientific software,FALSE
Visual OTTHYMO,Analytical or scientific software,FALSE
Visual PAMSPro,Data base user interface and query software,FALSE
Visual Paradigm DB Visual ARCHITECT,Process mapping and design software,FALSE
Visual Retail Plus,Point of sale POS software,FALSE
Visual Solutions VisSIM,Analytical or scientific software,FALSE
Visual Statement Investigator Suite,Computer aided design CAD software,FALSE
Visual Statement Vista FX3 CSI,Graphics or photo imaging software,FALSE
Visual electro diagnostic,Medical software,FALSE
Visualization Sciences Group VSG Avizo Fire,Analytical or scientific software,FALSE
Visualization Sciences Group VSG Open Inventor,Graphics or photo imaging software,FALSE
Vitech Systems Group V3 Benefits Administration,Human resources software,FALSE
Vitera Healthcare Solutions Vitera Intergy,Medical software,FALSE
Vitria M3O Operational Intelligence,Enterprise resource planning ERP software,FALSE
Vivaldi Software Vivaldi Quality Management,Industrial control software,FALSE
ViziFlow,Computer aided design CAD software,FALSE
VocEdit,Word processing software,FALSE
Vogel Scientific Software Group CALACO,Analytical or scientific software,FALSE
Voice activated,Voice recognition software,FALSE
Voice dictation,Voice recognition software,FALSE
Voice over internet protocol VoIP,Internet protocol IP multimedia subsystem software,FALSE
Voice picking,Voice synthesizer and recognition software,FALSE
Voice-activated perio charting,Medical software,FALSE
VoiceThread,Computer based training software,FALSE
Voltage SecureMail,Electronic mail software,FALSE
Voltage-gated ion channels,Analytical or scientific software,FALSE
VorTek Site Assessment of Tornado Threat SATT,Analytical or scientific software,FALSE
Vormetric Application Encryption,Network security or virtual private network VPN management software,FALSE
Vorum Research Corporation CANFIT-PLUS,Computer aided design CAD software,FALSE
Voxco PRONTO,Analytical or scientific software,FALSE
Voxco StatXP,Analytical or scientific software,FALSE
Vue.js,Web platform development software,TRUE
VueCentric MortgageDashboard,Financial analysis software,FALSE
Vulcan Solutions Vulcan Insurance,Enterprise resource planning ERP software,FALSE
Vulkan Graphics API,Video creation and editing software,FALSE
W G Software Tenant File,Data base user interface and query software,FALSE
W-NOMINATE,Analytical or scientific software,FALSE
W3 Data BatchAppend411,Information retrieval or search software,FALSE
WBS Goplan,Project management software,FALSE
WBT Systems TopClass,Video conferencing software,FALSE
WH Software InstaCode,Data base user interface and query software,FALSE
WH Software MasterKey,Inventory management software,FALSE
WHE Term-PAK,Computer aided design CAD software,FALSE
WHONET,Data base user interface and query software,FALSE
WINGRIDDS,Analytical or scientific software,FALSE
WORLD Electronics Freedomware,Analytical or scientific software,FALSE
WRSHealth EMR,Medical software,FALSE
WSI Titan,Analytical or scientific software,FALSE
WSI TrueView Professional,Analytical or scientific software,FALSE
Wageningen MapChart,Medical software,FALSE
Waikato Environment for Knowledge Analysis Weka,Graphical user interface development software,FALSE
Wallingford Software InfoSewer,Analytical or scientific software,FALSE
Wallingford Software InfoWater,Analytical or scientific software,FALSE
Wallingford Software InfoWorks CS,Analytical or scientific software,FALSE
Wallingford Software InfoWorks WS,Analytical or scientific software,FALSE
Walmart Retail Link,Information retrieval or search software,FALSE
Ward Systems Group GeneHunter,Analytical or scientific software,FALSE
Ward Systems Group NeuralShell Predictor,Analytical or scientific software,FALSE
Ward Systems Group NeuroShell Trader,Information retrieval or search software,FALSE
Warehouse management system WMS,Materials requirements planning logistics and supply chain software,FALSE
Wash-Dry-Fold POS,Point of sale POS software,FALSE
Waste management,Compliance software,FALSE
Wastewater expert control,Industrial control software,FALSE
WatchWare Repair Shop,Data base user interface and query software,FALSE
Watchman Monitoring,Transaction security and virus protection software,FALSE
Water Erosion Prediction Project WEPP,Analytical or scientific software,FALSE
Water Soil and Hydro-Environmental Decision Support System WATERSHEDSS,Analytical or scientific software,FALSE
Water flow modeling,Analytical or scientific software,FALSE
Water resources databases,Data base user interface and query software,FALSE
Water surface pressure gradient WSPG,Analytical or scientific software,FALSE
WaterFurnace International Ground Loop Design PREMIER,Analytical or scientific software,FALSE
Waterloo Hydrogeologic AquaChem,Analytical or scientific software,FALSE
Waterloo Hydrogeologic AquiferTest Pro,Analytical or scientific software,FALSE
Waterloo Hydrogeologic FlowPath II,Analytical or scientific software,FALSE
Waterloo Hydrogeologic RBC Tier 2 Analyzer,Analytical or scientific software,FALSE
Waterloo Hydrogeologic TACTIC,Materials requirements planning logistics and supply chain software,FALSE
Waters Empower 2,Data base user interface and query software,FALSE
Waters Empower Chromatography Data,Analytical or scientific software,FALSE
Waters MassLynx,Analytical or scientific software,FALSE
Waters Millennium32,Analytical or scientific software,FALSE
Waters Q-DIS/QM LIMS,Analytical or scientific software,FALSE
Watershed modeling system WMS,Analytical or scientific software,FALSE
Watir,Program testing software,FALSE
Watson Wyatt CompQuest On-Line,Human resources software,FALSE
Watson Wyatt Global Grading,Human resources software,FALSE
Watson Wyatt Reward,Human resources software,FALSE
Watter Hammer Software Hytran,Analytical or scientific software,FALSE
WaveMetrics IGOR Pro,Analytical or scientific software,FALSE
Wavefunction Spartan,Analytical or scientific software,FALSE
Wavefunction Titan,Analytical or scientific software,FALSE
WeVideo,Video creation and editing software,FALSE
WealthCounsel WealthDocs,Document management software,FALSE
WealthEngine Findwealth,Data base user interface and query software,FALSE
WealthTec AllocationPro,Financial analysis software,FALSE
WealthTec Foundations,Financial analysis software,FALSE
WealthTec WealthMaster,Financial analysis software,FALSE
Web Box Activity Tracing System WebBATS,Data base user interface and query software,FALSE
Web Information Solutions Pocket Informant,Customer relationship management CRM software,FALSE
Web Scrapbook,Document management software,FALSE
Web application framework,Web platform development software,FALSE
Web application,Development environment software,FALSE
Web broswer,Internet browser software,FALSE
Web browser,Internet browser software,FALSE
Web conferencing,Video conferencing software,FALSE
Web content management system CMS,Web page creation and editing software,FALSE
Web design,Web page creation and editing software,FALSE
Web editing,Web page creation and editing software,FALSE
Web framework,Web platform development software,FALSE
Web page design and editing,Web page creation and editing software,FALSE
Web page design,Web page creation and editing software,FALSE
Web server,Transaction server software,FALSE
Web service definition language WDSL,Development environment software,FALSE
Web-Est estimating,Project management software,FALSE
Web-administered databases,Data base user interface and query software,FALSE
Web-based dispatch,Mobile location based services software,FALSE
Web-based information,Data base user interface and query software,FALSE
Web-based trading,Financial analysis software,FALSE
WebClarity Software BookWhere,Library software,FALSE
WebEx Sales Center,Presentation software,FALSE
WebEx WebOffice,Data base user interface and query software,FALSE
WebFOCUS,Enterprise application integration software,FALSE
WebPathLab,Medical software,FALSE
WebTrends Analytics,Analytical or scientific software,FALSE
Webinar,Network conferencing software,FALSE
Websense Data Loss Prevention,Network security or virtual private network VPN management software,FALSE
Website creation,Web page creation and editing software,FALSE
Website development,Web page creation and editing software,FALSE
Website management,Web page creation and editing software,FALSE
Webtrends,Sales and marketing software,FALSE
Welford Chart Notes,Medical software,FALSE
Well Flow Dynamics Wellflow,Analytical or scientific software,FALSE
Well logging,Analytical or scientific software,FALSE
Westbrook Fortis,Document management software,FALSE
Western Engravers Supply Vision EXPERT,Computer aided manufacturing CAM software,FALSE
WhatsApp,Instant messaging software,FALSE
Wheatworks Real Estate Calculator Suite,Financial analysis software,FALSE
WheelShop Automation.com Wheel Shop Management Suite,Data base user interface and query software,FALSE
White Clarke North America Credit Adjudication and Lending Management,Financial analysis software,FALSE
WhiteSmoke,Word processing software,FALSE
Whitebirch Software Projected Financials,Financial analysis software,FALSE
WhizLabs,Human resources software,FALSE
WiCAM PN4000,Computer aided manufacturing CAM software,FALSE
Wide Area Workflow WAWF,Materials requirements planning logistics and supply chain software,FALSE
Wide area monitoring system WAMS,Industrial control software,FALSE
Wide area network WAN optimization,Network operating system enhancement software,FALSE
Wide area network WAN,WAN switching software and firmware,FALSE
Wide area remote control,Industrial control software,FALSE
WideOrbit,Video creation and editing software,FALSE
Widisoft WIDI Recognition,Music or sound editing software,FALSE
Wiki,Web page creation and editing software,FALSE
Wilcomp Software RenWeb,Enterprise resource planning ERP software,FALSE
Wilcox Associates PC-DMIS,Analytical or scientific software,FALSE
Wilcox Associates PC-DMIS Inspection Planner,Industrial control software,FALSE
WildPackets OmniPeek Network Analyzer,Network monitoring software,FALSE
Wildland Fire Assessment System WFAS,Data base user interface and query software,FALSE
Wilhelm Publishing Threshold,Word processing software,FALSE
Willoughby Associates MIMSY XG,Data base user interface and query software,FALSE
Wilson's Computer Applications RealEasy Appraisals,Analytical or scientific software,FALSE
Wilson's Computer Applications RealEasy Photos Plus,Graphics or photo imaging software,FALSE
Win CE,Operating system software,FALSE
WinBUGS,Analytical or scientific software,FALSE
WinCity Custom Software WinCity Massage SOAP Notes,Medical software,FALSE
WinCross,Analytical or scientific software,FALSE
WinEPIC,Analytical or scientific software,FALSE
WinEstimator WinEst,Analytical or scientific software,FALSE
WinGap,Analytical or scientific software,FALSE
WinMan SureSell,Point of sale POS software,FALSE
WinMerge,File versioning software,FALSE
WinOcular,Document management software,FALSE
WinSpice,Analytical or scientific software,FALSE
WinTR-55,Analytical or scientific software,FALSE
Winchester Ammunition Ballistics Calculator,Analytical or scientific software,FALSE
Wind River Systems C/C++ Compiler Suite,Development environment software,FALSE
Wind River Systems VxWorks,Operating system software,FALSE
Wind River VxWorks,Operating system software,FALSE
Wind flow modeling,Analytical or scientific software,FALSE
WindSim,Analytical or scientific software,FALSE
Windent OMS,Medical software,FALSE
Windent SQL,Medical software,FALSE
WindowBook Postal Package Partner,Materials requirements planning logistics and supply chain software,FALSE
Windows Embedded Compact,Operating system software,FALSE
Windows Media Player,Music or sound editing software,FALSE
Windows Media Services,Video creation and editing software,FALSE
Windows kernel debuggers,Program testing software,FALSE
Windward Software Windward System Five,Point of sale POS software,FALSE
Windward Technologies GRG2,Analytical or scientific software,FALSE
Winners Programs BirdStud,Data base user interface and query software,FALSE
Winners Programs Uni-Stud,Data base user interface and query software,FALSE
Winsteps,Analytical or scientific software,FALSE
Wintac Pro,Data base user interface and query software,FALSE
WiredRed Software e/pop Basic,Desktop communications software,FALSE
Wireshark,Network monitoring software,FALSE
Wisconsin Physicians Service Insurance CMS Secure Net Access Portal C-SNAP,Medical software,FALSE
WisdomForce DatabaseSync,Metadata management software,FALSE
Wise Solutions Wise for Windows Installer,Configuration management software,FALSE
WizSoft WizRule,Analytical or scientific software,FALSE
WizSoft WizWhy,Data mining software,FALSE
Wolfel IMMI,Analytical or scientific software,FALSE
Wolfram Research Derivatives,Financial analysis software,FALSE
Wolfram Research Mathematica,Analytical or scientific software,FALSE
Wolfram Research Mathematica Finance Essentials,Financial analysis software,FALSE
Wolfram Research Mathematica UnRisk Pricing Engine,Financial analysis software,FALSE
Woll2Woll InfoPower Studio,Data base user interface and query software,FALSE
Wolters Kluwer Financial Services ComplianceOne,Compliance software,FALSE
Wolters Kluwer Loislaw,Information retrieval or search software,FALSE
Wonderware,Industrial control software,FALSE
WoodWing,Web platform development software,FALSE
Woodward MotoTron Control Solutions MotoHawk,Development environment software,FALSE
Word recognition,Voice recognition software,FALSE
WordPerfect,Word processing software,FALSE
WordPress,Web page creation and editing software,TRUE
WordWeb,Data base user interface and query software,FALSE
Words+ E Z Keys for Windows,Voice recognition software,FALSE
Work Technology WorkTech Time,Time accounting software,FALSE
Work inspection,Industrial control software,FALSE
Work order management,Data base user interface and query software,FALSE
Work order,Data base user interface and query software,FALSE
Work record,Time accounting software,FALSE
Work scheduling,Calendar and scheduling software,FALSE
Work time accounting,Time accounting software,FALSE
Work time tracking,Time accounting software,FALSE
WorkForce Software EmpCenter Time and Attendance,Time accounting software,FALSE
WorkSchedule.net,Calendar and scheduling software,FALSE
WorkTech MAXIMO,Enterprise resource planning ERP software,FALSE
Workbrain Employee Scheduling,Calendar and scheduling software,FALSE
Workbrain Time and Attendance,Time accounting software,FALSE
Workcell simulation,Analytical or scientific software,FALSE
Workday,Enterprise resource planning ERP software,TRUE
Workflow International Deskflow Enterprise,Human resources software,FALSE
Workforce management,Human resources software,FALSE
WorkingArtist Systems WorkingArtist,Project management software,FALSE
Workscape HR Service Center,Human resources software,FALSE
Workscape Outsourced Employee Benefits Administration,Human resources software,FALSE
World Health Organization HealthMapper,Analytical or scientific software,FALSE
World Software Corporation Worldox,Document management software,FALSE
World Vector Shoreline,Information retrieval or search software,FALSE
WorldAPP KeySurvey Suite,Data base user interface and query software,FALSE
WorldCat,Library software,FALSE
Worldspan Go!,Data base user interface and query software,FALSE
Worldwide Instructional Design System WIDS,Computer based training software,FALSE
WorthMORE Software CaseWORTH,Data base user interface and query software,FALSE
Wrike,Cloud-based data access and sharing software,FALSE
Write Brothers Dramatica,Word processing software,FALSE
WriteWay Pro,Word processing software,FALSE
Wusik Wusikstation VSTi,Music or sound editing software,FALSE
Wyndgate Technologies ElDorado Donor,Medical software,FALSE
Wyndgate Technologies SafeTrace,Medical software,FALSE
X.25 Protocol,WAN switching software and firmware,FALSE
XATA XATANET,Materials requirements planning logistics and supply chain software,FALSE
XGBoost,Development environment software,FALSE
XGobi,Analytical or scientific software,FALSE
XIFIN,Accounting software,FALSE
XLISP-STAT,Analytical or scientific software,FALSE
XML Path Language XPATH,Development environment software,FALSE
XML User Interface XUI,Development environment software,FALSE
XML authoring,Enterprise application integration software,FALSE
XMetaL Author,Word processing software,FALSE
XNAT,Graphics or photo imaging software,FALSE
XP Software XPSWMM,Analytical or scientific software,FALSE
XT Software energyXT,Music or sound editing software,FALSE
XY Soft Sheet Cutting Suite,Computer aided design CAD software,FALSE
Xactly Compel,Human resources software,FALSE
Xactware Xactimate,Data base user interface and query software,FALSE
Xara Designer Pro,Graphics or photo imaging software,FALSE
Xara Designer Pro X,Graphics or photo imaging software,FALSE
Xcircuit,Computer aided design CAD software,FALSE
Xcode,Development environment software,FALSE
Xerceo Learn,Computer based training software,FALSE
Xerces2 Java Parser,Development environment software,FALSE
Xerox DocuShare,Document management software,FALSE
Xerox FreeFlow Print Server,Document management software,FALSE
Xerox Government systems FIREHOUSE,Human resources software,FALSE
Xerox ProfitQuick,Financial analysis software,FALSE
Xfig,Graphics or photo imaging software,FALSE
Xilinx ISE Foundation,Computer aided design CAD software,FALSE
Xilinx Integrated Software Environment ISE,Computer aided design CAD software,FALSE
Xilinx ModelSim,Computer aided design CAD software,FALSE
Xilinx Synthesis Technology XST,Analytical or scientific software,FALSE
Xilinx TMRTool,Computer aided design CAD software,FALSE
Xitona Software Voice Composer,Music or sound editing software,FALSE
Xperts iep.online,Data base user interface and query software,FALSE
Xplanner,Data base user interface and query software,FALSE
Xyleme Learning Content Management System LCMS,Computer based training software,FALSE
Xythos Enterprise Document Management Suite,Document management software,FALSE
Yahoo! Email,Electronic mail software,FALSE
Yardi Systems Yardi Enterprise,Data base user interface and query software,FALSE
Yardi Systems Yardi Voyager Commercial,Data base user interface and query software,FALSE
"Yardi Systems Yardi Voyager Condo, Co-op, and HOA",Data base user interface and query software,FALSE
Yardi Systems Yardi Voyager Residential,Data base user interface and query software,FALSE
Yardi,Data base user interface and query software,TRUE
Yet another scientific artificial reality application YASARA,Analytical or scientific software,FALSE
Yield management,Project management software,FALSE
Yocum & McKee The Complete AAP,Human resources software,FALSE
Yokogawa FAST/TOOLS,Industrial control software,FALSE
Yost Engineering ABN Assistant,Categorization or classification software,FALSE
Yost Engineering ClaimScrub,Categorization or classification software,FALSE
Yost Engineering CodeSearch Pro,Categorization or classification software,FALSE
Yost Engineering EPStaffCheck,Compliance software,FALSE
Yost Engineering EpiCoder,Categorization or classification software,FALSE
Young Mania Rating Scale,Medical software,FALSE
YourKit Java Profiler,Program testing software,FALSE
ZEMAX Optical Design,Computer aided design CAD software,FALSE
ZYTO LSA Pro,Medical software,FALSE
Zabbix,Network monitoring software,FALSE
ZedX AgFleet,Industrial control software,FALSE
Zemax,Computer aided design CAD software,FALSE
Zend Framework,Web platform development software,FALSE
Zephyr EXTRA! Terminal Emulation,Network connectivity terminal emulation software,FALSE
Ziatek RoofDraw,Computer aided design CAD software,FALSE
Ziiva Prosperity LMS,Computer based training software,FALSE
Zmanda Amanda,Backup or archival software,FALSE
Zocalo,Analytical or scientific software,FALSE
Zoho Projects,Project management software,FALSE
Zoho WebNMS Cell Tower Manager,Analytical or scientific software,FALSE
Zoller,Data base user interface and query software,FALSE
Zone modeling,Analytical or scientific software,FALSE
ZoomWare Screen Magnifier,Device drivers or system software,FALSE
Zoomerang,Data base user interface and query software,FALSE
Zuken CADSTAR,Computer aided design CAD software,FALSE
Zuken E3.schematic,Computer aided design CAD software,FALSE
Zuken electrical design,Computer aided design CAD software,FALSE
Zung Depression Rating Scale,Medical software,FALSE
Zylab ZyImage,File versioning software,FALSE
ZynAddSubFX,Music or sound editing software,FALSE
a la mode Pocket TOTAL,Analytical or scientific software,FALSE
a la mode WinTOTAL,Analytical or scientific software,FALSE
askSam Systems SurfSaver,Data base user interface and query software,FALSE
athenahealth athenaCollector,Medical software,FALSE
bMobile Technology Route Manager,Project management software,FALSE
bMobile Technology Sales,Project management software,FALSE
dBASE,Data base user interface and query software,FALSE
dBASE Plus,Data base user interface and query software,FALSE
dESCO ESC,Data base user interface and query software,FALSE
dSPACE,Document management software,FALSE
dailyVest Investment Personalization Platform,Information retrieval or search software,FALSE
danic Technology,Medical software,FALSE
data M Software COPRA MetalBender,Computer aided design CAD software,FALSE
dbSNP,Analytical or scientific software,FALSE
ddlsoftware.com drivers daily log program DDL,Data base user interface and query software,FALSE
digiChart OB-GYN,Medical software,FALSE
doXstor Flight Level Logbook,Data base user interface and query software,FALSE
doc2MD,Medical software,FALSE
dominKnow Learning Center,Computer based training software,FALSE
dotProject,Project management software,FALSE
dtSearch,Information retrieval or search software,FALSE
e-MDs Bill,Billing and invoicing software,FALSE
e-MDs Chart,Charting software,FALSE
e-MDs DocMan,Document management software,FALSE
e-MDs Schedule,Calendar and scheduling software,FALSE
e-MDs,Medical software,FALSE
e-MDs topsChart,Medical software,FALSE
e-MDs topsE&M Coder,Medical software,FALSE
e-MedRecords CompuKID,Medical software,FALSE
e-check,Point of sale POS software,FALSE
e-on VUE,Computer aided design CAD software,FALSE
e-on software Vue,Graphics or photo imaging software,FALSE
eBuy,Procurement software,FALSE
eChurch.com SchoolPerfect,Enterprise resource planning ERP software,FALSE
eClinicalWorks EHR,Medical software,TRUE
eCredit Enterprise,Financial analysis software,FALSE
eDistrict Internet Solutions eDistrict Unified,Enterprise resource planning ERP software,FALSE
eGrabber ListGrabber,Data mining software,FALSE
eLawSoftware,Data base user interface and query software,FALSE
eMASS,Risk management data and analysis software,FALSE
eMDs Medisoft,Medical software,FALSE
eMDs Practice Partner,Medical software,FALSE
eMoneyAdvisor AdvisorPlatform,Customer relationship management CRM software,FALSE
eOriginal eCore Business Suite,Document management software,FALSE
ePOS Business Solutions System 3 POS,Point of sale POS software,FALSE
ePharmaSolutions eMVR,Data base user interface and query software,FALSE
eProduction Solutions PanSystem,Analytical or scientific software,FALSE
ePsych,Computer based training software,FALSE
eQuest,Human resources software,FALSE
eStara Softphone,Network conferencing software,FALSE
eTakeoff,Project management software,FALSE
eTeleNext AP Anywhere,Medical software,FALSE
eTeleNext LIS,Medical software,FALSE
eTrac,Data base user interface and query software,FALSE
eTritionWare,Enterprise resource planning ERP software,FALSE
eXtensible Business Reporting Language XBRL,Development environment software,FALSE
easyCIS,Development environment software,FALSE
ej-technologies JProfiler,Program testing software,FALSE
espSoftware Employee Schedule Partner,Calendar and scheduling software,FALSE
etouches,Project management software,FALSE
ezChartWriter,Medical software,FALSE
funeralOne Life Tributes,Presentation software,FALSE
g-net solutions MTP,Voice recognition software,FALSE
gEDA,Computer aided design CAD software,FALSE
goQ WordQ,Voice recognition software,FALSE
hSenid Business Solutions HRM Enterprise,Human resources software,FALSE
i-lign,Project management software,FALSE
i.Agri LandMark Farm,Enterprise resource planning ERP software,FALSE
i2 Collaborative Supply Execution,Materials requirements planning logistics and supply chain software,FALSE
i2 Intelligence,Materials requirements planning logistics and supply chain software,FALSE
i2 Supply Chain Visibility,Materials requirements planning logistics and supply chain software,FALSE
i2 Transportation Modeler,Materials requirements planning logistics and supply chain software,FALSE
iAnnotate,Word processing software,FALSE
iCIMS Talent Cloud,Human resources software,FALSE
iChartPlus,Medical software,FALSE
iCode Everest,Inventory management software,FALSE
iEmployee,Human resources software,FALSE
iGrafx,Risk management data and analysis software,FALSE
iKorb Real Estate,Data base reporting software,FALSE
iLinc Communications LearnLinc,Computer based training software,FALSE
iMagic Restaurant Reservation,Calendar and scheduling software,FALSE
iManage document management,Document management software,FALSE
iParadigms Turnitin,Information retrieval or search software,FALSE
iPhotoMEASURE,Graphics or photo imaging software,FALSE
iPro,Enterprise resource planning ERP software,FALSE
iQmetrix RQ4 Retail Management,Point of sale POS software,FALSE
iRealty Manager,Data base user interface and query software,FALSE
iRez Systems Rezware XP7,Facilities management software,FALSE
iShip,Materials requirements planning logistics and supply chain software,FALSE
iSystems Evolution Payroll and Tax Management,Time accounting software,FALSE
iView,Data base user interface and query software,FALSE
iZotope Ozone,Music or sound editing software,FALSE
ifconfig,Administration software,FALSE
inData TrialDirector,Presentation software,FALSE
intelligenz Solutions intelliSpa,Data base user interface and query software,FALSE
interactive Personnel Electronic Records Management System iPERMS,Human resources software,FALSE
interlinkONE,Customer relationship management CRM software,FALSE
ipconfig,Administration software,FALSE
irs-aims MARS,Enterprise resource planning ERP software,FALSE
isolved Time,Time accounting software,FALSE
j2 Global Communications onebox,Helpdesk or call center software,FALSE
jQuery,Web platform development software,TRUE
jalada GmbH Just Translate,Foreign language software,FALSE
mPlexus DICOM RadiX,Medical software,FALSE
medQ Q/ris,Medical software,FALSE
myWriterTools,Word processing software,FALSE
nbtstat,Network monitoring software,FALSE
netstat,Network monitoring software,FALSE
ngrep,Network monitoring software,FALSE
ngspice,Analytical or scientific software,FALSE
pMatlab,Analytical or scientific software,FALSE
pandas,Data base user interface and query software,FALSE
people@work,Enterprise resource planning ERP software,FALSE
peoplefluent Performance,Human resources software,FALSE
peoplefluent Recruiting,Human resources software,FALSE
petroWEB Global Seismic Library,Analytical or scientific software,FALSE
plotutils,Development environment software,FALSE
pm ase QuickBuild,Development environment software,FALSE
poLCA,Analytical or scientific software,FALSE
policyIQ,Compliance software,FALSE
rL Solutions Feedback MonitorPro,Customer relationship management CRM software,FALSE
seoClarity,Web platform development software,FALSE
sim4,Analytical or scientific software,FALSE
simplifyMD,Medical software,FALSE
solidThinking,Computer aided design CAD software,FALSE
spaCy,Object or component oriented development software,FALSE
techniques.org knowledgeWorks LMS,Computer based training software,FALSE
vtiger CRM,Customer relationship management CRM software,FALSE
web2project,Project management software,FALSE
webpack,Web platform development software,FALSE
xQuery,Data base user interface and query software,FALSE
yieldWerx,Analytical or scientific software,FALSE
z-Tree,Analytical or scientific software,FALSE
zkipster,Project management software,FALSE
